,ensembl_gene_id,uniprot_id
0,ENSG00000001626,P13569
1,ENSG00000007923,Q9NVH1
2,ENSG00000008083,Q92833
3,ENSG00000010610,P01730
4,ENSG00000018280,P49279
5,ENSG00000028310,Q9H8M2
6,ENSG00000047621,Q9NQ89
7,ENSG00000047932,Q9HD26
8,ENSG00000073969,P46459
9,ENSG00000074276,Q9BYE9
10,ENSG00000075711,Q12959
11,ENSG00000076770,Q9NUK0
12,ENSG00000077009,Q9NPI5
13,ENSG00000077327,O75602
14,ENSG00000080815,P49768
15,ENSG00000083454,Q93086
16,ENSG00000085998,Q8WZA1
17,ENSG00000088305,Q9UBC3
18,ENSG00000090266,O95178
19,ENSG00000092148,Q9ULT8
20,ENSG00000092330,Q9BSI4
21,ENSG00000094914,Q9NRG9
22,ENSG00000100029,O00541
23,ENSG00000100324,Q15750
24,ENSG00000100372,O43808
25,ENSG00000100519,P62333
26,ENSG00000100926,O15321
27,ENSG00000100968,Q14934
28,ENSG00000103485,Q15274
29,ENSG00000104765,O60238
30,ENSG00000105223,Q8IV08
31,ENSG00000105576,O14787
32,ENSG00000106809,P20774
33,ENSG00000107669,O95260
34,ENSG00000108231,O95970
35,ENSG00000109956,Q9P2W7
36,ENSG00000110077,Q9H2W1
37,ENSG00000111652,Q9UBW8
38,ENSG00000113790,Q08426
39,ENSG00000114450,Q9HAV0
40,ENSG00000115718,P04070
41,ENSG00000115841,Q96LZ7
42,ENSG00000116039,P15313
43,ENSG00000116685,Q8IYS2
44,ENSG00000118495,Q9UM63
45,ENSG00000119280,Q9H425
46,ENSG00000119392,Q53GS7
47,ENSG00000123415,Q53HV7
48,ENSG00000124222,O14662
49,ENSG00000124356,O95630
50,ENSG00000125551,Q02325
51,ENSG00000127955,P63096
52,ENSG00000130226,P42658
53,ENSG00000132535,P78352
54,ENSG00000132693,P02741
55,ENSG00000134324,Q14693
56,ENSG00000135900,Q9H9J2
57,ENSG00000136206,Q8NFV5
58,ENSG00000136286,B0I1T2
59,ENSG00000137103,A6NDV4
60,ENSG00000140264,P84101
61,ENSG00000141161,Q8IWX7
62,ENSG00000141434,Q16820
63,ENSG00000143153,P05026
64,ENSG00000143556,P31151
65,ENSG00000143801,P49810
66,ENSG00000144821,Q9Y2K3
67,ENSG00000145832,Q6ZT89
68,ENSG00000146282,Q5T160
69,ENSG00000147697,Q9BYG8
70,ENSG00000148358,Q5VW38
71,ENSG00000148426,Q86WR7
72,ENSG00000149483,Q9NPI0
73,ENSG00000150672,Q15700
74,ENSG00000152969,Q96N16
75,ENSG00000154743,Q8NCE0
76,ENSG00000154889,Q53F39
77,ENSG00000156603,A0JLT2
78,ENSG00000156873,P15735
79,ENSG00000157601,P20591
80,ENSG00000159069,Q969U6
81,ENSG00000159885,Q9UK12
82,ENSG00000159921,Q9Y223
83,ENSG00000160219,Q8WWW8
84,ENSG00000160948,Q9UK41
85,ENSG00000162599,Q12857
86,ENSG00000163507,Q8TCG1
87,ENSG00000163719,Q8NCE2
88,ENSG00000164172,O96033
89,ENSG00000164172,O96007
90,ENSG00000165119,P61978
91,ENSG00000165699,Q92574
92,ENSG00000166908,Q8TBX8
93,ENSG00000167614,Q9H313
94,ENSG00000167671,Q9BZV1
95,ENSG00000167759,Q9UKR3
96,ENSG00000167766,P51522
97,ENSG00000167986,Q16531
98,ENSG00000168310,P14316
99,ENSG00000168487,P13497
100,ENSG00000168904,Q86X40
101,ENSG00000172456,Q96C11
102,ENSG00000173041,Q8NEM1
103,ENSG00000174405,P49917
104,ENSG00000175182,Q6UXB0
105,ENSG00000175768,Q8N4H5
106,ENSG00000177105,P84095
107,ENSG00000179195,Q8N3J9
108,ENSG00000182973,Q9H9A5
109,ENSG00000183735,Q9UHD2
110,ENSG00000186073,Q9Y2V0
111,ENSG00000186104,Q6VVX0
112,ENSG00000188785,Q8NEK5
113,ENSG00000189144,Q86YE8
114,ENSG00000196586,Q9UM54
115,ENSG00000197302,Q7Z2F6
116,ENSG00000197415,Q14D04
117,ENSG00000197620,Q8TE69
118,ENSG00000198954,Q96EK5
119,ENSG00000203326,Q8N782
120,ENSG00000204179,Q4JDL3
121,ENSG00000204673,Q96B36
122,ENSG00000213160,Q8NBE8
123,ENSG00000241837,P48047
124,ENSG00000243978,Q8NET4
125,ENSG00000003147,Q05084
126,ENSG00000008517,P24001
127,ENSG00000010165,Q8N6R0
128,ENSG00000014641,P40925
129,ENSG00000023697,Q9Y315
130,ENSG00000054523,O60333
131,ENSG00000055950,Q8N983
132,ENSG00000068400,Q4V328
133,ENSG00000069493,Q9UHP7
134,ENSG00000071564,P15923
135,ENSG00000072080,Q13103
136,ENSG00000075151,O43432
137,ENSG00000080802,O95628
138,ENSG00000080823,Q9UQ07
139,ENSG00000081177,Q9NVH0
140,ENSG00000084676,Q15788
141,ENSG00000089472,Q9BQS7
142,ENSG00000091164,O43396
143,ENSG00000095794,Q03060
144,ENSG00000100129,Q9Y262
145,ENSG00000100150,O75140
146,ENSG00000100346,Q9P0X4
147,ENSG00000102195,Q13585
148,ENSG00000103024,Q13232
149,ENSG00000103653,P41240
150,ENSG00000104529,P29692
151,ENSG00000105221,P31751
152,ENSG00000105339,A2RUS2
153,ENSG00000105750,Q03923
154,ENSG00000106278,P23471
155,ENSG00000108387,O43236
156,ENSG00000108622,P13598
157,ENSG00000108799,Q92800
158,ENSG00000109323,O00462
159,ENSG00000110172,Q9UHD1
160,ENSG00000110446,Q8IY34
161,ENSG00000111364,Q8NHQ9
162,ENSG00000117407,Q5T4W7
163,ENSG00000117859,Q96SU4
164,ENSG00000118137,P02647
165,ENSG00000119616,Q9Y324
166,ENSG00000120658,Q8TC92
167,ENSG00000121410,P04217
168,ENSG00000121680,Q9Y5Y5
169,ENSG00000122188,Q8IWV1
170,ENSG00000122420,P43088
171,ENSG00000124459,Q02386
172,ENSG00000124508,Q8WVV5
173,ENSG00000124523,Q9NXA8
174,ENSG00000125046,Q9Y2M2
175,ENSG00000125107,A5YKK6
176,ENSG00000125304,Q99805
177,ENSG00000125731,Q9BRG2
178,ENSG00000126264,Q9UBK5
179,ENSG00000128805,Q7Z5H3
180,ENSG00000129152,P15172
181,ENSG00000130021,Q08623
182,ENSG00000130559,Q5T5Y3
183,ENSG00000131196,O95644
184,ENSG00000133835,P51659
185,ENSG00000134545,P26715
186,ENSG00000134548,Q9BT56
187,ENSG00000135373,Q9NZC4
188,ENSG00000136021,Q6P3W7
189,ENSG00000136631,Q9NRW7
190,ENSG00000137843,Q9NQU5
191,ENSG00000139793,Q5VZF2
192,ENSG00000140299,Q12982
193,ENSG00000140694,O95453
194,ENSG00000141437,Q3SY17
195,ENSG00000141527,Q9BXL6
196,ENSG00000141551,P48730
197,ENSG00000142082,Q9NTG7
198,ENSG00000144741,Q70HW3
199,ENSG00000145384,P12104
200,ENSG00000146109,Q9ULW3
201,ENSG00000147224,P60891
202,ENSG00000147642,Q9NX95
203,ENSG00000149212,P58005
204,ENSG00000153044,Q9H3R5
205,ENSG00000156709,O95831
206,ENSG00000157766,P16112
207,ENSG00000157884,A0PJX0
208,ENSG00000159761,Q6ZW13
209,ENSG00000160223,O75144
210,ENSG00000162739,Q96DU3
211,ENSG00000164362,O14746
212,ENSG00000164430,Q8N884
213,ENSG00000164483,Q8N6K7
214,ENSG00000166226,P78371
215,ENSG00000166682,Q9H3S3
216,ENSG00000166762,Q96P56
217,ENSG00000167257,Q8ND24
218,ENSG00000168356,Q9UI33
219,ENSG00000168481,Q8N145
220,ENSG00000169247,Q8TF17
221,ENSG00000170445,P12081
222,ENSG00000171502,Q17RW2
223,ENSG00000171960,O43447
224,ENSG00000172116,P10966
225,ENSG00000172171,Q96QE5
226,ENSG00000174628,Q8N0W5
227,ENSG00000175183,Q16527
228,ENSG00000177380,O75145
229,ENSG00000177427,Q96C03
230,ENSG00000179600,Q86YW7
231,ENSG00000182698,Q5W5W9
232,ENSG00000183117,Q96PZ7
233,ENSG00000183671,P46091
234,ENSG00000185674,Q86SG7
235,ENSG00000185787,Q9UBU8
236,ENSG00000187048,Q02928
237,ENSG00000187730,O14764
238,ENSG00000187838,Q9NRY6
239,ENSG00000196218,P21817
240,ENSG00000197635,P27487
241,ENSG00000197992,Q6UXN8
242,ENSG00000198521,P17038
243,ENSG00000203705,Q17R31
244,ENSG00000204438,O95872
245,ENSG00000214046,Q9BQ49
246,ENSG00000226929,Q5JQC4
247,ENSG00000228623,P0CG24
248,ENSG00000243678,P22392
249,ENSG00000253710,Q2TAA5
250,ENSG00000259207,P05106
251,ENSG00000275835,Q96RT8
252,ENSG00000011566,Q8IVH8
253,ENSG00000026751,Q9NQ25
254,ENSG00000044459,Q9NXG0
255,ENSG00000060718,P12107
256,ENSG00000064989,Q16602
257,ENSG00000068615,Q9H902
258,ENSG00000072518,Q7KZI7
259,ENSG00000075340,P35612
260,ENSG00000077380,Q13409
261,ENSG00000081148,Q9BZV3
262,ENSG00000083312,Q92973
263,ENSG00000087087,Q9BXP5
264,ENSG00000089693,Q15773
265,ENSG00000090054,O15269
266,ENSG00000095585,Q8WV28
267,ENSG00000099849,Q02833
268,ENSG00000100099,Q9NQG7
269,ENSG00000100298,Q6NTF7
270,ENSG00000100722,Q6PJT7
271,ENSG00000101152,Q9H3Z4
272,ENSG00000101901,Q9NP73
273,ENSG00000102901,Q96BT3
274,ENSG00000103202,O00746
275,ENSG00000103275,P63279
276,ENSG00000104856,Q01201
277,ENSG00000105711,Q07699
278,ENSG00000105835,P43490
279,ENSG00000106244,Q13442
280,ENSG00000106682,Q15056
281,ENSG00000106780,Q9H1U4
282,ENSG00000108669,Q15438
283,ENSG00000109794,A5PLN7
284,ENSG00000110066,Q4FZB7
285,ENSG00000112742,P33981
286,ENSG00000114416,P51114
287,ENSG00000118513,P10242
288,ENSG00000119509,Q9Y283
289,ENSG00000119812,Q8NCA5
290,ENSG00000121690,Q96QD5
291,ENSG00000121940,Q96S66
292,ENSG00000122696,Q9H1U9
293,ENSG00000123992,Q9ULA0
294,ENSG00000124225,Q969W9
295,ENSG00000125447,Q9NZ52
296,ENSG00000127418,Q8N441
297,ENSG00000132002,P25685
298,ENSG00000132341,P62826
299,ENSG00000132554,Q8NE09
300,ENSG00000132563,Q9BRK0
301,ENSG00000133742,P00915
302,ENSG00000133997,O75586
303,ENSG00000134247,Q9P2B2
304,ENSG00000136897,Q8N5N7
305,ENSG00000137074,Q7Z2E3
306,ENSG00000137094,O75953
307,ENSG00000137502,Q15771
308,ENSG00000137804,Q9BXS6
309,ENSG00000138629,Q96S82
310,ENSG00000138821,Q9C0K1
311,ENSG00000139211,Q86SJ2
312,ENSG00000143337,Q5JTV8
313,ENSG00000143776,Q5VT25
314,ENSG00000146926,Q8WXI3
315,ENSG00000148343,Q7L4E1
316,ENSG00000148826,Q9C056
317,ENSG00000149131,P05155
318,ENSG00000149474,Q9H8E8
319,ENSG00000155256,Q5T4F4
320,ENSG00000155666,Q8N371
321,ENSG00000156689,Q8WU03
322,ENSG00000157349,Q9UMR2
323,ENSG00000157554,P11308
324,ENSG00000158423,Q8N443
325,ENSG00000160953,Q2TAK8
326,ENSG00000162687,Q6UVM3
327,ENSG00000163349,Q86Z02
328,ENSG00000163913,Q9HBG6
329,ENSG00000164022,Q12904
330,ENSG00000165280,P55072
331,ENSG00000165732,Q9NR30
332,ENSG00000166352,Q86VG3
333,ENSG00000166926,Q96DS6
334,ENSG00000167751,P20151
335,ENSG00000168002,P62487
336,ENSG00000168453,O43593
337,ENSG00000168476,Q9H6H4
338,ENSG00000168724,Q5F1R6
339,ENSG00000169967,Q9Y2U5
340,ENSG00000170054,Q86WD7
341,ENSG00000170122,Q12950
342,ENSG00000170315,P0CG47
343,ENSG00000170935,A6PVI3
344,ENSG00000170954,Q09FC8
345,ENSG00000171827,Q96NI8
346,ENSG00000172469,Q5SRI9
347,ENSG00000174586,Q6ZNH5
348,ENSG00000179213,Q8N7X8
349,ENSG00000180613,Q9BZM3
350,ENSG00000182552,Q6NW29
351,ENSG00000186854,Q86V40
352,ENSG00000186951,Q07869
353,ENSG00000187733,P0DTE8
354,ENSG00000188385,Q5VZ66
355,ENSG00000188389,Q15116
356,ENSG00000189143,O14493
357,ENSG00000196091,Q00872
358,ENSG00000196503,Q6T311
359,ENSG00000196653,Q8TBZ5
360,ENSG00000197021,Q96DE9
361,ENSG00000197345,Q7Z2W9
362,ENSG00000197548,O95352
363,ENSG00000198561,O60716
364,ENSG00000198967,Q8NGY1
365,ENSG00000204344,P49842
366,ENSG00000204482,O00453
367,ENSG00000205238,Q495Y8
368,ENSG00000205838,Q6PF05
369,ENSG00000213066,O95684
370,ENSG00000221988,Q9UMR5
371,ENSG00000233024,A0A0B4J1W7
372,ENSG00000260916,Q9ULG6
373,ENSG00000267041,A8MQ14
374,ENSG00000269335,Q9Y6K9
375,ENSG00000274070,A6NHX0
376,ENSG00000276581,Q5VU36
377,ENSG00000284770,Q15813
378,ENSG00000005302,Q8N5Y2
379,ENSG00000005483,Q8IZD2
380,ENSG00000006788,Q9UKX3
381,ENSG00000008277,Q9P0K1
382,ENSG00000009724,O00187
383,ENSG00000050165,Q9UBP4
384,ENSG00000058262,P61619
385,ENSG00000063177,Q07020
386,ENSG00000069020,O15021
387,ENSG00000069424,Q13303
388,ENSG00000077684,Q6IE81
389,ENSG00000087191,P62195
390,ENSG00000100554,Q9Y5K8
391,ENSG00000100568,Q9UEU0
392,ENSG00000100726,Q9Y4R8
393,ENSG00000101076,P41235
394,ENSG00000101935,Q9Y4X0
395,ENSG00000102003,P08247
396,ENSG00000102145,P15976
397,ENSG00000103495,P56270
398,ENSG00000105723,P49840
399,ENSG00000107719,Q9ULE6
400,ENSG00000108506,Q9H0H0
401,ENSG00000109103,Q13432
402,ENSG00000112855,P49590
403,ENSG00000114573,P38606
404,ENSG00000114812,P32241
405,ENSG00000115204,P39210
406,ENSG00000118961,Q9H6V9
407,ENSG00000119408,Q9HC98
408,ENSG00000122008,Q9UBT6
409,ENSG00000124596,Q9Y530
410,ENSG00000124786,Q9H1N7
411,ENSG00000126524,Q9Y3A5
412,ENSG00000126561,P42229
413,ENSG00000127990,O43556
414,ENSG00000129219,O14939
415,ENSG00000129493,Q86XA9
416,ENSG00000130294,Q12756
417,ENSG00000130429,O15143
418,ENSG00000130741,P41091
419,ENSG00000131044,Q3SXZ7
420,ENSG00000132359,Q684P5
421,ENSG00000134744,Q5TAX3
422,ENSG00000135316,O60506
423,ENSG00000137154,P62753
424,ENSG00000137414,Q9UBU6
425,ENSG00000137959,Q53G44
426,ENSG00000138068,Q6IMI4
427,ENSG00000138434,P28290
428,ENSG00000138670,Q0VAM2
429,ENSG00000138760,Q14108
430,ENSG00000139160,Q8IXQ9
431,ENSG00000139517,Q8N448
432,ENSG00000140650,O15305
433,ENSG00000142178,P57059
434,ENSG00000142185,O94759
435,ENSG00000144366,Q9UBP9
436,ENSG00000144426,Q6ZS30
437,ENSG00000145736,Q13888
438,ENSG00000147364,Q8TCJ0
439,ENSG00000147576,Q8IWW8
440,ENSG00000147601,P54274
441,ENSG00000148700,Q9UEY8
442,ENSG00000150977,Q969X0
443,ENSG00000151093,Q9NWU1
444,ENSG00000151338,Q8TD10
445,ENSG00000151611,Q8IVH4
446,ENSG00000151838,P0C221
447,ENSG00000152242,Q96B23
448,ENSG00000152601,Q9NR56
449,ENSG00000152942,O75943
450,ENSG00000153234,P43354
451,ENSG00000155085,Q5TCS8
452,ENSG00000155366,P08134
453,ENSG00000155875,Q8IYX7
454,ENSG00000160285,P48449
455,ENSG00000161204,Q9NUQ8
456,ENSG00000163519,Q6PIZ9
457,ENSG00000164144,P53367
458,ENSG00000164794,Q6PIU1
459,ENSG00000165671,Q96L73
460,ENSG00000167476,Q96MG2
461,ENSG00000167525,Q8NCQ7
462,ENSG00000169507,Q08AI6
463,ENSG00000169570,Q8NBA8
464,ENSG00000170417,Q6ZP80
465,ENSG00000170959,M0R2J8
466,ENSG00000171453,O15160
467,ENSG00000172269,Q9H3H5
468,ENSG00000172977,Q92993
469,ENSG00000173285,Q8NGX5
470,ENSG00000174231,Q6P2Q9
471,ENSG00000176809,O60309
472,ENSG00000178105,Q13206
473,ENSG00000178252,Q9NNW5
474,ENSG00000178982,Q9UBQ5
475,ENSG00000179023,Q5VTJ3
476,ENSG00000179094,O15534
477,ENSG00000179832,Q8NDA8
478,ENSG00000181019,P15559
479,ENSG00000181991,P82912
480,ENSG00000182199,P34897
481,ENSG00000183032,Q9BQT8
482,ENSG00000183722,Q9Y693
483,ENSG00000183793,E9PKD4
484,ENSG00000184428,Q969P6
485,ENSG00000185105,A6NDP7
486,ENSG00000185238,O60678
487,ENSG00000185651,P68036
488,ENSG00000185947,Q14586
489,ENSG00000187848,Q9UBL9
490,ENSG00000188219,Q6S8J3
491,ENSG00000189320,Q6UWF9
492,ENSG00000196365,P36776
493,ENSG00000197008,P52744
494,ENSG00000197044,Q8N8Z8
495,ENSG00000197150,Q9NUT2
496,ENSG00000198056,P49642
497,ENSG00000204120,Q6Y7W6
498,ENSG00000213096,O75437
499,ENSG00000213199,Q9UHC3
500,ENSG00000214160,Q92685
501,ENSG00000215717,Q9NRX6
502,ENSG00000216937,Q96M83
503,ENSG00000244486,Q96GP6
504,ENSG00000250844,D6R9N7
505,ENSG00000268104,Q9UN76
506,ENSG00000005882,Q15119
507,ENSG00000010319,Q9NS98
508,ENSG00000011275,Q9NWF9
509,ENSG00000046604,Q14126
510,ENSG00000066468,P21802
511,ENSG00000068024,P56524
512,ENSG00000074054,Q7Z460
513,ENSG00000075089,Q9GZN1
514,ENSG00000075391,Q9UJF2
515,ENSG00000078369,P62873
516,ENSG00000081665,Q5JVG8
517,ENSG00000085871,Q99735
518,ENSG00000087586,O14965
519,ENSG00000090857,Q8NCN5
520,ENSG00000095383,Q9BYX2
521,ENSG00000099341,P48556
522,ENSG00000100462,O14744
523,ENSG00000100603,Q13573
524,ENSG00000101421,Q9H444
525,ENSG00000101812,P0C1H6
526,ENSG00000102100,P78381
527,ENSG00000102119,P50402
528,ENSG00000103168,Q15572
529,ENSG00000105146,Q9UQB9
530,ENSG00000110911,P49281
531,ENSG00000112699,O60547
532,ENSG00000113391,Q8WUF8
533,ENSG00000113889,P01042
534,ENSG00000114942,P24534
535,ENSG00000115275,Q13724
536,ENSG00000115839,Q15042
537,ENSG00000115875,Q16629
538,ENSG00000116539,Q9NR48
539,ENSG00000120251,P42262
540,ENSG00000120949,P28908
541,ENSG00000122545,Q16181
542,ENSG00000125812,Q9H116
543,ENSG00000125846,P52736
544,ENSG00000128284,O95236
545,ENSG00000128340,P15153
546,ENSG00000128595,O43852
547,ENSG00000131115,Q86WZ6
548,ENSG00000131238,P50897
549,ENSG00000132589,Q14254
550,ENSG00000133105,Q8WXD0
551,ENSG00000133424,O95461
552,ENSG00000134539,Q13241
553,ENSG00000136381,P48200
554,ENSG00000136521,O43674
555,ENSG00000137747,Q9BYE2
556,ENSG00000137936,O75815
557,ENSG00000140379,Q16548
558,ENSG00000140798,Q96J65
559,ENSG00000141052,Q8IZQ8
560,ENSG00000141977,Q96Q77
561,ENSG00000142751,Q9H9Y4
562,ENSG00000144357,Q6ZT12
563,ENSG00000145685,Q6ZUX7
564,ENSG00000146757,Q03936
565,ENSG00000147789,P17097
566,ENSG00000149451,Q9BZ11
567,ENSG00000149573,O60487
568,ENSG00000149792,Q13405
569,ENSG00000150768,P10515
570,ENSG00000151475,Q9H0C2
571,ENSG00000151577,P35462
572,ENSG00000152578,P48058
573,ENSG00000157653,Q8TAL5
574,ENSG00000157869,P51157
575,ENSG00000158669,Q86UL3
576,ENSG00000159763,P12273
577,ENSG00000159784,Q86XD5
578,ENSG00000161277,Q8NA92
579,ENSG00000163017,P63267
580,ENSG00000165478,Q14CZ8
581,ENSG00000166797,Q9H5X1
582,ENSG00000167194,Q96LL3
583,ENSG00000167210,Q8IVV2
584,ENSG00000167740,Q8WUJ1
585,ENSG00000168036,P35222
586,ENSG00000168137,Q9C0A6
587,ENSG00000168484,P11686
588,ENSG00000168610,P40763
589,ENSG00000168795,O15062
590,ENSG00000169398,Q05397
591,ENSG00000169684,P30532
592,ENSG00000171421,Q9P0J6
593,ENSG00000172780,Q86YS6
594,ENSG00000173039,Q04206
595,ENSG00000173261,A1L4L8
596,ENSG00000175309,Q8IUZ5
597,ENSG00000177551,Q02577
598,ENSG00000177910,B4DYI2
599,ENSG00000177981,Q9H765
600,ENSG00000178974,Q9NWN3
601,ENSG00000181856,P14672
602,ENSG00000183137,Q8IYX8
603,ENSG00000183840,O43194
604,ENSG00000185024,Q92994
605,ENSG00000185046,Q7Z6G8
606,ENSG00000187764,Q92854
607,ENSG00000188921,Q5VWC8
608,ENSG00000189057,Q6SJ93
609,ENSG00000189067,Q99732
610,ENSG00000196072,Q6QNY1
611,ENSG00000196152,Q15937
612,ENSG00000196684,Q96JZ2
613,ENSG00000197043,P08133
614,ENSG00000198862,O94822
615,ENSG00000204305,Q15109
616,ENSG00000205116,A6NKF7
617,ENSG00000205669,Q3I5F7
618,ENSG00000213760,O95670
619,ENSG00000213967,A6NNF4
620,ENSG00000214026,Q16540
621,ENSG00000219545,C9J7I0
622,ENSG00000228696,Q8IVW1
623,ENSG00000232388,A0A096LP01
624,ENSG00000232399,C9JLJ4
625,ENSG00000243566,Q9BT76
626,ENSG00000257591,Q96I27
627,ENSG00000283329,A0A1B0GVZ2
628,ENSG00000283361,A0A1B0GU71
629,ENSG00000291237,P04179
630,ENSG00000005175,Q9H6T3
631,ENSG00000008086,O76039
632,ENSG00000008441,Q14938
633,ENSG00000010704,Q30201
634,ENSG00000019582,P04233
635,ENSG00000052841,Q96AE7
636,ENSG00000055208,Q9NYJ8
637,ENSG00000056291,Q9Y5X5
638,ENSG00000056487,Q96EK2
639,ENSG00000065183,Q9UNX4
640,ENSG00000069943,Q92521
641,ENSG00000070950,Q9NS91
642,ENSG00000071242,Q15349
643,ENSG00000079215,P43003
644,ENSG00000080572,Q9NQM4
645,ENSG00000089101,Q8NHU2
646,ENSG00000100167,Q9UH03
647,ENSG00000100226,O00178
648,ENSG00000100276,Q92737
649,ENSG00000102471,Q9NV92
650,ENSG00000102904,Q2TAA8
651,ENSG00000103249,P51798
652,ENSG00000104313,Q99502
653,ENSG00000105254,Q99426
654,ENSG00000107147,Q5JUK3
655,ENSG00000109625,Q66K79
656,ENSG00000110237,Q96PE2
657,ENSG00000112874,Q9BQG2
658,ENSG00000114062,Q05086
659,ENSG00000114859,P51788
660,ENSG00000115170,Q04771
661,ENSG00000115935,O43516
662,ENSG00000119772,Q9Y6K1
663,ENSG00000120068,P17481
664,ENSG00000123154,Q9BRX9
665,ENSG00000123191,P35670
666,ENSG00000128596,Q96JN2
667,ENSG00000129518,Q56P03
668,ENSG00000129749,Q9GZZ6
669,ENSG00000131584,Q96P50
670,ENSG00000133048,P36222
671,ENSG00000133731,P29218
672,ENSG00000134851,Q9HC07
673,ENSG00000135333,Q15375
674,ENSG00000136425,O75838
675,ENSG00000137033,O95760
676,ENSG00000137513,Q96I59
677,ENSG00000139163,Q9HBU6
678,ENSG00000140092,Q9UBX5
679,ENSG00000141971,Q96EY5
680,ENSG00000143452,Q86X24
681,ENSG00000143727,P24666
682,ENSG00000144230,Q13304
683,ENSG00000144747,P82094
684,ENSG00000147862,O00712
685,ENSG00000148019,Q5JTW2
686,ENSG00000148604,P47804
687,ENSG00000149591,Q01995
688,ENSG00000150455,P58753
689,ENSG00000151012,Q9UPY5
690,ENSG00000152661,P17302
691,ENSG00000153558,Q9UKC9
692,ENSG00000154222,Q5T0F9
693,ENSG00000154227,Q8IU89
694,ENSG00000155066,Q8N271
695,ENSG00000156026,Q8NE86
696,ENSG00000156486,Q9ULS6
697,ENSG00000156735,O95429
698,ENSG00000156983,P55201
699,ENSG00000158050,Q05923
700,ENSG00000160209,O00764
701,ENSG00000160255,P05107
702,ENSG00000160917,O95639
703,ENSG00000162493,Q86YL7
704,ENSG00000163357,Q5T197
705,ENSG00000163435,P78545
706,ENSG00000163531,O94856
707,ENSG00000163539,O75122
708,ENSG00000163581,P11168
709,ENSG00000163902,P04843
710,ENSG00000164062,P13798
711,ENSG00000164118,Q9C0F1
712,ENSG00000165282,Q8TEQ8
713,ENSG00000165675,Q16206
714,ENSG00000167685,Q8N0Y2
715,ENSG00000168010,Q8NAA4
716,ENSG00000168101,Q9BRJ7
717,ENSG00000168273,Q8WVI0
718,ENSG00000168675,O15165
719,ENSG00000169059,Q9NNX9
720,ENSG00000169085,Q8TAG6
721,ENSG00000171680,O94827
722,ENSG00000172673,Q8N1K5
723,ENSG00000173145,Q8WTT2
724,ENSG00000174611,Q8NBH2
725,ENSG00000174876,P0DTE7
726,ENSG00000175110,P82650
727,ENSG00000176542,Q68DE3
728,ENSG00000177731,Q13045
729,ENSG00000182346,P59103
730,ENSG00000183426,Q9UND3
731,ENSG00000183814,Q5TKA1
732,ENSG00000185040,A6NNV3
733,ENSG00000187736,Q9H9Q4
734,ENSG00000188152,Q5VZR2
735,ENSG00000188566,Q9UHB4
736,ENSG00000196119,Q8NGG7
737,ENSG00000197372,Q8TD23
738,ENSG00000197753,Q8TAF8
739,ENSG00000197961,P58317
740,ENSG00000198556,Q5FWF6
741,ENSG00000198909,Q99759
742,ENSG00000198910,P32004
743,ENSG00000203668,P26374
744,ENSG00000205670,P58511
745,ENSG00000215114,Q14CS0
746,ENSG00000226887,Q9H9K5
747,ENSG00000239672,P15531
748,ENSG00000254126,A6NJW9
749,ENSG00000256870,Q8N695
750,ENSG00000258289,Q8WUH1
751,ENSG00000267680,Q9NZL3
752,ENSG00000282419,A0A0J9YY54
753,ENSG00000005448,Q9H977
754,ENSG00000005801,O14628
755,ENSG00000018869,Q96NG8
756,ENSG00000022556,Q9NX02
757,ENSG00000027075,P24723
758,ENSG00000062282,Q96PD7
759,ENSG00000065618,Q9UMD9
760,ENSG00000073605,Q8TAX9
761,ENSG00000075891,Q02962
762,ENSG00000085832,P42566
763,ENSG00000089820,P98171
764,ENSG00000090686,Q86UV5
765,ENSG00000095397,Q9P202
766,ENSG00000095574,Q9H5V7
767,ENSG00000096093,Q5JVL4
768,ENSG00000101337,Q92544
769,ENSG00000101608,P19105
770,ENSG00000101746,O94818
771,ENSG00000102879,P31146
772,ENSG00000103266,Q9UNE7
773,ENSG00000104755,Q99965
774,ENSG00000104825,Q15653
775,ENSG00000105251,Q96IW2
776,ENSG00000106331,O43316
777,ENSG00000106392,Q9NS00
778,ENSG00000106462,Q15910
779,ENSG00000108187,P30039
780,ENSG00000109685,O96028
781,ENSG00000110756,Q9UPZ3
782,ENSG00000113569,O75694
783,ENSG00000115073,P42025
784,ENSG00000116885,Q8WVF1
785,ENSG00000117620,Q9Y2D2
786,ENSG00000118507,Q9P0M2
787,ENSG00000118507,O43687
788,ENSG00000119787,Q8NHH9
789,ENSG00000119917,O14879
790,ENSG00000121316,Q6P4A8
791,ENSG00000124164,O95292
792,ENSG00000125618,Q06710
793,ENSG00000127328,Q96QF0
794,ENSG00000131100,P36543
795,ENSG00000132017,Q66K64
796,ENSG00000132963,Q9Y244
797,ENSG00000133063,Q13231
798,ENSG00000134313,Q9ULH0
799,ENSG00000134532,P35711
800,ENSG00000136877,Q05932
801,ENSG00000136937,Q09161
802,ENSG00000137760,Q96BT7
803,ENSG00000137821,Q8IUZ0
804,ENSG00000139180,Q16795
805,ENSG00000139626,P26010
806,ENSG00000140545,Q08431
807,ENSG00000140992,O15530
808,ENSG00000141401,O14732
809,ENSG00000144591,Q96IJ6
810,ENSG00000144891,P30556
811,ENSG00000145191,Q13144
812,ENSG00000147123,Q9NX14
813,ENSG00000147548,Q9BZ95
814,ENSG00000148950,Q96LU5
815,ENSG00000149084,Q53GQ0
816,ENSG00000149090,Q6UXH9
817,ENSG00000149311,Q13315
818,ENSG00000149575,O60939
819,ENSG00000151694,P78536
820,ENSG00000154589,Q9Y6Y9
821,ENSG00000154930,Q9NUB1
822,ENSG00000156261,P50990
823,ENSG00000157954,Q9Y4P8
824,ENSG00000162066,Q9Y303
825,ENSG00000162460,A0PJX8
826,ENSG00000162878,Q504Y2
827,ENSG00000163376,Q8NFY9
828,ENSG00000164007,Q8N6F1
829,ENSG00000164253,Q9HAD4
830,ENSG00000165966,Q6ZMN7
831,ENSG00000167419,P22079
832,ENSG00000167634,Q8WX94
833,ENSG00000169154,Q8NHS2
834,ENSG00000171574,Q8IVC4
835,ENSG00000173068,Q6ZN30
836,ENSG00000173480,Q8TAU3
837,ENSG00000173540,Q9Y5P6
838,ENSG00000173889,Q8NDX5
839,ENSG00000174292,Q13470
840,ENSG00000174917,Q5XKP0
841,ENSG00000176083,Q8IZ20
842,ENSG00000177156,P37837
843,ENSG00000178149,Q5D0E6
844,ENSG00000179841,P24588
845,ENSG00000181450,Q5SXM1
846,ENSG00000182944,Q01844
847,ENSG00000183647,Q6P9A1
848,ENSG00000183837,Q9UL41
849,ENSG00000184702,Q99719
850,ENSG00000185739,Q86TD4
851,ENSG00000185825,P51572
852,ENSG00000186994,Q6NY19
853,ENSG00000187815,Q49AA0
854,ENSG00000188175,A8MVW5
855,ENSG00000188313,O15162
856,ENSG00000196352,P08174
857,ENSG00000196504,O75400
858,ENSG00000197070,Q8N5I2
859,ENSG00000197928,Q86XU0
860,ENSG00000198513,Q8WXF7
861,ENSG00000198911,Q12772
862,ENSG00000198939,Q6ZN57
863,ENSG00000206503,P04439
864,ENSG00000217128,Q8TF40
865,ENSG00000218739,A8MTT3
866,ENSG00000221983,P62987
867,ENSG00000226792,A0A1B0GVH6
868,ENSG00000230246,P0DKV0
869,ENSG00000232125,A2CJ06
870,ENSG00000234745,P01889
871,ENSG00000243480,P04746
872,ENSG00000247595,A0A0U1RRN3
873,ENSG00000248767,A0A1W2PRP0
874,ENSG00000254852,E9PIF3
875,ENSG00000256229,Q96H40
876,ENSG00000008838,O75448
877,ENSG00000010244,O43670
878,ENSG00000037241,Q9UNX3
879,ENSG00000048052,Q9UKV0
880,ENSG00000050130,Q9P055
881,ENSG00000059769,Q9H1X3
882,ENSG00000064218,Q9NQL9
883,ENSG00000073584,Q969G3
884,ENSG00000075240,Q6IC98
885,ENSG00000075624,P60709
886,ENSG00000077782,P11362
887,ENSG00000083290,Q8IYT8
888,ENSG00000089639,Q9P107
889,ENSG00000095209,Q9NVV0
890,ENSG00000100109,Q9UBB9
891,ENSG00000100664,P55010
892,ENSG00000101115,Q9UJQ4
893,ENSG00000101349,Q9P286
894,ENSG00000102349,O95600
895,ENSG00000102384,Q92674
896,ENSG00000103018,O43169
897,ENSG00000103051,Q9H9E3
898,ENSG00000104432,P13232
899,ENSG00000104872,Q9NWS0
900,ENSG00000105640,Q02543
901,ENSG00000105676,Q6NXE6
902,ENSG00000105699,Q86X29
903,ENSG00000105825,P48307
904,ENSG00000108591,P55039
905,ENSG00000108771,Q96C10
906,ENSG00000109911,Q96EB1
907,ENSG00000110195,P15328
908,ENSG00000112234,Q9UKA2
909,ENSG00000112473,Q92504
910,ENSG00000112697,Q9NV96
911,ENSG00000112761,O95389
912,ENSG00000113312,Q99614
913,ENSG00000115221,P18564
914,ENSG00000117411,O60909
915,ENSG00000117523,Q9Y520
916,ENSG00000119866,Q9H165
917,ENSG00000122674,P86791
918,ENSG00000124733,Q16626
919,ENSG00000125827,Q9H1E5
920,ENSG00000125944,O43390
921,ENSG00000126088,P06132
922,ENSG00000128059,Q06203
923,ENSG00000128656,P15882
924,ENSG00000128973,Q9NWW5
925,ENSG00000129480,Q96FN9
926,ENSG00000129757,P49918
927,ENSG00000130711,Q9H4Q4
928,ENSG00000130818,Q9BUY5
929,ENSG00000131043,Q9Y312
930,ENSG00000131142,O15444
931,ENSG00000131374,Q92609
932,ENSG00000131845,Q9HCX3
933,ENSG00000133816,O94851
934,ENSG00000134058,P50613
935,ENSG00000134910,P46977
936,ENSG00000135404,P08962
937,ENSG00000135605,P42680
938,ENSG00000136802,Q8IWT6
939,ENSG00000137868,Q9BX79
940,ENSG00000138326,P62847
941,ENSG00000138738,Q9NQX1
942,ENSG00000140199,Q9UHW9
943,ENSG00000140995,Q6ZN54
944,ENSG00000142973,P13584
945,ENSG00000143641,Q10471
946,ENSG00000145675,P27986
947,ENSG00000146574,P86790
948,ENSG00000147481,Q9NSN8
949,ENSG00000149716,Q8WV07
950,ENSG00000151418,Q96LB4
951,ENSG00000152443,Q68DI1
952,ENSG00000152463,Q9NV23
953,ENSG00000153406,Q9HBL8
954,ENSG00000154153,Q9H6L5
955,ENSG00000157796,Q8NEZ3
956,ENSG00000158458,O14511
957,ENSG00000158545,Q86VM9
958,ENSG00000158560,O14576
959,ENSG00000159588,Q96LX7
960,ENSG00000160439,Q8NBN7
961,ENSG00000162302,O75676
962,ENSG00000164053,Q8WXE1
963,ENSG00000164329,Q6PIY7
964,ENSG00000164713,O95415
965,ENSG00000165091,Q8TDI8
966,ENSG00000166598,P14625
967,ENSG00000167881,Q9UHB9
968,ENSG00000170291,Q8TE02
969,ENSG00000171004,Q96MM7
970,ENSG00000171368,O94811
971,ENSG00000172888,Q6ZSS3
972,ENSG00000174473,Q49A17
973,ENSG00000177398,Q5DID0
974,ENSG00000178386,Q9UK11
975,ENSG00000178913,Q15545
976,ENSG00000180488,Q8NAN2
977,ENSG00000181885,O95471
978,ENSG00000182240,Q9Y5Z0
979,ENSG00000183281,Q02325
980,ENSG00000183354,Q5HYC2
981,ENSG00000185359,O14964
982,ENSG00000185619,Q3KNV8
983,ENSG00000186446,Q96CX3
984,ENSG00000187122,O75093
985,ENSG00000187123,Q86Y78
986,ENSG00000187860,Q569K6
987,ENSG00000188321,Q9BR84
988,ENSG00000197124,O95780
989,ENSG00000198879,Q5VUG0
990,ENSG00000204356,P18615
991,ENSG00000205403,P05156
992,ENSG00000213619,O75489
993,ENSG00000214960,A4D126
994,ENSG00000225327,A6NCW0
995,ENSG00000236446,P0C2W7
996,ENSG00000237330,E7ERA6
997,ENSG00000254206,E5RHQ5
998,ENSG00000256061,Q8WXU2
999,ENSG00000260428,Q7RTU7
1000,ENSG00000274211,O14512
1001,ENSG00000284479,A0A1B0GW54
1002,ENSG00000010818,P31629
1003,ENSG00000043143,Q9NQC1
1004,ENSG00000047346,Q32MH5
1005,ENSG00000061337,Q9Y250
1006,ENSG00000062485,O75390
1007,ENSG00000067992,Q15120
1008,ENSG00000068654,O95602
1009,ENSG00000068724,Q9ULT0
1010,ENSG00000071051,O43639
1011,ENSG00000073670,O75078
1012,ENSG00000074803,Q13621
1013,ENSG00000075429,Q9UF02
1014,ENSG00000080493,Q9Y6R1
1015,ENSG00000089597,Q14697
1016,ENSG00000092203,O94842
1017,ENSG00000099860,O75293
1018,ENSG00000100227,Q9BY77
1019,ENSG00000100379,Q8N5Z5
1020,ENSG00000101292,Q8NFJ6
1021,ENSG00000103175,Q9HC57
1022,ENSG00000103316,Q14894
1023,ENSG00000103365,Q9UJY4
1024,ENSG00000103769,P62491
1025,ENSG00000105556,Q8N344
1026,ENSG00000107438,O00151
1027,ENSG00000111215,Q16378
1028,ENSG00000111266,Q9BY84
1029,ENSG00000111731,Q86YS7
1030,ENSG00000112981,P56597
1031,ENSG00000113319,O14827
1032,ENSG00000114503,P52298
1033,ENSG00000114790,Q96DR7
1034,ENSG00000116514,Q6ZMZ0
1035,ENSG00000118702,P01286
1036,ENSG00000118939,P15374
1037,ENSG00000121060,Q14258
1038,ENSG00000121440,Q9UPQ7
1039,ENSG00000124215,Q8IXH8
1040,ENSG00000125166,P00505
1041,ENSG00000126432,P30044
1042,ENSG00000126467,Q9UJT2
1043,ENSG00000127452,Q9NXK8
1044,ENSG00000128294,O60704
1045,ENSG00000128908,Q9ULG1
1046,ENSG00000130175,P14314
1047,ENSG00000131263,Q9NVW2
1048,ENSG00000131495,O43678
1049,ENSG00000131591,Q96HA4
1050,ENSG00000131626,Q13136
1051,ENSG00000131943,Q9NSK7
1052,ENSG00000134444,Q9P260
1053,ENSG00000134812,P27352
1054,ENSG00000135679,Q00987
1055,ENSG00000135821,P15104
1056,ENSG00000136068,O75369
1057,ENSG00000136918,Q5JTN6
1058,ENSG00000137310,Q9Y242
1059,ENSG00000138640,O94988
1060,ENSG00000139508,Q7Z3Q1
1061,ENSG00000141580,Q5MNZ6
1062,ENSG00000142173,P12110
1063,ENSG00000145147,O94813
1064,ENSG00000146147,Q5VWP3
1065,ENSG00000148337,Q9ULV3
1066,ENSG00000150787,Q03393
1067,ENSG00000150991,P0CG48
1068,ENSG00000151665,Q07326
1069,ENSG00000154358,Q5VST9
1070,ENSG00000158290,Q13620
1071,ENSG00000159214,Q8N4L8
1072,ENSG00000159556,Q96A47
1073,ENSG00000162104,O60503
1074,ENSG00000163219,P42331
1075,ENSG00000163512,Q9H6S1
1076,ENSG00000163605,Q9NY27
1077,ENSG00000163684,O95059
1078,ENSG00000164039,Q9BUT1
1079,ENSG00000164048,Q86UQ0
1080,ENSG00000164089,Q8TBG4
1081,ENSG00000164611,O95997
1082,ENSG00000165637,P45880
1083,ENSG00000165861,Q9HBF4
1084,ENSG00000167232,Q05481
1085,ENSG00000167595,Q2NL68
1086,ENSG00000169814,P43251
1087,ENSG00000170634,P14621
1088,ENSG00000171587,O60469
1089,ENSG00000172260,Q7Z3B1
1090,ENSG00000173451,Q9H0W7
1091,ENSG00000173674,P47813
1092,ENSG00000173678,A6NHP3
1093,ENSG00000175344,P36544
1094,ENSG00000176697,P23560
1095,ENSG00000177138,Q8IZU0
1096,ENSG00000179115,Q9Y285
1097,ENSG00000179526,Q9H0F6
1098,ENSG00000180096,Q8WYJ6
1099,ENSG00000182362,P58557
1100,ENSG00000182667,Q9P121
1101,ENSG00000183066,Q6ICG8
1102,ENSG00000183474,Q6P1K8
1103,ENSG00000184923,Q8IVF1
1104,ENSG00000185339,P20062
1105,ENSG00000185813,Q99447
1106,ENSG00000185883,P27449
1107,ENSG00000187049,Q9P0N5
1108,ENSG00000189077,Q9BXJ8
1109,ENSG00000196104,Q9BQ16
1110,ENSG00000196387,P52738
1111,ENSG00000196670,Q8NB50
1112,ENSG00000197696,P08949
1113,ENSG00000198042,Q9BXY0
1114,ENSG00000198258,Q9BZL1
1115,ENSG00000198326,Q8WW34
1116,ENSG00000203989,P0C7M4
1117,ENSG00000204195,Q58HT5
1118,ENSG00000205758,O95825
1119,ENSG00000230031,H3BUK9
1120,ENSG00000230453,A2A2Z9
1121,ENSG00000237957,Q5JQC4
1122,ENSG00000241360,Q96GD0
1123,ENSG00000241399,Q8IX05
1124,ENSG00000243156,Q7RTP6
1125,ENSG00000284753,P0DPD7
1126,ENSG00000015285,P42768
1127,ENSG00000023839,Q92887
1128,ENSG00000044524,P29320
1129,ENSG00000050555,Q9Y6N6
1130,ENSG00000059915,A5PKW4
1131,ENSG00000067840,Q76G19
1132,ENSG00000068885,Q9P2H3
1133,ENSG00000069966,O14775
1134,ENSG00000075856,Q15020
1135,ENSG00000076706,P43121
1136,ENSG00000085831,Q5SRH9
1137,ENSG00000093167,Q9Y608
1138,ENSG00000100097,P09382
1139,ENSG00000100300,P30536
1140,ENSG00000100522,Q96EK6
1141,ENSG00000100557,Q9NVL8
1142,ENSG00000101473,O14734
1143,ENSG00000102312,Q9H237
1144,ENSG00000102316,Q9UNF1
1145,ENSG00000103855,Q5ZPR3
1146,ENSG00000104131,O75822
1147,ENSG00000104936,Q09013
1148,ENSG00000105290,P51693
1149,ENSG00000105971,P51636
1150,ENSG00000108946,P10644
1151,ENSG00000110693,P35712
1152,ENSG00000110841,Q86W92
1153,ENSG00000111602,Q9UNS1
1154,ENSG00000112812,Q9NQE7
1155,ENSG00000113272,Q9NWX6
1156,ENSG00000117020,Q9Y243
1157,ENSG00000121417,Q13398
1158,ENSG00000124496,Q96PN7
1159,ENSG00000125675,P42263
1160,ENSG00000125871,Q9BQP7
1161,ENSG00000126067,P49721
1162,ENSG00000127914,Q99996
1163,ENSG00000129455,O60259
1164,ENSG00000129691,Q9UBL3
1165,ENSG00000130702,O15230
1166,ENSG00000130731,Q96S19
1167,ENSG00000130762,Q5VV41
1168,ENSG00000130856,Q9UL36
1169,ENSG00000133107,Q9UBN4
1170,ENSG00000134183,P19087
1171,ENSG00000135148,O14545
1172,ENSG00000135972,P82933
1173,ENSG00000136856,Q9NY64
1174,ENSG00000138028,Q99674
1175,ENSG00000138080,Q9Y6C2
1176,ENSG00000138744,Q02083
1177,ENSG00000139842,Q13619
1178,ENSG00000140525,Q9NVI1
1179,ENSG00000141002,Q9BQ70
1180,ENSG00000142405,P59046
1181,ENSG00000142606,Q495T6
1182,ENSG00000144451,Q8N0X2
1183,ENSG00000144681,Q99469
1184,ENSG00000145826,O14960
1185,ENSG00000146576,Q96N11
1186,ENSG00000146828,Q9BXP2
1187,ENSG00000147689,Q86UY5
1188,ENSG00000147889,P42771
1189,ENSG00000147889,Q8N726
1190,ENSG00000151465,O75794
1191,ENSG00000151883,Q8N3A8
1192,ENSG00000153140,O15182
1193,ENSG00000154511,Q5T7M9
1194,ENSG00000154582,Q15369
1195,ENSG00000154646,P98073
1196,ENSG00000154723,P18859
1197,ENSG00000154914,Q70EL4
1198,ENSG00000155097,P21283
1199,ENSG00000156299,Q13009
1200,ENSG00000157212,Q6ZW49
1201,ENSG00000157881,Q9NVE7
1202,ENSG00000158161,Q99504
1203,ENSG00000161547,Q01130
1204,ENSG00000162669,A2PYH4
1205,ENSG00000163794,P55089
1206,ENSG00000163820,Q9BQS8
1207,ENSG00000163888,Q96S95
1208,ENSG00000164111,P08758
1209,ENSG00000164318,Q63HQ2
1210,ENSG00000165650,Q8NEN9
1211,ENSG00000166002,Q9NRQ5
1212,ENSG00000166289,Q96S99
1213,ENSG00000167323,Q13586
1214,ENSG00000168209,Q9NX09
1215,ENSG00000168385,Q15019
1216,ENSG00000168395,Q8WYH8
1217,ENSG00000168434,P83436
1218,ENSG00000170006,Q6P9G4
1219,ENSG00000173214,Q5TF39
1220,ENSG00000173757,P51692
1221,ENSG00000174306,Q9H4I2
1222,ENSG00000176371,Q7Z7L9
1223,ENSG00000176896,Q8N8B7
1224,ENSG00000178826,Q8IV31
1225,ENSG00000180697,Q8N5N4
1226,ENSG00000182149,P53990
1227,ENSG00000182489,Q6PP77
1228,ENSG00000183317,Q5JZY3
1229,ENSG00000184009,P63261
1230,ENSG00000184014,Q6IQ26
1231,ENSG00000186867,Q96P65
1232,ENSG00000187559,Q6VB84
1233,ENSG00000188629,Q13360
1234,ENSG00000189283,P49789
1235,ENSG00000196172,Q96N22
1236,ENSG00000196422,Q5T8A7
1237,ENSG00000196433,P46597
1238,ENSG00000197448,Q9Y2Q3
1239,ENSG00000197892,Q9NQT8
1240,ENSG00000205084,Q9H6L2
1241,ENSG00000211455,Q9Y2H1
1242,ENSG00000222036,A6NI47
1243,ENSG00000223573,A0A2R8Y7D0
1244,ENSG00000228486,A0A1B0GVN3
1245,ENSG00000242550,P48595
1246,ENSG00000243279,O60831
1247,ENSG00000244355,O95868
1248,ENSG00000244588,Q9H4I0
1249,ENSG00000248712,Q494R4
1250,ENSG00000249104,D6RBQ6
1251,ENSG00000269404,Q01892
1252,ENSG00000286095,A0A087WV53
1253,ENSG00000007541,Q9BRB3
1254,ENSG00000010404,P22304
1255,ENSG00000049449,Q15293
1256,ENSG00000054219,O60449
1257,ENSG00000065135,P08754
1258,ENSG00000066336,P17947
1259,ENSG00000066923,Q9UJ98
1260,ENSG00000086288,Q8N427
1261,ENSG00000086730,Q9GZY6
1262,ENSG00000089006,Q9Y5X3
1263,ENSG00000092140,Q7L622
1264,ENSG00000096872,Q96LB3
1265,ENSG00000097046,O00311
1266,ENSG00000100325,Q9H1I8
1267,ENSG00000101888,Q9NPJ8
1268,ENSG00000105321,Q9Y3X0
1269,ENSG00000105341,Q9NW81
1270,ENSG00000109762,Q9H3E2
1271,ENSG00000109944,Q6NUN7
1272,ENSG00000111644,Q8NEB7
1273,ENSG00000112319,O95677
1274,ENSG00000113649,O14776
1275,ENSG00000113916,P41182
1276,ENSG00000114391,P83731
1277,ENSG00000114757,Q8IYB4
1278,ENSG00000116774,Q9NRN5
1279,ENSG00000118515,O00141
1280,ENSG00000124532,Q9HD23
1281,ENSG00000125347,P10914
1282,ENSG00000125352,O15541
1283,ENSG00000127948,P16435
1284,ENSG00000127993,Q5RL73
1285,ENSG00000129167,P17752
1286,ENSG00000129170,P50461
1287,ENSG00000129562,P61803
1288,ENSG00000131059,Q9BQP9
1289,ENSG00000131127,Q15928
1290,ENSG00000131446,P26572
1291,ENSG00000131469,P61353
1292,ENSG00000131966,Q9NZ32
1293,ENSG00000132196,P56937
1294,ENSG00000132661,Q9UKK6
1295,ENSG00000132698,P57735
1296,ENSG00000133393,Q96NB1
1297,ENSG00000133640,Q96JM4
1298,ENSG00000134571,Q14896
1299,ENSG00000136888,O75348
1300,ENSG00000136933,Q7Z6M1
1301,ENSG00000136997,P01106
1302,ENSG00000137819,Q9NXK6
1303,ENSG00000138107,P61163
1304,ENSG00000138303,Q8N9N2
1305,ENSG00000138772,P12429
1306,ENSG00000139865,Q86TZ1
1307,ENSG00000140932,Q8TAZ6
1308,ENSG00000141985,Q99961
1309,ENSG00000143742,P49458
1310,ENSG00000144867,Q9Y5M8
1311,ENSG00000144935,P48995
1312,ENSG00000146094,Q7L591
1313,ENSG00000146409,Q6NT16
1314,ENSG00000147854,Q96PU4
1315,ENSG00000148187,Q96E11
1316,ENSG00000149243,Q6PF15
1317,ENSG00000150764,Q155Q3
1318,ENSG00000151240,Q9Y2E4
1319,ENSG00000151468,Q9BQI4
1320,ENSG00000151576,Q9H974
1321,ENSG00000151702,Q01543
1322,ENSG00000152104,Q15678
1323,ENSG00000152256,Q15118
1324,ENSG00000152749,Q86V85
1325,ENSG00000154727,Q06546
1326,ENSG00000156381,Q96BM1
1327,ENSG00000156564,Q9ULH4
1328,ENSG00000157617,Q9Y426
1329,ENSG00000158022,Q969Q1
1330,ENSG00000160294,O60318
1331,ENSG00000160336,Q86XN6
1332,ENSG00000161048,Q6IQ20
1333,ENSG00000162520,Q9H7C4
1334,ENSG00000162545,Q7Z7J9
1335,ENSG00000163462,Q7Z4K8
1336,ENSG00000165457,P14207
1337,ENSG00000166359,Q6ZMY6
1338,ENSG00000167549,Q6QEF8
1339,ENSG00000167822,Q8NGG0
1340,ENSG00000168350,Q6QHC5
1341,ENSG00000168393,P23919
1342,ENSG00000169018,Q9UK73
1343,ENSG00000172053,P47897
1344,ENSG00000172724,Q99731
1345,ENSG00000173065,Q8WU58
1346,ENSG00000173276,Q9ULJ3
1347,ENSG00000174332,Q8NBF1
1348,ENSG00000175764,Q8NHH1
1349,ENSG00000176890,P04818
1350,ENSG00000177103,Q8TD84
1351,ENSG00000177455,P15391
1352,ENSG00000178409,Q5T5X7
1353,ENSG00000180138,Q8N752
1354,ENSG00000181852,Q9H4P4
1355,ENSG00000182150,Q5T890
1356,ENSG00000184560,Q0P670
1357,ENSG00000185792,Q7RTR0
1358,ENSG00000186687,Q5U5X0
1359,ENSG00000187713,Q969S6
1360,ENSG00000196924,P21333
1361,ENSG00000198298,Q8NCK3
1362,ENSG00000198551,Q7L945
1363,ENSG00000203883,P35713
1364,ENSG00000204514,B7Z6K7
1365,ENSG00000204843,Q14203
1366,ENSG00000205138,A6NFY7
1367,ENSG00000213402,Q14761
1368,ENSG00000215262,A8MYU2
1369,ENSG00000224107,P0DPP9
1370,ENSG00000226763,B3KS81
1371,ENSG00000232629,P05538
1372,ENSG00000234719,A6NJ64
1373,ENSG00000237190,Q96HQ2
1374,ENSG00000241484,P85298
1375,ENSG00000249915,O75340
1376,ENSG00000253304,Q69YZ2
1377,ENSG00000256771,O75346
1378,ENSG00000276231,Q5UE93
1379,ENSG00000278522,A0JP26
1380,ENSG00000006576,Q8N3S3
1381,ENSG00000015479,P43243
1382,ENSG00000016402,Q9UHF4
1383,ENSG00000047648,O43182
1384,ENSG00000054148,Q9NRX4
1385,ENSG00000055044,Q9Y2X3
1386,ENSG00000063046,P23588
1387,ENSG00000065665,Q9H9S3
1388,ENSG00000072201,Q8TBB1
1389,ENSG00000075292,Q14966
1390,ENSG00000088451,O95455
1391,ENSG00000089356,Q14802
1392,ENSG00000099308,O60307
1393,ENSG00000100292,P09601
1394,ENSG00000100565,Q0VAA2
1395,ENSG00000101049,Q9HBY8
1396,ENSG00000102387,Q5H9L4
1397,ENSG00000103534,Q6UXY8
1398,ENSG00000103549,O75150
1399,ENSG00000104129,Q9NVM6
1400,ENSG00000104635,Q15043
1401,ENSG00000105613,Q9Y2H9
1402,ENSG00000105771,Q9H0W8
1403,ENSG00000109089,Q86X02
1404,ENSG00000111653,Q9UNL4
1405,ENSG00000113396,Q9Y2P4
1406,ENSG00000114349,P11488
1407,ENSG00000116833,O00482
1408,ENSG00000116898,P82914
1409,ENSG00000117598,Q32ZL2
1410,ENSG00000119227,Q86VD9
1411,ENSG00000122543,P0CE72
1412,ENSG00000124237,Q9H1P6
1413,ENSG00000125434,Q3KQZ1
1414,ENSG00000125734,Q9NPR9
1415,ENSG00000126217,O15068
1416,ENSG00000126787,Q15398
1417,ENSG00000127533,Q96RI0
1418,ENSG00000130766,P58004
1419,ENSG00000132199,Q7L5Y1
1420,ENSG00000132329,O60894
1421,ENSG00000132549,Q7Z7G8
1422,ENSG00000132912,Q9UJW0
1423,ENSG00000133104,Q8N0X7
1424,ENSG00000134216,Q9BZP6
1425,ENSG00000135437,Q92781
1426,ENSG00000136026,Q07065
1427,ENSG00000136931,Q13285
1428,ENSG00000137331,P46695
1429,ENSG00000137941,Q6ZT98
1430,ENSG00000138100,Q9BYV2
1431,ENSG00000141098,Q3B7J2
1432,ENSG00000144671,Q9Y267
1433,ENSG00000145780,Q96JP0
1434,ENSG00000146670,Q96FF9
1435,ENSG00000147416,P21281
1436,ENSG00000147573,Q9BYV6
1437,ENSG00000148541,Q8NE31
1438,ENSG00000149115,Q9C0C2
1439,ENSG00000150201,P59646
1440,ENSG00000150907,Q12778
1441,ENSG00000152944,Q13503
1442,ENSG00000153012,Q8N0V4
1443,ENSG00000155926,Q13239
1444,ENSG00000158850,O60512
1445,ENSG00000159079,P57076
1446,ENSG00000160179,P45844
1447,ENSG00000160201,Q01081
1448,ENSG00000160882,P15538
1449,ENSG00000161649,Q6UXG3
1450,ENSG00000163395,Q86VF2
1451,ENSG00000164024,P53582
1452,ENSG00000164109,Q13257
1453,ENSG00000164347,Q969S9
1454,ENSG00000165233,Q96LW7
1455,ENSG00000165816,Q5GFL6
1456,ENSG00000166262,Q96M60
1457,ENSG00000166341,Q96JQ0
1458,ENSG00000166716,Q92610
1459,ENSG00000167103,Q5T9C9
1460,ENSG00000167216,Q8IYT4
1461,ENSG00000167615,Q96PV6
1462,ENSG00000167880,Q92817
1463,ENSG00000169062,Q9H1J1
1464,ENSG00000169249,Q15696
1465,ENSG00000169682,Q9H2V7
1466,ENSG00000170364,Q53H47
1467,ENSG00000170500,Q1L5Z9
1468,ENSG00000171060,Q6P047
1469,ENSG00000172115,P99999
1470,ENSG00000172354,P62879
1471,ENSG00000173875,Q3KP31
1472,ENSG00000174348,Q7Z5L7
1473,ENSG00000174652,Q14584
1474,ENSG00000174705,A1X283
1475,ENSG00000176171,Q12983
1476,ENSG00000176358,Q86UU9
1477,ENSG00000176731,Q8N0T1
1478,ENSG00000178358,Q8NGH3
1479,ENSG00000179057,Q8N9C0
1480,ENSG00000179598,Q8N2A8
1481,ENSG00000179912,Q9Y2K5
1482,ENSG00000180198,P18754
1483,ENSG00000180353,P14317
1484,ENSG00000181847,Q495A1
1485,ENSG00000183397,A6NCJ1
1486,ENSG00000184108,Q8N9V2
1487,ENSG00000184368,Q96T17
1488,ENSG00000184659,Q8WXT5
1489,ENSG00000184967,Q9BVI4
1490,ENSG00000186513,Q8NGE9
1491,ENSG00000188037,P35523
1492,ENSG00000188107,Q5T1H1
1493,ENSG00000188199,A6NNL0
1494,ENSG00000188735,A0PK00
1495,ENSG00000198363,Q12797
1496,ENSG00000198553,Q8N5I3
1497,ENSG00000198915,Q8N9B8
1498,ENSG00000204186,Q9HCK1
1499,ENSG00000204920,Q12901
1500,ENSG00000223443,Q6R6M4
1501,ENSG00000231274,P0C264
1502,ENSG00000240583,P29972
1503,ENSG00000249961,Q8NA31
1504,ENSG00000286038,A0A494C0Z2
1505,ENSG00000011007,Q14241
1506,ENSG00000066084,Q9P265
1507,ENSG00000071909,Q8WXR4
1508,ENSG00000072315,Q9UL62
1509,ENSG00000074201,P54105
1510,ENSG00000077157,O60237
1511,ENSG00000077232,Q8IXB1
1512,ENSG00000080603,Q6ZRS2
1513,ENSG00000082515,Q9NWU5
1514,ENSG00000083123,P21953
1515,ENSG00000084693,Q8NDL9
1516,ENSG00000084731,O14782
1517,ENSG00000099994,Q9UGT4
1518,ENSG00000100425,O95696
1519,ENSG00000100485,Q07890
1520,ENSG00000101132,Q9NQP4
1521,ENSG00000103313,O15553
1522,ENSG00000104427,Q96GY0
1523,ENSG00000105173,P24864
1524,ENSG00000105778,Q8NBF6
1525,ENSG00000106733,Q9NWW6
1526,ENSG00000107036,Q4ADV7
1527,ENSG00000107779,P36894
1528,ENSG00000108788,Q9UH92
1529,ENSG00000109758,Q04756
1530,ENSG00000110318,Q9P2H0
1531,ENSG00000111404,Q9H628
1532,ENSG00000111537,P01579
1533,ENSG00000113456,O60671
1534,ENSG00000113966,Q9H0F7
1535,ENSG00000116237,O60725
1536,ENSG00000118557,Q8TBY8
1537,ENSG00000118689,O43524
1538,ENSG00000119655,P61916
1539,ENSG00000119912,P14735
1540,ENSG00000120458,Q6P1R3
1541,ENSG00000120800,O75691
1542,ENSG00000120925,Q96K19
1543,ENSG00000123329,Q9BRR9
1544,ENSG00000124140,Q9H2X9
1545,ENSG00000124172,P56381
1546,ENSG00000124479,Q00604
1547,ENSG00000124780,Q96T54
1548,ENSG00000124787,O75818
1549,ENSG00000129515,Q9UNH7
1550,ENSG00000131236,Q01518
1551,ENSG00000131864,Q9HBJ7
1552,ENSG00000133321,Q9UL19
1553,ENSG00000135902,Q07001
1554,ENSG00000135966,Q8WUH2
1555,ENSG00000136111,O60343
1556,ENSG00000137177,Q9H1H9
1557,ENSG00000139220,O75334
1558,ENSG00000140600,Q99963
1559,ENSG00000140948,Q8WYQ9
1560,ENSG00000143543,O76095
1561,ENSG00000143632,P68133
1562,ENSG00000146090,Q8N431
1563,ENSG00000149218,O94919
1564,ENSG00000151247,P06730
1565,ENSG00000151461,Q9HAU5
1566,ENSG00000152193,Q5W0B1
1567,ENSG00000152611,Q8WWF8
1568,ENSG00000153495,Q8N6K0
1569,ENSG00000160691,P29353
1570,ENSG00000162341,Q8NHX9
1571,ENSG00000162746,Q6BAA4
1572,ENSG00000163798,Q9BWU0
1573,ENSG00000165905,Q8N3Y3
1574,ENSG00000166342,Q8TDF5
1575,ENSG00000166902,Q9NX20
1576,ENSG00000168734,Q9Y2B9
1577,ENSG00000168826,Q6ZSB9
1578,ENSG00000168872,Q9NUU7
1579,ENSG00000169246,Q92617
1580,ENSG00000170502,Q9BW91
1581,ENSG00000170949,Q9HCG1
1582,ENSG00000172172,Q9BYD1
1583,ENSG00000172322,Q5QGZ9
1584,ENSG00000172725,Q9BR76
1585,ENSG00000172828,Q6UWW8
1586,ENSG00000172932,Q6ZTN6
1587,ENSG00000173349,Q587I9
1588,ENSG00000174886,Q86Y39
1589,ENSG00000174915,Q9BVG9
1590,ENSG00000175600,Q9HAC7
1591,ENSG00000176040,Q7RTY8
1592,ENSG00000176194,O60543
1593,ENSG00000176635,Q8N7B1
1594,ENSG00000176945,Q8N307
1595,ENSG00000176974,P34896
1596,ENSG00000177030,O75398
1597,ENSG00000177692,Q9NX36
1598,ENSG00000180772,P50052
1599,ENSG00000180979,Q8N9N7
1600,ENSG00000181323,Q8N4L4
1601,ENSG00000182557,Q6ZMD2
1602,ENSG00000183346,Q8IVU9
1603,ENSG00000184347,O75094
1604,ENSG00000184350,Q86SM8
1605,ENSG00000184381,O60733
1606,ENSG00000185000,O75907
1607,ENSG00000185231,Q01718
1608,ENSG00000188895,Q68DK7
1609,ENSG00000189266,Q9NPJ4
1610,ENSG00000189339,P0CK96
1611,ENSG00000196109,Q8N7Q3
1612,ENSG00000196604,A5A3E0
1613,ENSG00000196748,Q6UWE3
1614,ENSG00000197147,Q6P9F7
1615,ENSG00000197181,Q8TC59
1616,ENSG00000198753,Q9ULL4
1617,ENSG00000198853,Q8N2Y8
1618,ENSG00000203910,Q5VVC0
1619,ENSG00000204632,P17693
1620,ENSG00000213937,O95484
1621,ENSG00000213977,O14907
1622,ENSG00000228517,Q5JQC4
1623,ENSG00000235453,A0A1B0GUW7
1624,ENSG00000237489,A0A1B0GUT2
1625,ENSG00000238227,H0YL14
1626,ENSG00000239306,Q96PK6
1627,ENSG00000265107,P36382
1628,ENSG00000271824,A0A1B0GUA5
1629,ENSG00000278023,Q8NG50
1630,ENSG00000286920,Q5STR5
1631,ENSG00000004948,P30988
1632,ENSG00000005022,P05141
1633,ENSG00000005206,Q8TCT7
1634,ENSG00000006757,P41247
1635,ENSG00000007264,P42679
1636,ENSG00000007952,Q9Y5S8
1637,ENSG00000023318,Q9BS26
1638,ENSG00000023909,P48507
1639,ENSG00000048405,Q2TB10
1640,ENSG00000057019,Q96PD2
1641,ENSG00000057294,Q99959
1642,ENSG00000060339,Q8IX12
1643,ENSG00000065243,Q16513
1644,ENSG00000075131,Q9BVW5
1645,ENSG00000076248,P13051
1646,ENSG00000077150,Q00653
1647,ENSG00000078687,Q9HCJ0
1648,ENSG00000079689,O76038
1649,ENSG00000079691,Q5VZK9
1650,ENSG00000080546,Q9Y6P5
1651,ENSG00000083750,Q5VZM2
1652,ENSG00000086062,P15291
1653,ENSG00000100342,O14791
1654,ENSG00000101190,Q9UL49
1655,ENSG00000102038,P28370
1656,ENSG00000103066,Q8NCC3
1657,ENSG00000105185,O14737
1658,ENSG00000105278,Q9UPR6
1659,ENSG00000105371,Q14773
1660,ENSG00000105647,O00459
1661,ENSG00000110628,Q96BI1
1662,ENSG00000110921,Q03426
1663,ENSG00000111247,Q96B01
1664,ENSG00000111275,P05091
1665,ENSG00000112033,Q03181
1666,ENSG00000112081,P84103
1667,ENSG00000112739,Q13523
1668,ENSG00000112763,Q7KYR7
1669,ENSG00000113522,Q92878
1670,ENSG00000114857,P30414
1671,ENSG00000115825,O94806
1672,ENSG00000116668,Q5T5J6
1673,ENSG00000117586,P23510
1674,ENSG00000118898,O60437
1675,ENSG00000119729,P17081
1676,ENSG00000119913,Q96PL2
1677,ENSG00000120265,P22061
1678,ENSG00000123352,Q86XZ4
1679,ENSG00000125900,Q9H106
1680,ENSG00000126243,Q9BTN0
1681,ENSG00000130592,P33241
1682,ENSG00000131203,P14902
1683,ENSG00000132530,Q6GPH4
1684,ENSG00000134259,P01138
1685,ENSG00000136045,Q13610
1686,ENSG00000136848,Q5VWQ8
1687,ENSG00000137812,Q8NG31
1688,ENSG00000138398,Q13427
1689,ENSG00000141040,Q9HBT7
1690,ENSG00000142798,P98160
1691,ENSG00000143819,P07099
1692,ENSG00000144233,Q6DCA0
1693,ENSG00000144962,Q9BXB7
1694,ENSG00000149177,Q12913
1695,ENSG00000149507,Q86WS3
1696,ENSG00000149930,Q9UL54
1697,ENSG00000151092,Q96IV0
1698,ENSG00000151148,Q7Z3V4
1699,ENSG00000152056,Q96PC3
1700,ENSG00000152520,Q58A45
1701,ENSG00000153094,O43521
1702,ENSG00000154832,Q9P0U4
1703,ENSG00000155629,Q6ZUJ8
1704,ENSG00000156587,O14933
1705,ENSG00000157020,P55735
1706,ENSG00000158865,Q8WWX8
1707,ENSG00000162419,Q9Y692
1708,ENSG00000163596,Q8NDH6
1709,ENSG00000163827,Q9BYS8
1710,ENSG00000164112,Q4W5P6
1711,ENSG00000164758,Q96HR3
1712,ENSG00000165714,Q969J3
1713,ENSG00000165819,Q86U44
1714,ENSG00000167705,Q96NA2
1715,ENSG00000167770,Q96FW1
1716,ENSG00000167994,Q8TBN0
1717,ENSG00000168811,P29459
1718,ENSG00000169599,Q9UMS0
1719,ENSG00000170365,Q15797
1720,ENSG00000170571,Q6PCB8
1721,ENSG00000172175,Q9UDY8
1722,ENSG00000172687,Q8NE65
1723,ENSG00000174564,Q6UXL0
1724,ENSG00000175711,Q67FW5
1725,ENSG00000175895,Q9H8W4
1726,ENSG00000178665,Q8N859
1727,ENSG00000178882,Q6ZTI6
1728,ENSG00000182264,Q8IYV9
1729,ENSG00000183486,P20592
1730,ENSG00000183762,Q96MU8
1731,ENSG00000185567,Q8IVF2
1732,ENSG00000186118,Q6PEX7
1733,ENSG00000186777,B4DXR9
1734,ENSG00000186862,Q9H5P4
1735,ENSG00000187266,P19235
1736,ENSG00000188171,Q68DY1
1737,ENSG00000188732,A4D161
1738,ENSG00000188782,Q7RTX7
1739,ENSG00000188848,Q6ZU67
1740,ENSG00000196081,A8MTY0
1741,ENSG00000197461,P04085
1742,ENSG00000198752,Q9Y5S2
1743,ENSG00000204498,Q9UBC1
1744,ENSG00000205111,Q5MAI5
1745,ENSG00000213380,Q96MW5
1746,ENSG00000214367,Q68CZ6
1747,ENSG00000215018,Q2UY09
1748,ENSG00000224902,A6NDE8
1749,ENSG00000227051,Q9NPU4
1750,ENSG00000235272,A0A3B3IU46
1751,ENSG00000236287,Q49AG3
1752,ENSG00000241149,A0A1W2PQL4
1753,ENSG00000260596,Q9UBX2
1754,ENSG00000264522,Q6GQQ9
1755,ENSG00000273514,Q3SYB3
1756,ENSG00000279116,Q9GZM6
1757,ENSG00000009830,Q9UKY4
1758,ENSG00000064300,P08138
1759,ENSG00000070785,Q9NR50
1760,ENSG00000083844,O43296
1761,ENSG00000085733,Q14247
1762,ENSG00000090020,P19634
1763,ENSG00000090238,P61236
1764,ENSG00000100290,Q13323
1765,ENSG00000101146,P78406
1766,ENSG00000104325,Q16698
1767,ENSG00000106384,Q86VF5
1768,ENSG00000110711,O00170
1769,ENSG00000111726,Q8NFW8
1770,ENSG00000113361,P55285
1771,ENSG00000113520,P05112
1772,ENSG00000113761,Q9UL40
1773,ENSG00000114026,O15527
1774,ENSG00000114331,Q15057
1775,ENSG00000114353,P04899
1776,ENSG00000114654,Q9HA90
1777,ENSG00000115884,P18827
1778,ENSG00000116761,P32929
1779,ENSG00000117748,P15927
1780,ENSG00000118680,O14950
1781,ENSG00000120875,Q13115
1782,ENSG00000122729,P21399
1783,ENSG00000122756,P26992
1784,ENSG00000124089,P41968
1785,ENSG00000124091,Q6ZNI0
1786,ENSG00000125337,Q9UIL4
1787,ENSG00000125375,Q99766
1788,ENSG00000127152,Q9C0K0
1789,ENSG00000128011,Q9P244
1790,ENSG00000128789,Q969U7
1791,ENSG00000130713,Q13868
1792,ENSG00000130813,Q9NUL5
1793,ENSG00000131242,Q86YS3
1794,ENSG00000132703,P02743
1795,ENSG00000134152,Q9H079
1796,ENSG00000136003,Q9H1K1
1797,ENSG00000136874,P56962
1798,ENSG00000137460,Q9C0D6
1799,ENSG00000138400,Q5I0G3
1800,ENSG00000138641,Q15034
1801,ENSG00000140157,Q8N8Q9
1802,ENSG00000140521,P54098
1803,ENSG00000144834,Q9UI15
1804,ENSG00000145725,O43314
1805,ENSG00000145743,Q9UF56
1806,ENSG00000148634,Q5GLZ8
1807,ENSG00000150281,Q16619
1808,ENSG00000150394,P55286
1809,ENSG00000150893,Q5SZK8
1810,ENSG00000151025,Q5T848
1811,ENSG00000152433,Q8IVP9
1812,ENSG00000160131,Q3ZAQ7
1813,ENSG00000160305,Q14689
1814,ENSG00000162572,P51172
1815,ENSG00000163075,Q4G0U5
1816,ENSG00000163806,Q5MJ70
1817,ENSG00000164488,Q5SW24
1818,ENSG00000164808,Q14159
1819,ENSG00000166405,Q7Z5B4
1820,ENSG00000167065,Q8NEJ0
1821,ENSG00000168092,P68402
1822,ENSG00000168291,P11177
1823,ENSG00000169203,F8W0I5
1824,ENSG00000170955,Q969G5
1825,ENSG00000171262,Q52LJ0
1826,ENSG00000171302,Q8WVQ1
1827,ENSG00000172554,Q9NY99
1828,ENSG00000172731,Q8TCA0
1829,ENSG00000172943,Q9UPP1
1830,ENSG00000173801,P14923
1831,ENSG00000173947,Q8TCI5
1832,ENSG00000174953,Q9H2U1
1833,ENSG00000175879,P13378
1834,ENSG00000176597,Q9BYG0
1835,ENSG00000177189,P51812
1836,ENSG00000178201,Q9GZP7
1837,ENSG00000178403,Q9H2A3
1838,ENSG00000179021,Q5JPI3
1839,ENSG00000179909,Q13106
1840,ENSG00000180644,P14222
1841,ENSG00000182141,P17019
1842,ENSG00000182287,P56377
1843,ENSG00000182534,P84157
1844,ENSG00000183018,Q8IVW8
1845,ENSG00000184330,Q86SG5
1846,ENSG00000184635,P35789
1847,ENSG00000185090,Q5VSG8
1848,ENSG00000186306,Q8NGX3
1849,ENSG00000187513,P35212
1850,ENSG00000187959,A6NMK7
1851,ENSG00000188211,Q68D85
1852,ENSG00000188747,Q86UR1
1853,ENSG00000189409,O75900
1854,ENSG00000196323,Q8NCP5
1855,ENSG00000196417,Q7L2R6
1856,ENSG00000197019,Q9UHV2
1857,ENSG00000197472,Q8IW36
1858,ENSG00000198039,Q14593
1859,ENSG00000203733,A6NN92
1860,ENSG00000203963,Q5JVX7
1861,ENSG00000204248,P13942
1862,ENSG00000205022,A6NDY0
1863,ENSG00000206538,A8MV65
1864,ENSG00000211452,P49895
1865,ENSG00000226685,Q5JQC4
1866,ENSG00000227729,P0DJH9
1867,ENSG00000228474,P0C6T2
1868,ENSG00000232264,Q0WX57
1869,ENSG00000232593,A0A1W2PQU2
1870,ENSG00000237651,A8MZ97
1871,ENSG00000240038,P19961
1872,ENSG00000240857,Q9HBH5
1873,ENSG00000243716,A8MRT5
1874,ENSG00000244476,P60508
1875,ENSG00000254004,Q3ZCT1
1876,ENSG00000259009,P0DV77
1877,ENSG00000268696,P0DPD5
1878,ENSG00000285133,P0DPQ6
1879,ENSG00000006327,Q9NP84
1880,ENSG00000006555,Q5TAA0
1881,ENSG00000010671,Q06187
1882,ENSG00000013374,Q9Y5A7
1883,ENSG00000019144,Q86UU1
1884,ENSG00000023572,Q9NS18
1885,ENSG00000034677,Q9NV58
1886,ENSG00000041357,P25789
1887,ENSG00000060656,Q92729
1888,ENSG00000064651,P55011
1889,ENSG00000064655,O00167
1890,ENSG00000067221,Q9UBI4
1891,ENSG00000068394,Q92917
1892,ENSG00000069998,Q9BXW7
1893,ENSG00000072310,P36956
1894,ENSG00000078668,Q9Y277
1895,ENSG00000089048,Q9H501
1896,ENSG00000091129,Q92823
1897,ENSG00000100253,Q9UGB7
1898,ENSG00000100373,O75631
1899,ENSG00000104518,P57764
1900,ENSG00000104976,Q13487
1901,ENSG00000110880,Q9ULV4
1902,ENSG00000111846,Q8N0V5
1903,ENSG00000112186,P40123
1904,ENSG00000113580,P04150
1905,ENSG00000115274,Q9C086
1906,ENSG00000115904,Q07889
1907,ENSG00000117419,O43414
1908,ENSG00000117676,Q15418
1909,ENSG00000118492,Q8N7X0
1910,ENSG00000118520,P05089
1911,ENSG00000121988,Q5FWF4
1912,ENSG00000122145,Q9Y458
1913,ENSG00000122435,Q9NUP7
1914,ENSG00000123569,Q7Z2G1
1915,ENSG00000124588,P16083
1916,ENSG00000127580,Q96S15
1917,ENSG00000129460,Q8NEJ9
1918,ENSG00000129559,Q15843
1919,ENSG00000130669,O96013
1920,ENSG00000131126,Q9BY14
1921,ENSG00000132821,Q96N03
1922,ENSG00000133020,P13535
1923,ENSG00000133636,P30990
1924,ENSG00000134061,Q99467
1925,ENSG00000135835,Q5VZ46
1926,ENSG00000136867,O15432
1927,ENSG00000137100,O75935
1928,ENSG00000137707,Q9NY30
1929,ENSG00000138136,P52954
1930,ENSG00000138696,O00238
1931,ENSG00000139168,Q8TBF4
1932,ENSG00000139832,Q9NX57
1933,ENSG00000140107,Q6Q0C1
1934,ENSG00000141905,P08651
1935,ENSG00000143032,Q9NY43
1936,ENSG00000143199,Q96PN6
1937,ENSG00000143768,O00292
1938,ENSG00000144481,Q7Z2W7
1939,ENSG00000145908,Q96RE9
1940,ENSG00000149295,P14416
1941,ENSG00000154025,A0PJK1
1942,ENSG00000154274,Q8IY42
1943,ENSG00000154845,Q8TF05
1944,ENSG00000156170,Q330K2
1945,ENSG00000156875,Q96MC6
1946,ENSG00000158445,Q14721
1947,ENSG00000160404,Q8N2E6
1948,ENSG00000160404,Q5JU69
1949,ENSG00000161970,P61254
1950,ENSG00000162482,O95154
1951,ENSG00000163221,P80511
1952,ENSG00000163481,Q96BH1
1953,ENSG00000164171,P17301
1954,ENSG00000165462,O14813
1955,ENSG00000165959,Q96JQ2
1956,ENSG00000166105,Q8NCI6
1957,ENSG00000169282,Q14722
1958,ENSG00000169955,Q9BV97
1959,ENSG00000170075,O60883
1960,ENSG00000172548,Q0D2K0
1961,ENSG00000174606,Q5VTE6
1962,ENSG00000174928,Q6P1S2
1963,ENSG00000175376,Q8N9N8
1964,ENSG00000176177,Q8IYW4
1965,ENSG00000176714,Q6ZUS5
1966,ENSG00000177174,Q8NHC7
1967,ENSG00000177992,Q6ZUB1
1968,ENSG00000178096,Q9Y3E2
1969,ENSG00000178226,Q5K4E3
1970,ENSG00000179222,Q9Y5V3
1971,ENSG00000179772,O43638
1972,ENSG00000180340,Q14332
1973,ENSG00000180574,Q2VIR3
1974,ENSG00000182631,Q9NSD7
1975,ENSG00000182903,Q8TF20
1976,ENSG00000184254,P47895
1977,ENSG00000184697,P56747
1978,ENSG00000184898,Q6ZSC3
1979,ENSG00000185442,Q3ZCQ3
1980,ENSG00000186222,Q9NUP1
1981,ENSG00000186567,Q7Z692
1982,ENSG00000186710,A6NFT4
1983,ENSG00000188124,A6NM03
1984,ENSG00000188368,A6NJB7
1985,ENSG00000188784,Q9NZK7
1986,ENSG00000188917,Q96GJ1
1987,ENSG00000197261,Q5SZD1
1988,ENSG00000198356,O43681
1989,ENSG00000198466,Q96SQ5
1990,ENSG00000198689,Q92581
1991,ENSG00000204642,P30511
1992,ENSG00000205882,Q4QY38
1993,ENSG00000212122,Q9BXA7
1994,ENSG00000213215,Q13607
1995,ENSG00000230778,C9JTQ0
1996,ENSG00000232070,P0C7T8
1997,ENSG00000233050,P0DP73
1998,ENSG00000240871,Q9BYR0
1999,ENSG00000248771,A0A1B0GVY4
2000,ENSG00000250312,Q3SXZ3
2001,ENSG00000003096,Q9P2N7
2002,ENSG00000004766,Q96JG6
2003,ENSG00000004799,Q16654
2004,ENSG00000036054,Q9NUY8
2005,ENSG00000040731,Q9Y6N8
2006,ENSG00000042088,Q9NUW8
2007,ENSG00000064393,Q9H2X6
2008,ENSG00000070444,Q99583
2009,ENSG00000071203,Q9NXJ0
2010,ENSG00000081154,Q8WW12
2011,ENSG00000085872,Q8IWX8
2012,ENSG00000092051,Q96JJ6
2013,ENSG00000100281,Q9UGU5
2014,ENSG00000100490,Q00532
2015,ENSG00000100802,Q9H972
2016,ENSG00000101811,P33240
2017,ENSG00000101883,Q8NHV9
2018,ENSG00000102962,O00626
2019,ENSG00000103126,O15169
2020,ENSG00000105193,P62249
2021,ENSG00000105261,O00110
2022,ENSG00000106952,P32971
2023,ENSG00000108784,P54802
2024,ENSG00000111049,P13349
2025,ENSG00000111087,P08151
2026,ENSG00000111863,Q96IZ2
2027,ENSG00000112031,Q9UGC7
2028,ENSG00000113360,Q9NRR4
2029,ENSG00000115828,Q16769
2030,ENSG00000116141,Q9P0L2
2031,ENSG00000116205,Q96MN5
2032,ENSG00000118729,O14958
2033,ENSG00000120306,Q9H1C7
2034,ENSG00000121057,Q92667
2035,ENSG00000121297,Q63HK5
2036,ENSG00000123358,P22736
2037,ENSG00000124067,Q9UP95
2038,ENSG00000127084,Q5JSP0
2039,ENSG00000130312,Q9BQ48
2040,ENSG00000130758,Q02779
2041,ENSG00000133112,P13693
2042,ENSG00000136813,Q5VYK3
2043,ENSG00000139620,Q9H9L4
2044,ENSG00000139644,P55061
2045,ENSG00000140104,Q96F83
2046,ENSG00000140988,P15880
2047,ENSG00000141469,Q13336
2048,ENSG00000143631,P20930
2049,ENSG00000145715,P20936
2050,ENSG00000146802,Q9H0V1
2051,ENSG00000147082,Q8WWL7
2052,ENSG00000147883,P42772
2053,ENSG00000152147,Q8WXD5
2054,ENSG00000152454,Q9Y2P7
2055,ENSG00000154277,P09936
2056,ENSG00000154473,O43684
2057,ENSG00000155393,Q7Z4Q2
2058,ENSG00000158220,A0FGR9
2059,ENSG00000158710,P37802
2060,ENSG00000159905,Q9UK13
2061,ENSG00000160226,O43822
2062,ENSG00000160299,O95613
2063,ENSG00000161681,Q9Y566
2064,ENSG00000161896,Q96PC2
2065,ENSG00000162129,Q9H078
2066,ENSG00000162366,Q13113
2067,ENSG00000163444,Q8IXX5
2068,ENSG00000163513,P37173
2069,ENSG00000163793,Q8N7S2
2070,ENSG00000163825,Q9BQQ7
2071,ENSG00000163898,Q8WWY8
2072,ENSG00000164326,Q16568
2073,ENSG00000165175,Q9NPA3
2074,ENSG00000165379,Q96NI6
2075,ENSG00000165443,Q96FC7
2076,ENSG00000165837,Q5W0A0
2077,ENSG00000166347,P00167
2078,ENSG00000167641,Q96A00
2079,ENSG00000167863,O75947
2080,ENSG00000168067,Q12851
2081,ENSG00000168303,Q8TAP9
2082,ENSG00000169789,O14603
2083,ENSG00000170092,A6NIY4
2084,ENSG00000170322,Q6P4R8
2085,ENSG00000170381,O15041
2086,ENSG00000171017,Q6NSJ5
2087,ENSG00000171402,Q8WTP9
2088,ENSG00000172663,Q9H6X4
2089,ENSG00000172967,Q5GH77
2090,ENSG00000174206,Q96MD2
2091,ENSG00000175336,Q13790
2092,ENSG00000176136,P33032
2093,ENSG00000177143,Q12798
2094,ENSG00000177468,Q7RTU3
2095,ENSG00000177963,Q9NPQ8
2096,ENSG00000178685,Q53GL7
2097,ENSG00000180071,Q8IVF6
2098,ENSG00000181804,Q8IVB4
2099,ENSG00000182325,Q8N531
2100,ENSG00000183287,Q6UXH8
2101,ENSG00000185010,P00451
2102,ENSG00000185985,Q9H156
2103,ENSG00000186453,Q86W67
2104,ENSG00000186509,Q8NGQ5
2105,ENSG00000187555,Q93009
2106,ENSG00000188419,P24386
2107,ENSG00000188505,Q6ZVX7
2108,ENSG00000196118,A1A4V9
2109,ENSG00000196184,P30954
2110,ENSG00000196834,P0CG38
2111,ENSG00000197050,Q8TAQ5
2112,ENSG00000197119,Q8N8R3
2113,ENSG00000198648,Q9UEW8
2114,ENSG00000198755,P62906
2115,ENSG00000198816,Q9NW07
2116,ENSG00000204138,Q8IZ21
2117,ENSG00000204315,Q9UIM3
2118,ENSG00000213221,Q5SXM8
2119,ENSG00000213585,P21796
2120,ENSG00000214360,A8MZ26
2121,ENSG00000214860,A8MZ36
2122,ENSG00000231213,A0PG75
2123,ENSG00000236126,Q5JQC4
2124,ENSG00000248329,P0DMC3
2125,ENSG00000250565,Q96A05
2126,ENSG00000282881,A0A0U1RQS6
2127,ENSG00000001461,Q6P499
2128,ENSG00000008226,Q9Y238
2129,ENSG00000066382,Q15777
2130,ENSG00000068120,Q13057
2131,ENSG00000070501,P06746
2132,ENSG00000071894,Q10570
2133,ENSG00000073350,Q6P1M3
2134,ENSG00000074660,Q14162
2135,ENSG00000075426,P15408
2136,ENSG00000081014,Q9UPM8
2137,ENSG00000086015,Q6P0Q8
2138,ENSG00000100784,O75582
2139,ENSG00000101197,Q96CA5
2140,ENSG00000101335,P24844
2141,ENSG00000101938,Q9BU40
2142,ENSG00000102524,Q9Y275
2143,ENSG00000102763,A3KMH1
2144,ENSG00000102908,O94916
2145,ENSG00000103355,Q8NF86
2146,ENSG00000103942,Q9NSB8
2147,ENSG00000104341,Q86VI4
2148,ENSG00000105298,Q8WUQ7
2149,ENSG00000108306,Q96IG2
2150,ENSG00000109101,O15353
2151,ENSG00000109929,O75845
2152,ENSG00000112309,Q9NPZ5
2153,ENSG00000112667,O43598
2154,ENSG00000114054,P05166
2155,ENSG00000115325,Q99704
2156,ENSG00000117461,Q92569
2157,ENSG00000117525,P13726
2158,ENSG00000118946,O14917
2159,ENSG00000119421,P51970
2160,ENSG00000119705,Q9GZT3
2161,ENSG00000121931,Q5T3J3
2162,ENSG00000123143,Q16512
2163,ENSG00000125611,Q9BSY4
2164,ENSG00000126903,P09131
2165,ENSG00000129158,Q9UGK8
2166,ENSG00000130338,Q9NRJ4
2167,ENSG00000131013,Q8WUA2
2168,ENSG00000131650,Q8NCW0
2169,ENSG00000132394,P57772
2170,ENSG00000133878,Q9BV47
2171,ENSG00000134086,P40337
2172,ENSG00000134452,Q8NFZ0
2173,ENSG00000134824,O95864
2174,ENSG00000136270,Q969Z0
2175,ENSG00000136371,P49914
2176,ENSG00000136811,Q5BJF6
2177,ENSG00000137817,Q2NL67
2178,ENSG00000138134,Q96FJ0
2179,ENSG00000139687,P06400
2180,ENSG00000141013,O95995
2181,ENSG00000141577,Q9UPN4
2182,ENSG00000142188,P56557
2183,ENSG00000143847,O75335
2184,ENSG00000145416,Q8TCQ1
2185,ENSG00000146083,Q7L0R7
2186,ENSG00000146453,Q8NA58
2187,ENSG00000147419,Q86WR0
2188,ENSG00000150048,Q8NC01
2189,ENSG00000150261,Q8NGG5
2190,ENSG00000153246,Q13018
2191,ENSG00000153266,Q8TBJ5
2192,ENSG00000153936,Q7LGA3
2193,ENSG00000157654,Q9Y2D5
2194,ENSG00000158816,Q5TIE3
2195,ENSG00000162745,Q68BL8
2196,ENSG00000162949,Q6MZZ7
2197,ENSG00000163430,Q12841
2198,ENSG00000163464,P25024
2199,ENSG00000163600,Q9Y6W8
2200,ENSG00000163689,Q6ZVT6
2201,ENSG00000163803,Q6P1J6
2202,ENSG00000164211,Q96DR4
2203,ENSG00000165617,Q9NYF0
2204,ENSG00000165669,Q9H8W3
2205,ENSG00000166024,Q7Z5L2
2206,ENSG00000166793,Q96NS1
2207,ENSG00000167037,Q2NKQ1
2208,ENSG00000167104,Q8NFQ5
2209,ENSG00000167654,Q86WG3
2210,ENSG00000167977,Q9NXV2
2211,ENSG00000168890,Q86TG1
2212,ENSG00000171195,Q8TAX7
2213,ENSG00000171222,P57086
2214,ENSG00000171823,Q8N1E6
2215,ENSG00000173578,P46094
2216,ENSG00000175449,Q8TAC1
2217,ENSG00000180739,Q9H228
2218,ENSG00000181752,Q8NH50
2219,ENSG00000182103,A6NEQ2
2220,ENSG00000184220,Q9BQ75
2221,ENSG00000184304,Q15139
2222,ENSG00000184616,P0DUX1
2223,ENSG00000184743,Q6DD88
2224,ENSG00000185920,Q13635
2225,ENSG00000186439,Q13061
2226,ENSG00000187147,Q5VTB9
2227,ENSG00000188817,A6NMZ2
2228,ENSG00000188883,A4D1S0
2229,ENSG00000189127,A5PLL1
2230,ENSG00000196290,Q9GZT8
2231,ENSG00000197279,P49910
2232,ENSG00000198445,Q96SF2
2233,ENSG00000198856,Q9NRP0
2234,ENSG00000204614,Q6P9F5
2235,ENSG00000204839,A6NGR9
2236,ENSG00000205884,Q30KP8
2237,ENSG00000213079,Q9UPN6
2238,ENSG00000214700,A8MTZ7
2239,ENSG00000224470,P0C7T5
2240,ENSG00000229674,A0A3B3IU63
2241,ENSG00000231051,Q0WX57
2242,ENSG00000235780,Q0WX57
2243,ENSG00000236444,A0A1B0GUS4
2244,ENSG00000240021,Q5T0J7
2245,ENSG00000250067,A6XGL0
2246,ENSG00000257108,P0CG21
2247,ENSG00000268916,Q9Y5P2
2248,ENSG00000284680,Q96RD0
2249,ENSG00000030110,Q16611
2250,ENSG00000047457,P00450
2251,ENSG00000060237,Q9H4A3
2252,ENSG00000064199,Q15506
2253,ENSG00000065923,Q96T83
2254,ENSG00000070778,Q16825
2255,ENSG00000072042,Q8TC12
2256,ENSG00000081138,Q9ULB5
2257,ENSG00000081277,Q13835
2258,ENSG00000082512,O00463
2259,ENSG00000089022,Q8IW41
2260,ENSG00000105220,P06744
2261,ENSG00000105855,P26012
2262,ENSG00000107341,Q712K3
2263,ENSG00000108039,Q9NQW7
2264,ENSG00000109606,O43143
2265,ENSG00000112562,Q9H3U7
2266,ENSG00000115604,Q13478
2267,ENSG00000116691,Q5JXC2
2268,ENSG00000116824,P06729
2269,ENSG00000118260,P16220
2270,ENSG00000118705,P04844
2271,ENSG00000118785,P10451
2272,ENSG00000119673,P49753
2273,ENSG00000121274,Q8NDF8
2274,ENSG00000122584,P58417
2275,ENSG00000123572,Q7Z2Y5
2276,ENSG00000123728,Q9Y3L5
2277,ENSG00000124613,Q9UJN7
2278,ENSG00000125779,Q9BZ23
2279,ENSG00000125912,Q969V3
2280,ENSG00000125977,P20042
2281,ENSG00000126262,O15552
2282,ENSG00000127526,Q96K37
2283,ENSG00000127804,Q86W50
2284,ENSG00000129221,Q9NZN9
2285,ENSG00000130508,Q92626
2286,ENSG00000132122,Q9NWH7
2287,ENSG00000134077,Q9BV44
2288,ENSG00000135426,A2RU30
2289,ENSG00000138286,Q96BN6
2290,ENSG00000138686,Q8IWZ6
2291,ENSG00000138769,Q92772
2292,ENSG00000138813,Q53FE4
2293,ENSG00000139567,P37023
2294,ENSG00000140030,Q8IYL9
2295,ENSG00000140873,Q8TE60
2296,ENSG00000141433,P18509
2297,ENSG00000142208,P31749
2298,ENSG00000142657,P52209
2299,ENSG00000143376,Q96L92
2300,ENSG00000146833,Q9C037
2301,ENSG00000146834,Q7L2J0
2302,ENSG00000146918,Q86XI2
2303,ENSG00000149646,Q96M20
2304,ENSG00000151023,Q8TC29
2305,ENSG00000152154,Q8NBL3
2306,ENSG00000154134,Q96MS0
2307,ENSG00000156521,Q2T9J0
2308,ENSG00000157637,Q9HBR0
2309,ENSG00000162391,Q8WW52
2310,ENSG00000162461,Q6PIV7
2311,ENSG00000163686,Q9BV23
2312,ENSG00000164176,O43854
2313,ENSG00000164237,Q96DG6
2314,ENSG00000164574,Q86SR1
2315,ENSG00000164626,O95279
2316,ENSG00000164932,Q96CG8
2317,ENSG00000165168,P04839
2318,ENSG00000165501,Q96L50
2319,ENSG00000165891,Q96AV8
2320,ENSG00000166073,Q14439
2321,ENSG00000166592,P55042
2322,ENSG00000167394,Q96K58
2323,ENSG00000168703,Q8WWY7
2324,ENSG00000169714,P62633
2325,ENSG00000170456,Q6ZUT9
2326,ENSG00000170775,O15354
2327,ENSG00000172487,Q8NGP2
2328,ENSG00000175040,Q9Y4C5
2329,ENSG00000175294,Q8NEC5
2330,ENSG00000176248,Q9UJX6
2331,ENSG00000177098,Q8IWT1
2332,ENSG00000177426,Q15583
2333,ENSG00000178531,P60606
2334,ENSG00000178750,Q8N4C7
2335,ENSG00000180901,Q14681
2336,ENSG00000181234,Q8N3T6
2337,ENSG00000182583,Q9H320
2338,ENSG00000183090,P0C091
2339,ENSG00000183624,Q96FZ2
2340,ENSG00000185158,Q96QE4
2341,ENSG00000185177,Q96JC4
2342,ENSG00000185236,Q15907
2343,ENSG00000186143,Q53SZ7
2344,ENSG00000186160,Q86W10
2345,ENSG00000187166,Q75WM6
2346,ENSG00000188483,Q5T953
2347,ENSG00000188807,Q5SNT2
2348,ENSG00000188997,Q4G0X4
2349,ENSG00000196605,Q147U1
2350,ENSG00000196724,Q8TF45
2351,ENSG00000197123,Q8IYX0
2352,ENSG00000197360,A6NK75
2353,ENSG00000198064,A6NJU9
2354,ENSG00000198720,Q86YJ7
2355,ENSG00000198848,P23141
2356,ENSG00000203942,Q5T681
2357,ENSG00000204381,Q6UX15
2358,ENSG00000204386,Q99519
2359,ENSG00000204525,P10321
2360,ENSG00000204592,P13747
2361,ENSG00000213186,Q8IWR1
2362,ENSG00000214113,Q9HD34
2363,ENSG00000214642,Q30KQ7
2364,ENSG00000215269,P0CL81
2365,ENSG00000215269,O76087
2366,ENSG00000215269,P0CL82
2367,ENSG00000235631,Q8N7C7
2368,ENSG00000236362,P0CL80
2369,ENSG00000236362,O76087
2370,ENSG00000236362,P0CL82
2371,ENSG00000236980,H3BNL1
2372,ENSG00000237440,O75373
2373,ENSG00000237671,A1L429
2374,ENSG00000244607,Q8IYE1
2375,ENSG00000256294,Q9UK10
2376,ENSG00000269067,P0DKX0
2377,ENSG00000276040,Q8IWB4
2378,ENSG00000004939,P02730
2379,ENSG00000042445,Q6NUM9
2380,ENSG00000055483,Q9P275
2381,ENSG00000066926,P22830
2382,ENSG00000074527,Q9HB63
2383,ENSG00000087884,Q9H7C9
2384,ENSG00000088992,Q96BS2
2385,ENSG00000100083,Q9UJY5
2386,ENSG00000100365,Q15080
2387,ENSG00000100599,Q8TB24
2388,ENSG00000100626,Q8N428
2389,ENSG00000100814,Q9NPC3
2390,ENSG00000100979,P55058
2391,ENSG00000106344,Q9NW13
2392,ENSG00000106483,Q6FHJ7
2393,ENSG00000106636,O15498
2394,ENSG00000106772,Q8WUY3
2395,ENSG00000108592,Q8IY81
2396,ENSG00000108840,Q9UQL6
2397,ENSG00000110777,Q16633
2398,ENSG00000111725,Q9Y478
2399,ENSG00000112208,O95816
2400,ENSG00000113558,P63208
2401,ENSG00000114529,Q5BVD1
2402,ENSG00000117298,P42892
2403,ENSG00000117400,P40238
2404,ENSG00000117877,O15446
2405,ENSG00000121104,Q9C073
2406,ENSG00000124260,P43363
2407,ENSG00000125492,Q9BZE3
2408,ENSG00000131437,Q9Y496
2409,ENSG00000132254,P53365
2410,ENSG00000133055,Q13203
2411,ENSG00000133135,Q8TEB7
2412,ENSG00000134278,Q08AE8
2413,ENSG00000135211,Q9H2L4
2414,ENSG00000136051,Q2M389
2415,ENSG00000136449,Q8TBZ2
2416,ENSG00000136542,Q7Z7M9
2417,ENSG00000137135,Q8N4T4
2418,ENSG00000138600,Q8TCT8
2419,ENSG00000138678,Q53EU6
2420,ENSG00000140905,P23434
2421,ENSG00000141012,P34059
2422,ENSG00000143418,Q96G23
2423,ENSG00000143845,Q9NVF9
2424,ENSG00000144792,Q6AZW8
2425,ENSG00000146776,Q9ULK2
2426,ENSG00000147246,P28335
2427,ENSG00000147570,Q9UF47
2428,ENSG00000149201,Q6ZN84
2429,ENSG00000149328,Q8IW92
2430,ENSG00000149485,O60427
2431,ENSG00000151474,Q9P2Q2
2432,ENSG00000151779,A2RRP1
2433,ENSG00000152684,Q9BRX2
2434,ENSG00000153207,Q8WYP5
2435,ENSG00000155760,O75084
2436,ENSG00000156574,Q96S42
2437,ENSG00000159224,P09681
2438,ENSG00000159259,Q13112
2439,ENSG00000160803,Q9NRR5
2440,ENSG00000163633,Q96KX1
2441,ENSG00000164292,O94955
2442,ENSG00000164707,Q9UKG4
2443,ENSG00000164849,Q96CH1
2444,ENSG00000164949,P55040
2445,ENSG00000165480,Q8IX90
2446,ENSG00000165512,P17026
2447,ENSG00000165887,Q9GZV1
2448,ENSG00000167182,Q02086
2449,ENSG00000167851,Q9UGN4
2450,ENSG00000168269,Q12951
2451,ENSG00000168300,Q96MG8
2452,ENSG00000168887,Q2NKX9
2453,ENSG00000169155,O43298
2454,ENSG00000170835,P19835
2455,ENSG00000170906,O95167
2456,ENSG00000170921,Q9HCD6
2457,ENSG00000171174,Q9H477
2458,ENSG00000171824,Q01780
2459,ENSG00000171872,Q5JT82
2460,ENSG00000171885,P55087
2461,ENSG00000172366,Q9BUT9
2462,ENSG00000172939,O95747
2463,ENSG00000173226,Q15051
2464,ENSG00000175137,Q7L8J4
2465,ENSG00000175727,Q9HAP2
2466,ENSG00000179397,Q5SY80
2467,ENSG00000182957,Q96N96
2468,ENSG00000184210,Q6ZPD8
2469,ENSG00000184281,Q9Y5U2
2470,ENSG00000185634,Q6S5L8
2471,ENSG00000186732,O15442
2472,ENSG00000187416,Q86UP9
2473,ENSG00000187554,O60602
2474,ENSG00000187997,Q6UX52
2475,ENSG00000188257,P14555
2476,ENSG00000188306,A6NIV6
2477,ENSG00000188760,Q66K66
2478,ENSG00000189167,A6NP61
2479,ENSG00000196663,O15040
2480,ENSG00000197361,Q6P050
2481,ENSG00000198133,Q8NBD8
2482,ENSG00000198156,E9PJ23
2483,ENSG00000198863,Q96C34
2484,ENSG00000203880,Q9NV79
2485,ENSG00000204822,Q96EL3
2486,ENSG00000205922,O60422
2487,ENSG00000214336,A8MTJ6
2488,ENSG00000214954,Q6ZNQ3
2489,ENSG00000223865,P04440
2490,ENSG00000227151,P86480
2491,ENSG00000229676,Q9P255
2492,ENSG00000233232,O75200
2493,ENSG00000234906,P02655
2494,ENSG00000237136,C9J302
2495,ENSG00000238210,Q3ZM63
2496,ENSG00000241852,Q8NAV2
2497,ENSG00000244165,Q96G91
2498,ENSG00000244694,Q6ZW05
2499,ENSG00000257138,P59533
2500,ENSG00000262179,A0A1B0GTQ4
2501,ENSG00000263465,Q9BRL6
2502,ENSG00000270885,Q96S79
2503,ENSG00000286014,P0DUD4
2504,ENSG00000016082,P61371
2505,ENSG00000036549,Q8IYH5
2506,ENSG00000075568,Q92545
2507,ENSG00000084090,Q9NQZ5
2508,ENSG00000092978,Q9NW75
2509,ENSG00000100767,O95428
2510,ENSG00000101670,Q9Y5X9
2511,ENSG00000101782,O14730
2512,ENSG00000101911,P11908
2513,ENSG00000103056,Q9NY59
2514,ENSG00000104205,Q96BR1
2515,ENSG00000105227,Q9BXM0
2516,ENSG00000105329,P01137
2517,ENSG00000105392,O43186
2518,ENSG00000105464,O15399
2519,ENSG00000105821,Q99543
2520,ENSG00000105866,Q02446
2521,ENSG00000106049,P31937
2522,ENSG00000106066,Q9H3G5
2523,ENSG00000108256,Q7Z417
2524,ENSG00000109255,P48645
2525,ENSG00000111046,P23409
2526,ENSG00000111752,P78364
2527,ENSG00000114395,O14569
2528,ENSG00000115211,Q9UI10
2529,ENSG00000115446,Q53HI1
2530,ENSG00000116793,Q9UMS5
2531,ENSG00000119013,O43676
2532,ENSG00000122085,Q7Z6M4
2533,ENSG00000122912,P16260
2534,ENSG00000124302,Q9H2A9
2535,ENSG00000125414,Q9UKX2
2536,ENSG00000126231,P22891
2537,ENSG00000128694,Q9H4B0
2538,ENSG00000131050,Q96DR5
2539,ENSG00000131668,Q9HBU1
2540,ENSG00000133028,O75880
2541,ENSG00000133561,Q6P9H5
2542,ENSG00000133619,A5PL33
2543,ENSG00000134243,Q99523
2544,ENSG00000134253,Q9H8W5
2545,ENSG00000135124,Q99571
2546,ENSG00000135362,Q6MZQ0
2547,ENSG00000135476,Q14674
2548,ENSG00000135723,Q9Y613
2549,ENSG00000136197,Q9BPX7
2550,ENSG00000136451,Q14119
2551,ENSG00000137075,Q9H0F5
2552,ENSG00000138944,Q3SXP7
2553,ENSG00000140506,Q9HAT1
2554,ENSG00000141642,Q9H777
2555,ENSG00000142453,Q86X55
2556,ENSG00000143318,P31415
2557,ENSG00000143324,Q9UBH6
2558,ENSG00000147596,Q9GZV8
2559,ENSG00000148396,O15027
2560,ENSG00000148734,Q9GZQ6
2561,ENSG00000152240,Q96CS2
2562,ENSG00000156966,Q8NFL0
2563,ENSG00000157353,Q8N0W3
2564,ENSG00000158077,Q86W24
2565,ENSG00000158786,Q9BZM2
2566,ENSG00000159166,O00515
2567,ENSG00000162105,Q9UPX8
2568,ENSG00000163521,Q6UWU2
2569,ENSG00000164096,Q8WVX3
2570,ENSG00000164484,Q86VY9
2571,ENSG00000165682,Q9P126
2572,ENSG00000165689,Q96C92
2573,ENSG00000166508,P33993
2574,ENSG00000166828,P51170
2575,ENSG00000167635,Q15072
2576,ENSG00000170473,Q9BRP8
2577,ENSG00000170684,Q8WUU4
2578,ENSG00000171067,Q96F05
2579,ENSG00000171509,Q9HBX9
2580,ENSG00000171786,Q02575
2581,ENSG00000171804,Q6ZQQ6
2582,ENSG00000173418,P61599
2583,ENSG00000174373,Q6GYQ0
2584,ENSG00000175155,Q96QA6
2585,ENSG00000176681,A6NMS7
2586,ENSG00000176919,P07360
2587,ENSG00000179636,P59282
2588,ENSG00000180269,Q6DWJ6
2589,ENSG00000180329,Q96MW1
2590,ENSG00000181704,Q96EC8
2591,ENSG00000181773,P46089
2592,ENSG00000181826,Q8IUW5
2593,ENSG00000182107,Q3MIR4
2594,ENSG00000182223,Q86SH2
2595,ENSG00000183560,A6ND01
2596,ENSG00000183715,Q14982
2597,ENSG00000183955,Q9NQR1
2598,ENSG00000183979,Q8NG41
2599,ENSG00000185013,Q96P26
2600,ENSG00000185163,Q8N8A6
2601,ENSG00000187969,Q8WW36
2602,ENSG00000188191,P31321
2603,ENSG00000196247,Q9UII5
2604,ENSG00000197497,Q9H7R5
2605,ENSG00000198028,Q96MR9
2606,ENSG00000198585,Q96DE0
2607,ENSG00000198951,P17050
2608,ENSG00000203780,Q8TC84
2609,ENSG00000204347,A6NE02
2610,ENSG00000204406,Q9P267
2611,ENSG00000204695,Q9UGF5
2612,ENSG00000204919,P86496
2613,ENSG00000205629,Q9UIC8
2614,ENSG00000205810,Q07444
2615,ENSG00000212933,P60329
2616,ENSG00000214140,Q00LT1
2617,ENSG00000226321,H7BZ55
2618,ENSG00000228856,Q0WX57
2619,ENSG00000234127,Q12899
2620,ENSG00000239282,Q8WTX7
2621,ENSG00000241106,P13765
2622,ENSG00000241404,Q99944
2623,ENSG00000251154,P0DTF9
2624,ENSG00000276240,P0C645
2625,ENSG00000278129,P17098
2626,ENSG00000284609,Q8NGG8
2627,ENSG00000009844,Q9NP79
2628,ENSG00000013364,Q14764
2629,ENSG00000019186,Q07973
2630,ENSG00000037965,P31273
2631,ENSG00000064932,Q9Y2G9
2632,ENSG00000065268,Q9BV38
2633,ENSG00000075223,Q99985
2634,ENSG00000077498,P14679
2635,ENSG00000085224,P46100
2636,ENSG00000092054,P12883
2637,ENSG00000095370,Q8N5H7
2638,ENSG00000100307,O95931
2639,ENSG00000102743,Q9Y619
2640,ENSG00000103550,Q1ED39
2641,ENSG00000104998,Q6UWB1
2642,ENSG00000105085,O95402
2643,ENSG00000105401,Q16543
2644,ENSG00000105738,O60292
2645,ENSG00000107742,Q92563
2646,ENSG00000109163,P30968
2647,ENSG00000109787,P57682
2648,ENSG00000115183,Q9C0D5
2649,ENSG00000115760,Q9NR09
2650,ENSG00000115850,P09848
2651,ENSG00000117834,Q2M3M2
2652,ENSG00000119446,Q96H35
2653,ENSG00000119953,O75940
2654,ENSG00000120708,Q15582
2655,ENSG00000121671,Q49AN0
2656,ENSG00000123561,P05543
2657,ENSG00000124134,Q96KK3
2658,ENSG00000124151,Q9Y6Q9
2659,ENSG00000124721,Q96JB1
2660,ENSG00000126500,Q9NZU1
2661,ENSG00000128335,Q9BQE5
2662,ENSG00000128610,A0PJY2
2663,ENSG00000128965,Q9BUX1
2664,ENSG00000131791,O43741
2665,ENSG00000132297,C9JL84
2666,ENSG00000133398,Q9BTT4
2667,ENSG00000134775,Q2V2M9
2668,ENSG00000135702,Q9GZS9
2669,ENSG00000136715,Q9H0E3
2670,ENSG00000136982,Q9BVC3
2671,ENSG00000137948,Q58F21
2672,ENSG00000138308,Q9BX93
2673,ENSG00000138363,P31939
2674,ENSG00000139364,Q14DG7
2675,ENSG00000149564,Q96AP7
2676,ENSG00000151414,Q8TDX7
2677,ENSG00000151748,Q9H4B6
2678,ENSG00000152592,Q13316
2679,ENSG00000154447,Q7Z6J0
2680,ENSG00000157181,Q5SWX8
2681,ENSG00000159713,Q9BW30
2682,ENSG00000160188,Q8WYR4
2683,ENSG00000160799,Q8WUD4
2684,ENSG00000162365,Q5TCH4
2685,ENSG00000163293,Q6NVV3
2686,ENSG00000163623,P78426
2687,ENSG00000163935,Q9UHJ3
2688,ENSG00000165476,Q6NUK4
2689,ENSG00000165507,Q9NTK1
2690,ENSG00000166206,P28472
2691,ENSG00000166866,Q9UBC5
2692,ENSG00000167632,Q96Q05
2693,ENSG00000168490,Q92561
2694,ENSG00000168509,Q6ZVN8
2695,ENSG00000168781,Q6PFW1
2696,ENSG00000169067,Q562R1
2697,ENSG00000169951,Q96H86
2698,ENSG00000170266,P16278
2699,ENSG00000171863,P62081
2700,ENSG00000172046,O94966
2701,ENSG00000172059,O14901
2702,ENSG00000172340,Q96I99
2703,ENSG00000173011,Q86TJ2
2704,ENSG00000173250,Q8TDV0
2705,ENSG00000174738,Q14995
2706,ENSG00000175073,Q96JH7
2707,ENSG00000175701,Q8NCU8
2708,ENSG00000175970,A6NIH7
2709,ENSG00000177684,Q30KQ6
2710,ENSG00000180104,O60645
2711,ENSG00000180530,P48552
2712,ENSG00000181195,P01210
2713,ENSG00000182508,Q86WI0
2714,ENSG00000182774,P08708
2715,ENSG00000183690,Q5JST6
2716,ENSG00000183734,Q99929
2717,ENSG00000184227,Q86TX2
2718,ENSG00000184451,P46092
2719,ENSG00000185298,Q6PK04
2720,ENSG00000186496,Q96N95
2721,ENSG00000188316,A6NNW6
2722,ENSG00000188822,P34972
2723,ENSG00000196776,Q08722
2724,ENSG00000196814,Q9H7P6
2725,ENSG00000197614,Q13361
2726,ENSG00000197889,Q5JSS6
2727,ENSG00000198398,Q6UWW9
2728,ENSG00000198844,O94989
2729,ENSG00000203756,Q5VVB8
2730,ENSG00000205177,Q3C1V1
2731,ENSG00000212864,Q9H0X6
2732,ENSG00000215115,A8MYA2
2733,ENSG00000215712,Q9NWH2
2734,ENSG00000222038,P0CG39
2735,ENSG00000226430,P0C7H9
2736,ENSG00000226600,Q5JQC4
2737,ENSG00000231068,Q3LHN1
2738,ENSG00000231396,C9JJH3
2739,ENSG00000241241,G5E9R7
2740,ENSG00000243477,Q93015
2741,ENSG00000254505,Q9BY43
2742,ENSG00000258083,Q8NGU2
2743,ENSG00000258227,Q9NY25
2744,ENSG00000260314,P22897
2745,ENSG00000262628,P58170
2746,ENSG00000269343,E7ETH6
2747,ENSG00000272602,Q8IYB9
2748,ENSG00000273520,P0DUD1
2749,ENSG00000274570,P0DUX0
2750,ENSG00000291309,P0DTL4
2751,ENSG00000003509,Q7L592
2752,ENSG00000008869,Q9P2D3
2753,ENSG00000011083,Q99884
2754,ENSG00000022976,A8K0R7
2755,ENSG00000036448,P54296
2756,ENSG00000037757,Q9BV20
2757,ENSG00000039537,P13671
2758,ENSG00000070540,Q5MNZ9
2759,ENSG00000079462,Q15102
2760,ENSG00000080573,P25940
2761,ENSG00000081386,Q9Y2H8
2762,ENSG00000088766,Q9UJA2
2763,ENSG00000092200,Q96KN7
2764,ENSG00000096996,P42701
2765,ENSG00000100218,Q9UHP6
2766,ENSG00000100246,O96015
2767,ENSG00000100348,Q99757
2768,ENSG00000101282,Q2I0M5
2769,ENSG00000104213,Q15198
2770,ENSG00000106367,P61966
2771,ENSG00000110324,Q13651
2772,ENSG00000111241,P10767
2773,ENSG00000111775,P12074
2774,ENSG00000112079,Q15208
2775,ENSG00000113658,Q99717
2776,ENSG00000115255,Q96HR9
2777,ENSG00000116675,O75061
2778,ENSG00000117480,O00519
2779,ENSG00000117691,Q9UMX5
2780,ENSG00000119888,P16422
2781,ENSG00000120729,Q9UBF9
2782,ENSG00000121289,Q96ST8
2783,ENSG00000123268,P18846
2784,ENSG00000128581,Q9H7X7
2785,ENSG00000129824,P22090
2786,ENSG00000129862,O14598
2787,ENSG00000129864,O14598
2788,ENSG00000132205,Q9BXX0
2789,ENSG00000132464,Q9NRM1
2790,ENSG00000132522,Q13227
2791,ENSG00000132763,Q9Y4U1
2792,ENSG00000134817,P35414
2793,ENSG00000138386,Q13506
2794,ENSG00000139618,P51587
2795,ENSG00000139988,Q96NR8
2796,ENSG00000141682,Q13794
2797,ENSG00000142698,Q6P1W5
2798,ENSG00000143379,Q15047
2799,ENSG00000143947,P62979
2800,ENSG00000144848,Q9NT62
2801,ENSG00000145386,P20248
2802,ENSG00000146360,P46095
2803,ENSG00000147485,A1KZ92
2804,ENSG00000148123,Q8TBJ4
2805,ENSG00000151117,Q8N2M4
2806,ENSG00000151952,Q14C87
2807,ENSG00000152213,Q969Q4
2808,ENSG00000152292,Q7Z4S9
2809,ENSG00000152455,Q9H5I1
2810,ENSG00000154920,Q96AY2
2811,ENSG00000155511,P42261
2812,ENSG00000155970,Q86XE3
2813,ENSG00000156804,Q969P5
2814,ENSG00000157315,Q8WW62
2815,ENSG00000158859,O75173
2816,ENSG00000160229,Q6ZN08
2817,ENSG00000161509,Q14957
2818,ENSG00000161618,Q8IZ83
2819,ENSG00000162426,Q9Y2W3
2820,ENSG00000162456,A6PVL3
2821,ENSG00000163428,Q96CX6
2822,ENSG00000164535,Q8NCG7
2823,ENSG00000165424,Q8N2G6
2824,ENSG00000165526,Q96CM3
2825,ENSG00000165970,Q9Y345
2826,ENSG00000166166,Q96FX7
2827,ENSG00000167434,P22748
2828,ENSG00000168813,Q8TCN5
2829,ENSG00000169750,P60763
2830,ENSG00000170325,Q9NQV6
2831,ENSG00000171497,Q08752
2832,ENSG00000171757,Q8IZ02
2833,ENSG00000172426,Q9H1X1
2834,ENSG00000174547,Q9Y3B7
2835,ENSG00000175497,Q8N608
2836,ENSG00000176907,Q9NR00
2837,ENSG00000177383,Q9HAY2
2838,ENSG00000179902,Q5T5A4
2839,ENSG00000180011,Q8N4Q0
2840,ENSG00000180549,Q11130
2841,ENSG00000180878,Q8N5U0
2842,ENSG00000181192,Q96HY7
2843,ENSG00000182931,Q8IUB3
2844,ENSG00000183726,O95807
2845,ENSG00000184178,Q8WU76
2846,ENSG00000184389,U3KPV4
2847,ENSG00000184436,Q9BT49
2848,ENSG00000188266,A2RU49
2849,ENSG00000196268,Q6ZR52
2850,ENSG00000196821,Q9H6K1
2851,ENSG00000197683,Q6PEX3
2852,ENSG00000197712,Q8IWE2
2853,ENSG00000198242,P62750
2854,ENSG00000198900,P11387
2855,ENSG00000203933,Q5JRM2
2856,ENSG00000204424,Q5SQ64
2857,ENSG00000204610,Q9C019
2858,ENSG00000205846,Q6EIG7
2859,ENSG00000206075,P36952
2860,ENSG00000213672,Q9NZQ3
2861,ENSG00000213822,A8MTB9
2862,ENSG00000213930,P07902
2863,ENSG00000215910,Q5SNV9
2864,ENSG00000224712,F8WFD2
2865,ENSG00000226023,Q5JQC4
2866,ENSG00000230601,A0A1B0GUV7
2867,ENSG00000235387,A0A1B0GVQ0
2868,ENSG00000235961,P0CW24
2869,ENSG00000239382,Q3KRA9
2870,ENSG00000261949,I3L273
2871,ENSG00000264230,Q5VT79
2872,ENSG00000264424,Q9Y623
2873,ENSG00000277161,Q7Z7B1
2874,ENSG00000283654,A0A1B0GTW7
2875,ENSG00000006118,Q24JP5
2876,ENSG00000023608,Q16533
2877,ENSG00000043462,Q13094
2878,ENSG00000063761,Q86TW2
2879,ENSG00000064205,O76076
2880,ENSG00000080224,Q9UF33
2881,ENSG00000101222,Q9Y4P9
2882,ENSG00000101442,Q9H9F9
2883,ENSG00000105287,Q9BZL6
2884,ENSG00000107295,Q99962
2885,ENSG00000110203,P41439
2886,ENSG00000112936,P10643
2887,ENSG00000116017,Q99856
2888,ENSG00000116455,Q9BQA1
2889,ENSG00000117601,P01008
2890,ENSG00000118804,O95210
2891,ENSG00000121053,P11678
2892,ENSG00000121904,Q7Z408
2893,ENSG00000122779,O15164
2894,ENSG00000122859,Q9Y4Z2
2895,ENSG00000123739,Q9BZM1
2896,ENSG00000125398,P48436
2897,ENSG00000125885,Q9UJA3
2898,ENSG00000127220,Q96I13
2899,ENSG00000129437,Q9P0G3
2900,ENSG00000130433,Q9BXT2
2901,ENSG00000130707,P00966
2902,ENSG00000132031,O15232
2903,ENSG00000132604,Q15554
2904,ENSG00000132671,P31391
2905,ENSG00000132975,P47775
2906,ENSG00000133574,Q9NUV9
2907,ENSG00000134758,Q8WVD3
2908,ENSG00000134882,Q8NBM4
2909,ENSG00000135778,Q9BSD7
2910,ENSG00000135914,P41595
2911,ENSG00000136110,O75829
2912,ENSG00000136696,Q9NZH7
2913,ENSG00000138660,Q63HQ0
2914,ENSG00000140265,Q8IWY8
2915,ENSG00000140553,Q9H3U1
2916,ENSG00000141965,Q9BSK4
2917,ENSG00000142530,Q6IPT2
2918,ENSG00000142552,Q96D15
2919,ENSG00000143149,P49189
2920,ENSG00000145194,P0DPD6
2921,ENSG00000148296,O75683
2922,ENSG00000150551,Q8N2G4
2923,ENSG00000151553,Q5W0V3
2924,ENSG00000152782,Q8TE04
2925,ENSG00000153989,Q96E22
2926,ENSG00000154764,O00755
2927,ENSG00000155636,Q8IUH3
2928,ENSG00000156959,Q7Z7J7
2929,ENSG00000157240,Q9UP38
2930,ENSG00000158092,P16333
2931,ENSG00000160284,Q9H0A9
2932,ENSG00000162733,Q16832
2933,ENSG00000162738,Q9ULK5
2934,ENSG00000164776,Q16816
2935,ENSG00000165630,Q99633
2936,ENSG00000166197,Q14978
2937,ENSG00000168004,Q96KN8
2938,ENSG00000168802,P0CG13
2939,ENSG00000169692,O15120
2940,ENSG00000169918,Q8TE49
2941,ENSG00000170160,A2RUR9
2942,ENSG00000171451,Q8IZU8
2943,ENSG00000173786,P09543
2944,ENSG00000176678,Q12952
2945,ENSG00000177294,Q8N4B4
2946,ENSG00000178690,Q8N1N2
2947,ENSG00000179314,Q658N2
2948,ENSG00000179399,P78333
2949,ENSG00000179468,Q8NGT5
2950,ENSG00000180483,Q8N690
2951,ENSG00000181467,P61225
2952,ENSG00000181785,Q8N127
2953,ENSG00000182447,A6NHN0
2954,ENSG00000183654,A6NNE9
2955,ENSG00000183850,Q6ZMV8
2956,ENSG00000184113,O00501
2957,ENSG00000184735,Q86TM3
2958,ENSG00000184787,P60604
2959,ENSG00000185015,Q8N1Q1
2960,ENSG00000185049,Q9H3P2
2961,ENSG00000185290,A6NF83
2962,ENSG00000185958,A6NE01
2963,ENSG00000187612,Q8NH69
2964,ENSG00000187801,Q9UJL9
2965,ENSG00000196378,Q8IZ26
2966,ENSG00000196428,O75157
2967,ENSG00000196666,Q6P0A1
2968,ENSG00000196705,Q8TF32
2969,ENSG00000196772,Q8NHC5
2970,ENSG00000196860,Q6UXN7
2971,ENSG00000197808,Q8TAF7
2972,ENSG00000198547,Q8NBC4
2973,ENSG00000198642,Q9P2J3
2974,ENSG00000204291,P39059
2975,ENSG00000204849,Q5TZJ5
2976,ENSG00000205129,A7E2U8
2977,ENSG00000205642,Q9H321
2978,ENSG00000205809,P26717
2979,ENSG00000205899,Q7RTU4
2980,ENSG00000211584,Q6P1K1
2981,ENSG00000213424,Q8N1A0
2982,ENSG00000214940,P0DM63
2983,ENSG00000225828,H3BQW9
2984,ENSG00000227551,C9JPN9
2985,ENSG00000238083,A6NM11
2986,ENSG00000248933,D6RA61
2987,ENSG00000255302,Q9Y6B2
2988,ENSG00000255524,E9PQR5
2989,ENSG00000258436,Q5GAN4
2990,ENSG00000260903,Q5GH72
2991,ENSG00000267467,P55056
2992,ENSG00000290320,P0DW85
2993,ENSG00000002587,O14792
2994,ENSG00000004776,O14558
2995,ENSG00000006606,Q9Y258
2996,ENSG00000012963,Q8N806
2997,ENSG00000043039,Q9UMQ3
2998,ENSG00000050344,Q9Y4A8
2999,ENSG00000066056,P35590
3000,ENSG00000080561,Q9UJV3
3001,ENSG00000090447,Q01664
3002,ENSG00000091536,Q9UKN7
3003,ENSG00000092295,P22735
3004,ENSG00000095596,O43174
3005,ENSG00000095777,Q8NEV4
3006,ENSG00000100027,O60688
3007,ENSG00000100580,Q6PL24
3008,ENSG00000101298,O15079
3009,ENSG00000102970,Q92583
3010,ENSG00000104140,Q96L33
3011,ENSG00000106554,Q9NX63
3012,ENSG00000107833,O75607
3013,ENSG00000107874,Q9H467
3014,ENSG00000112159,Q9NU22
3015,ENSG00000114796,Q6TFL4
3016,ENSG00000114841,Q9P2D7
3017,ENSG00000115145,O75886
3018,ENSG00000116031,Q9UJ71
3019,ENSG00000116096,P35270
3020,ENSG00000118156,Q9H0D2
3021,ENSG00000119900,Q5TC84
3022,ENSG00000120137,Q9H999
3023,ENSG00000120334,Q8N0S6
3024,ENSG00000121073,P78383
3025,ENSG00000121207,O95237
3026,ENSG00000121898,Q8N436
3027,ENSG00000124196,Q9H1H1
3028,ENSG00000124749,Q96P44
3029,ENSG00000125409,Q9BXF9
3030,ENSG00000127483,Q5SSJ5
3031,ENSG00000129038,Q08397
3032,ENSG00000129625,Q00765
3033,ENSG00000129933,Q9Y6X3
3034,ENSG00000130701,Q8NC74
3035,ENSG00000130772,Q9BUE0
3036,ENSG00000130810,Q9NQ55
3037,ENSG00000131724,P78552
3038,ENSG00000135940,P10606
3039,ENSG00000136169,Q96T68
3040,ENSG00000136875,O43172
3041,ENSG00000139266,Q86YJ5
3042,ENSG00000140836,Q15911
3043,ENSG00000141424,Q13433
3044,ENSG00000143753,O15121
3045,ENSG00000144852,O75469
3046,ENSG00000145569,Q9NUU6
3047,ENSG00000145936,Q16558
3048,ENSG00000148110,Q5SR56
3049,ENSG00000151360,Q8N6M5
3050,ENSG00000152484,O75317
3051,ENSG00000154928,P54762
3052,ENSG00000155158,Q5VTQ0
3053,ENSG00000155876,Q7L523
3054,ENSG00000158691,O43309
3055,ENSG00000160321,O43345
3056,ENSG00000161996,Q96KV7
3057,ENSG00000162517,Q9UBV8
3058,ENSG00000162896,P01833
3059,ENSG00000163586,P07148
3060,ENSG00000163710,Q9UKZ9
3061,ENSG00000164346,O95478
3062,ENSG00000164406,Q969E1
3063,ENSG00000165078,Q8N4T0
3064,ENSG00000166664,Q494W8
3065,ENSG00000167850,Q08708
3066,ENSG00000167858,Q969V4
3067,ENSG00000168333,Q8WWR9
3068,ENSG00000168924,O95202
3069,ENSG00000169100,P12236
3070,ENSG00000170049,O43448
3071,ENSG00000172201,P47928
3072,ENSG00000172935,Q96AM1
3073,ENSG00000175322,Q8TB69
3074,ENSG00000178075,Q8IYS0
3075,ENSG00000179008,Q8N1H7
3076,ENSG00000180694,Q6YI46
3077,ENSG00000181029,Q8IUR0
3078,ENSG00000181092,Q15848
3079,ENSG00000181690,Q6DJT9
3080,ENSG00000183150,Q15760
3081,ENSG00000183206,B2RU33
3082,ENSG00000183808,Q8IXT5
3083,ENSG00000183853,Q96J84
3084,ENSG00000184860,Q8WUS8
3085,ENSG00000185565,Q13449
3086,ENSG00000185875,Q8IYQ7
3087,ENSG00000187994,Q6ZS11
3088,ENSG00000188001,Q6ZUI0
3089,ENSG00000188636,Q6ICC9
3090,ENSG00000189375,Q2M2D7
3091,ENSG00000196350,A6NN14
3092,ENSG00000197013,Q86V71
3093,ENSG00000197265,P29084
3094,ENSG00000198692,O14602
3095,ENSG00000204165,A6NEN9
3096,ENSG00000204574,Q8NE71
3097,ENSG00000204779,Q5VV16
3098,ENSG00000205856,Q6IC83
3099,ENSG00000213988,Q03938
3100,ENSG00000221968,Q9Y5Q0
3101,ENSG00000229474,C9JE40
3102,ENSG00000230347,Q5JQC4
3103,ENSG00000230873,H3BQB6
3104,ENSG00000248920,D6RCP7
3105,ENSG00000249811,D6R901
3106,ENSG00000253958,Q96B33
3107,ENSG00000262461,A0A494C191
3108,ENSG00000273540,Q96MI9
3109,ENSG00000274274,Q4V321
3110,ENSG00000283703,P0DP72
3111,ENSG00000284024,A0A1W2PQ72
3112,ENSG00000025423,O14756
3113,ENSG00000034239,Q9HAE3
3114,ENSG00000036473,P00480
3115,ENSG00000039139,Q8TE73
3116,ENSG00000049860,P07686
3117,ENSG00000051341,O75417
3118,ENSG00000072501,Q14683
3119,ENSG00000076650,Q9BRR8
3120,ENSG00000086065,Q9NZZ3
3121,ENSG00000090432,Q969V5
3122,ENSG00000096433,Q14573
3123,ENSG00000100362,P20472
3124,ENSG00000102468,P28223
3125,ENSG00000104889,O75792
3126,ENSG00000105352,O75871
3127,ENSG00000105520,Q96GM1
3128,ENSG00000106080,Q9NWM8
3129,ENSG00000106624,Q8IUX7
3130,ENSG00000107262,Q99933
3131,ENSG00000109061,P12882
3132,ENSG00000113441,Q9UIQ6
3133,ENSG00000116117,Q8TEW8
3134,ENSG00000116981,Q9BXI3
3135,ENSG00000117215,Q9UNK4
3136,ENSG00000119231,Q96HI0
3137,ENSG00000120129,P28562
3138,ENSG00000120329,Q9BXI2
3139,ENSG00000120498,Q8IYF3
3140,ENSG00000122863,Q7LGC8
3141,ENSG00000124160,Q9HCD5
3142,ENSG00000124664,O95238
3143,ENSG00000125848,Q9NZU0
3144,ENSG00000128268,Q09327
3145,ENSG00000128342,P15018
3146,ENSG00000131264,O14627
3147,ENSG00000132801,Q96MP5
3148,ENSG00000134996,Q92882
3149,ENSG00000135828,Q05823
3150,ENSG00000135929,Q02318
3151,ENSG00000136463,Q9BSH4
3152,ENSG00000136697,Q8WWZ1
3153,ENSG00000138182,Q96Q89
3154,ENSG00000139874,P30872
3155,ENSG00000139921,Q9H3N1
3156,ENSG00000139974,Q8IZM9
3157,ENSG00000143614,Q8WXI9
3158,ENSG00000145476,Q6ZWL3
3159,ENSG00000145839,P15248
3160,ENSG00000146378,Q9P1P5
3161,ENSG00000150867,P48426
3162,ENSG00000151729,P12235
3163,ENSG00000155749,Q96Q35
3164,ENSG00000156172,Q96NL8
3165,ENSG00000156384,Q86XK3
3166,ENSG00000156885,Q02221
3167,ENSG00000156928,Q96EH3
3168,ENSG00000157219,P47898
3169,ENSG00000159251,P68032
3170,ENSG00000162408,Q5SY16
3171,ENSG00000162763,Q8N7C0
3172,ENSG00000163162,Q8NC42
3173,ENSG00000163288,P18505
3174,ENSG00000163661,P26022
3175,ENSG00000165694,Q6ZUT3
3176,ENSG00000166603,P32245
3177,ENSG00000167077,Q5TIA1
3178,ENSG00000167769,Q8TDN7
3179,ENSG00000169612,Q9BTL3
3180,ENSG00000169618,Q8TCW9
3181,ENSG00000169902,O60507
3182,ENSG00000171488,Q8TDW0
3183,ENSG00000171492,Q7L1W4
3184,ENSG00000172350,Q9H172
3185,ENSG00000172432,Q9BX10
3186,ENSG00000174226,Q8N9S9
3187,ENSG00000176076,Q9UJ90
3188,ENSG00000176170,Q9NYA1
3189,ENSG00000176182,Q86VE0
3190,ENSG00000176476,Q96ES7
3191,ENSG00000177932,Q86Y25
3192,ENSG00000178934,P47929
3193,ENSG00000179299,Q8NE18
3194,ENSG00000179431,Q86VR8
3195,ENSG00000179813,Q8N7L0
3196,ENSG00000180182,O60244
3197,ENSG00000181433,Q9NXZ1
3198,ENSG00000181499,Q8NGN1
3199,ENSG00000183128,Q86XJ0
3200,ENSG00000183318,A6NLX3
3201,ENSG00000183475,Q9H672
3202,ENSG00000184544,A6NNS2
3203,ENSG00000184895,Q05066
3204,ENSG00000186666,Q7Z5W3
3205,ENSG00000187537,Q6S5H5
3206,ENSG00000187792,Q9UC06
3207,ENSG00000188991,A6NIM6
3208,ENSG00000189064,Q6NT46
3209,ENSG00000197057,Q6ZMT9
3210,ENSG00000198732,Q9H4F8
3211,ENSG00000204519,Q7Z340
3212,ENSG00000204671,Q6EBC2
3213,ENSG00000213793,P0CJ79
3214,ENSG00000213949,P56199
3215,ENSG00000224659,A6NER3
3216,ENSG00000229544,Q9UD57
3217,ENSG00000229579,Q0WX57
3218,ENSG00000230358,A0A494C086
3219,ENSG00000230549,Q7RTZ2
3220,ENSG00000234278,P86478
3221,ENSG00000236125,A6NCW7
3222,ENSG00000241685,Q92747
3223,ENSG00000242220,Q8TDR4
3224,ENSG00000250254,Q9NZH5
3225,ENSG00000250745,D6RJB6
3226,ENSG00000255855,A0A1W2PPD8
3227,ENSG00000257365,P49356
3228,ENSG00000261308,A6NMB9
3229,ENSG00000275969,Q5VYP0
3230,ENSG00000276023,O95147
3231,ENSG00000279961,Q8NH85
3232,ENSG00000283758,A0A1W2PS18
3233,ENSG00000284917,P0DPD8
3234,ENSG00000014257,P15309
3235,ENSG00000034693,P56589
3236,ENSG00000076513,Q8IZ07
3237,ENSG00000077935,Q8NDV3
3238,ENSG00000078098,Q12884
3239,ENSG00000078814,A7E2Y1
3240,ENSG00000080007,Q9NXZ2
3241,ENSG00000081181,P78540
3242,ENSG00000082458,Q92796
3243,ENSG00000085840,Q13415
3244,ENSG00000086061,P31689
3245,ENSG00000086570,Q9NYQ8
3246,ENSG00000087303,Q14112
3247,ENSG00000099337,Q9Y257
3248,ENSG00000099804,P49427
3249,ENSG00000100154,Q96AY4
3250,ENSG00000100288,Q9Y259
3251,ENSG00000101230,B1AKI9
3252,ENSG00000101945,O43463
3253,ENSG00000105519,Q13938
3254,ENSG00000105605,P62955
3255,ENSG00000108417,O76014
3256,ENSG00000111490,Q9Y2I9
3257,ENSG00000112110,Q9H0U6
3258,ENSG00000112273,Q5TGJ6
3259,ENSG00000112333,Q9Y466
3260,ENSG00000112619,P23942
3261,ENSG00000113504,Q9Y666
3262,ENSG00000114686,P09001
3263,ENSG00000116918,Q99598
3264,ENSG00000117069,Q9BVH7
3265,ENSG00000118231,P07320
3266,ENSG00000118620,Q9H8G1
3267,ENSG00000118997,Q8WXX0
3268,ENSG00000123562,Q15014
3269,ENSG00000124827,O75603
3270,ENSG00000125207,Q96J94
3271,ENSG00000125753,P50552
3272,ENSG00000126003,Q9UPG8
3273,ENSG00000126464,Q9ULL5
3274,ENSG00000127951,Q14314
3275,ENSG00000127995,Q96PB1
3276,ENSG00000128641,O43795
3277,ENSG00000130427,P01588
3278,ENSG00000131507,Q9BT67
3279,ENSG00000131652,Q86W42
3280,ENSG00000132646,P12004
3281,ENSG00000135070,Q9BUE6
3282,ENSG00000135175,P0CE71
3283,ENSG00000137441,Q9BYJ0
3284,ENSG00000139797,Q8IZP6
3285,ENSG00000140285,P21781
3286,ENSG00000142279,A6NIX2
3287,ENSG00000146955,A4D1S5
3288,ENSG00000149300,Q96A22
3289,ENSG00000149633,Q5JYT7
3290,ENSG00000150637,Q15762
3291,ENSG00000157837,Q8TCT6
3292,ENSG00000158286,Q6ZRF8
3293,ENSG00000158825,P32320
3294,ENSG00000159433,Q9P2P6
3295,ENSG00000160182,P04155
3296,ENSG00000160994,Q8IYK2
3297,ENSG00000161980,Q9Y2Y1
3298,ENSG00000162999,Q8WTR2
3299,ENSG00000163069,Q16585
3300,ENSG00000163344,Q15126
3301,ENSG00000163347,O95832
3302,ENSG00000163453,Q16270
3303,ENSG00000163933,Q96AA3
3304,ENSG00000164142,Q05DH4
3305,ENSG00000164296,Q17RP2
3306,ENSG00000164379,Q9C009
3307,ENSG00000164715,Q8IWU2
3308,ENSG00000167653,O43653
3309,ENSG00000168884,Q8NFZ5
3310,ENSG00000170037,Q8N137
3311,ENSG00000170099,P08185
3312,ENSG00000170807,Q6P5Q4
3313,ENSG00000171054,Q8NG92
3314,ENSG00000171119,Q99748
3315,ENSG00000171311,Q9Y3B2
3316,ENSG00000171596,Q9HB89
3317,ENSG00000177238,Q6ZMU5
3318,ENSG00000177465,Q8N9L9
3319,ENSG00000177504,Q9H322
3320,ENSG00000177947,Q96PU9
3321,ENSG00000178404,Q96MC4
3322,ENSG00000178605,O43824
3323,ENSG00000178719,Q7Z429
3324,ENSG00000179142,P19099
3325,ENSG00000179564,Q8N112
3326,ENSG00000181754,Q86WK6
3327,ENSG00000181873,Q5T440
3328,ENSG00000182197,Q16394
3329,ENSG00000182472,Q6ZSI9
3330,ENSG00000182636,Q99608
3331,ENSG00000184602,O75324
3332,ENSG00000185129,Q00577
3333,ENSG00000186973,A6NL82
3334,ENSG00000188730,Q2TAL6
3335,ENSG00000196126,P01911
3336,ENSG00000197616,P13533
3337,ENSG00000198865,Q4G0S7
3338,ENSG00000204815,Q96NG3
3339,ENSG00000205710,Q6ZR85
3340,ENSG00000214300,A6NKU9
3341,ENSG00000214415,A8MTJ3
3342,ENSG00000214753,Q1KMD3
3343,ENSG00000216649,A1L429
3344,ENSG00000221910,O95006
3345,ENSG00000227059,E9PGG2
3346,ENSG00000227488,A1L429
3347,ENSG00000229665,P86479
3348,ENSG00000232268,Q8NGK6
3349,ENSG00000234444,B4DX44
3350,ENSG00000237693,A1A4Y4
3351,ENSG00000248485,A6NKN8
3352,ENSG00000253250,P0DMB2
3353,ENSG00000253548,Q56P42
3354,ENSG00000280165,Q8N6Y1
3355,ENSG00000280969,Q8TD47
3356,ENSG00000006062,Q99558
3357,ENSG00000006453,Q9UHR4
3358,ENSG00000013523,Q9UNK9
3359,ENSG00000020633,Q13761
3360,ENSG00000044012,Q16661
3361,ENSG00000058335,Q13972
3362,ENSG00000072133,Q9UK32
3363,ENSG00000076826,Q9P1Y5
3364,ENSG00000095587,Q9Y6L7
3365,ENSG00000100170,P13866
3366,ENSG00000101463,Q9H7V2
3367,ENSG00000102886,Q7L5L3
3368,ENSG00000104324,Q9Y646
3369,ENSG00000104371,Q9UBT3
3370,ENSG00000104885,Q8TEK3
3371,ENSG00000107938,Q3B7T1
3372,ENSG00000109132,Q99453
3373,ENSG00000109519,Q9HAV7
3374,ENSG00000109689,Q9P246
3375,ENSG00000112115,Q16552
3376,ENSG00000116830,Q9UNY4
3377,ENSG00000117154,Q96ID5
3378,ENSG00000120688,O75554
3379,ENSG00000124713,Q14749
3380,ENSG00000125508,Q9H3Y6
3381,ENSG00000125878,Q12870
3382,ENSG00000128266,P19086
3383,ENSG00000129128,P61009
3384,ENSG00000130038,Q9BSW2
3385,ENSG00000130203,P02649
3386,ENSG00000131873,Q86X52
3387,ENSG00000131899,Q15334
3388,ENSG00000132109,P19474
3389,ENSG00000136738,Q92783
3390,ENSG00000137547,Q9P015
3391,ENSG00000139722,Q9H9H4
3392,ENSG00000145536,Q8TE57
3393,ENSG00000145990,Q9NXC2
3394,ENSG00000146676,Q96QR8
3395,ENSG00000148384,Q9NRR6
3396,ENSG00000153066,Q6PKC3
3397,ENSG00000160214,P56182
3398,ENSG00000160908,Q53GI3
3399,ENSG00000162494,Q5VT99
3400,ENSG00000162552,P56705
3401,ENSG00000162998,Q92765
3402,ENSG00000164638,Q7RTT9
3403,ENSG00000165092,P00352
3404,ENSG00000165182,Q96LI9
3405,ENSG00000165215,O15551
3406,ENSG00000166189,Q86YV9
3407,ENSG00000166351,Q86YR6
3408,ENSG00000166685,Q8WTW3
3409,ENSG00000167106,Q5T9C2
3410,ENSG00000167565,Q9UJW9
3411,ENSG00000168228,Q9H5U6
3412,ENSG00000168672,Q96KN1
3413,ENSG00000169957,Q9H5H4
3414,ENSG00000171132,Q02156
3415,ENSG00000171208,Q8NC67
3416,ENSG00000172139,Q4G0N8
3417,ENSG00000173546,Q6UVK1
3418,ENSG00000173769,Q8N9V7
3419,ENSG00000173930,Q6ZQN7
3420,ENSG00000174004,Q86YC3
3421,ENSG00000176165,P55316
3422,ENSG00000176454,Q643R3
3423,ENSG00000177469,Q6NZI2
3424,ENSG00000178295,Q17RS7
3425,ENSG00000178935,Q9H707
3426,ENSG00000178999,Q96GD4
3427,ENSG00000180871,P25025
3428,ENSG00000181333,Q6MZM0
3429,ENSG00000183160,Q4V9L6
3430,ENSG00000183196,Q9GZX3
3431,ENSG00000183542,O43908
3432,ENSG00000183770,P58012
3433,ENSG00000183977,A8MPX8
3434,ENSG00000184492,Q9NU39
3435,ENSG00000184661,Q69YH5
3436,ENSG00000184786,Q8IZS6
3437,ENSG00000185220,Q6P3X8
3438,ENSG00000186479,Q6MZT1
3439,ENSG00000186648,Q8ND23
3440,ENSG00000186924,Q3MIV0
3441,ENSG00000196975,P09525
3442,ENSG00000197020,Q8IYN0
3443,ENSG00000197125,Q15620
3444,ENSG00000197520,A6PVY3
3445,ENSG00000197587,Q8NFW5
3446,ENSG00000197849,Q15617
3447,ENSG00000198034,P62701
3448,ENSG00000198062,Q6S545
3449,ENSG00000198225,Q5VVH2
3450,ENSG00000204475,O14931
3451,ENSG00000204590,P36915
3452,ENSG00000204687,P35410
3453,ENSG00000204918,P86481
3454,ENSG00000205544,Q8N2U0
3455,ENSG00000205777,P0DTW1
3456,ENSG00000213799,Q96IR2
3457,ENSG00000214562,Q5VT03
3458,ENSG00000214652,A8MUV8
3459,ENSG00000219435,Q9NTU4
3460,ENSG00000221855,P59536
3461,ENSG00000221955,A0AV02
3462,ENSG00000223569,C9J2P7
3463,ENSG00000225781,Q8N148
3464,ENSG00000228570,B1AL46
3465,ENSG00000231637,Q0WX57
3466,ENSG00000232948,P0DP74
3467,ENSG00000233917,A0A0A6YYL3
3468,ENSG00000254772,P26641
3469,ENSG00000255587,Q7Z6P3
3470,ENSG00000261221,P0CJ78
3471,ENSG00000277443,P29966
3472,ENSG00000283288,A0A1B0GW64
3473,ENSG00000288701,Q5JSZ5
3474,ENSG00000122042,O95164
3475,ENSG00000032742,Q13099
3476,ENSG00000125255,Q12908
3477,ENSG00000151413,Q8TB37
3478,ENSG00000185896,P11279
3479,ENSG00000198796,Q86TB3
3480,ENSG00000047597,P51811
3481,ENSG00000215174,P0DMW2
3482,ENSG00000101446,P49223
3483,ENSG00000177613,Q9H0L4
3484,ENSG00000186458,Q7Z7B7
3485,ENSG00000068383,Q14642
3486,ENSG00000145309,Q96KC9
3487,ENSG00000099812,Q8IVT2
3488,ENSG00000148344,O14684
3489,ENSG00000196865,Q8NBF2
3490,ENSG00000136807,P50750
3491,ENSG00000189037,Q9H596
3492,ENSG00000155827,Q5VTR2
3493,ENSG00000181610,Q9Y3D9
3494,ENSG00000108947,Q15768
3495,ENSG00000188559,Q2PPJ7
3496,ENSG00000137714,P10109
3497,ENSG00000164123,Q96LM5
3498,ENSG00000283439,A0A1B0GUW6
3499,ENSG00000173557,A6NJV1
3500,ENSG00000105767,Q8NFZ8
3501,ENSG00000198108,Q70JA7
3502,ENSG00000111816,P42685
3503,ENSG00000147869,O95813
3504,ENSG00000197177,Q86SQ6
3505,ENSG00000282757,A0A1W2PPF3
3506,ENSG00000088320,O75628
3507,ENSG00000283644,A0A1B0GVM5
3508,ENSG00000206177,Q6B0K9
3509,ENSG00000215113,A8MYA2
3510,ENSG00000236371,Q5JQC4
3511,ENSG00000165695,Q96MA6
3512,ENSG00000100079,P05162
3513,ENSG00000176720,Q9UMX3
3514,ENSG00000074771,Q9HBY0
3515,ENSG00000187682,Q7Z444
3516,ENSG00000124571,Q9HAV4
3517,ENSG00000184276,Q8NET1
3518,ENSG00000203870,A6NGZ8
3519,ENSG00000196505,Q9NXN4
3520,ENSG00000130055,Q9HCC8
3521,ENSG00000161653,Q8N159
3522,ENSG00000283706,Q9UI38
3523,ENSG00000149488,Q8TDI7
3524,ENSG00000130950,A1L443
3525,ENSG00000278803,A0A494C071
3526,ENSG00000185269,Q6P988
3527,ENSG00000131475,Q9BRG1
3528,ENSG00000204616,Q9BZY9
3529,ENSG00000212807,Q8NGT9
3530,ENSG00000221970,Q8NGT9
3531,ENSG00000109920,Q8N3X1
3532,ENSG00000224982,B4DJY2
3533,ENSG00000182118,Q96GI7
3534,ENSG00000140835,Q8NCG5
3535,ENSG00000227057,O15213
3536,ENSG00000174130,Q9Y2C9
3537,ENSG00000186645,P0DUD2
3538,ENSG00000132388,P62253
3539,ENSG00000205482,P0DV79
3540,ENSG00000138433,Q86X95
3541,ENSG00000213416,Q9BQ66
3542,ENSG00000260097,P0CI01
3543,ENSG00000223614,P0CB33
3544,ENSG00000204880,Q9BYQ9
3545,ENSG00000164749,Q14541
3546,ENSG00000196436,A6NHN6
3547,ENSG00000130635,P20908
3548,ENSG00000110244,P06727
3549,ENSG00000147432,Q05901
3550,ENSG00000160318,Q8NHS1
3551,ENSG00000276293,P78356
3552,ENSG00000122862,P10124
3553,ENSG00000198846,O94900
3554,ENSG00000130193,Q8WUY1
3555,ENSG00000283473,A0A1B0GVK7
3556,ENSG00000279486,Q9H205
3557,ENSG00000082781,P18084
3558,ENSG00000104147,O43482
3559,ENSG00000277586,P07196
3560,ENSG00000197136,Q9H6A9
3561,ENSG00000123095,Q9C0J9
3562,ENSG00000143793,Q9BU76
3563,ENSG00000214967,E9PJI5
3564,ENSG00000174697,P41159
3565,ENSG00000152377,Q08629
3566,ENSG00000128591,Q14315
3567,ENSG00000171560,P02671
3568,ENSG00000105668,O00322
3569,ENSG00000110218,Q96RD7
3570,ENSG00000128519,Q9NYV7
3571,ENSG00000196993,F8W1W9
3572,ENSG00000172789,Q00444
3573,ENSG00000057468,O15457
3574,ENSG00000075388,P08620
3575,ENSG00000153147,O60264
3576,ENSG00000130749,Q9UPT8
3577,ENSG00000139370,Q8N697
3578,ENSG00000008405,Q16526
3579,ENSG00000081692,Q9H9V9
3580,ENSG00000198502,Q30154
3581,ENSG00000164695,Q96CF2
3582,ENSG00000240445,A0A2Z4LIS9
3583,ENSG00000187082,Q8N104
3584,ENSG00000237038,P0C7I0
3585,ENSG00000188738,Q5CZC0
3586,ENSG00000277494,Q8IV16
3587,ENSG00000137673,P09237
3588,ENSG00000099260,Q9NP74
3589,ENSG00000177054,Q8IUH4
3590,ENSG00000239620,P0DPQ3
3591,ENSG00000144583,Q9P2E8
3592,ENSG00000023902,Q53GL0
3593,ENSG00000169807,O14603
3594,ENSG00000154736,Q9UNA0
3595,ENSG00000149346,Q5VYV7
3596,ENSG00000149654,Q9UJ99
3597,ENSG00000185272,P57052
3598,ENSG00000155304,P48723
3599,ENSG00000181626,A6NC57
3600,ENSG00000100985,P14780
3601,ENSG00000100417,Q92871
3602,ENSG00000183631,B1ATL7
3603,ENSG00000185775,Q5VVP1
3604,ENSG00000101680,P25391
3605,ENSG00000087253,Q7L5N7
3606,ENSG00000169288,Q9BYD6
3607,ENSG00000108651,Q9NYH9
3608,ENSG00000283071,A0A0U1RRK4
3609,ENSG00000139287,Q8IWU9
3610,ENSG00000182111,A6NP11
3611,ENSG00000186367,P59773
3612,ENSG00000206203,Q96PF2
3613,ENSG00000096968,O60674
3614,ENSG00000169188,Q9UBZ4
3615,ENSG00000172461,Q9Y231
3616,ENSG00000177984,Q6UWW0
3617,ENSG00000107937,Q9BZE4
3618,ENSG00000144227,O95156
3619,ENSG00000109063,P11055
3620,ENSG00000095739,Q13145
3621,ENSG00000230054,A0A1B0GU33
3622,ENSG00000233136,C9JVI0
3623,ENSG00000227140,A8MUK1
3624,ENSG00000230430,Q0WX57
3625,ENSG00000260230,Q9P0K9
3626,ENSG00000241127,Q9NRH1
3627,ENSG00000228672,E7EW31
3628,ENSG00000224089,Q5JQC4
3629,ENSG00000230594,Q5JQC4
3630,ENSG00000242362,Q5JQC4
3631,ENSG00000025772,Q15785
3632,ENSG00000126775,Q6ZNE5
3633,ENSG00000112941,Q5XG87
3634,ENSG00000103061,Q96CW6
3635,ENSG00000103160,Q3SXM5
3636,ENSG00000171988,Q15652
3637,ENSG00000182700,A6NJ69
3638,ENSG00000160447,Q6P5Z2
3639,ENSG00000147400,P41208
3640,ENSG00000083782,Q99645
3641,ENSG00000174903,Q9H0U4
3642,ENSG00000145337,Q96I23
3643,ENSG00000142538,Q96A98
3644,ENSG00000277535,A0A0U1RQG5
3645,ENSG00000137124,P30837
3646,ENSG00000116574,Q7L0Q8
3647,ENSG00000205903,A6NFI3
3648,ENSG00000142444,Q9BSF4
3649,ENSG00000225180,A0A1B0GWK0
3650,ENSG00000131721,Q9BQY4
3651,ENSG00000235863,O96024
3652,ENSG00000092067,Q15744
3653,ENSG00000166128,Q92930
3654,ENSG00000189030,Q6RSH7
3655,ENSG00000188716,Q68J44
3656,ENSG00000275976,P0DTA3
3657,ENSG00000198271,Q9BYR2
3658,ENSG00000174721,Q8TAT2
3659,ENSG00000198624,A6NI79
3660,ENSG00000164879,P07451
3661,ENSG00000205076,P47929
3662,ENSG00000107796,P62736
3663,ENSG00000161328,Q8IYG6
3664,ENSG00000186026,Q2VY69
3665,ENSG00000109705,P78367
3666,ENSG00000173401,Q6UWM5
3667,ENSG00000123307,Q9HD90
3668,ENSG00000129250,O43896
3669,ENSG00000148215,Q8NGR4
3670,ENSG00000182674,Q92953
3671,ENSG00000105849,Q3B726
3672,ENSG00000184557,O14543
3673,ENSG00000166106,Q8TE58
3674,ENSG00000170953,Q8NGG6
3675,ENSG00000280090,Q96RC9
3676,ENSG00000198443,Q9BYQ7
3677,ENSG00000112977,P51397
3678,ENSG00000213973,A8MXY4
3679,ENSG00000188827,Q8IY92
3680,ENSG00000204909,Q5DT21
3681,ENSG00000005381,P05164
3682,ENSG00000174749,Q8N8J7
3683,ENSG00000163914,P08100
3684,ENSG00000085741,O96014
3685,ENSG00000152926,Q03924
3686,ENSG00000163683,Q96QK8
3687,ENSG00000163440,Q8N4E4
3688,ENSG00000123364,P31276
3689,ENSG00000126749,Q92979
3690,ENSG00000174343,Q9UGM1
3691,ENSG00000233041,C9JFL3
3692,ENSG00000162344,O95750
3693,ENSG00000174429,Q8N0Z2
3694,ENSG00000197860,Q96EQ0
3695,ENSG00000120094,P14653
3696,ENSG00000262152,A0A0J9YXV3
3697,ENSG00000243709,O75610
3698,ENSG00000205795,Q717R9
3699,ENSG00000180708,Q6IF99
3700,ENSG00000173621,Q6PJG9
3701,ENSG00000237763,P0DUB6
3702,ENSG00000235942,A0A183
3703,ENSG00000267221,A0A1B0GUU1
3704,ENSG00000131746,Q8IZW8
3705,ENSG00000198829,Q9BXA5
3706,ENSG00000115539,Q9H2J4
3707,ENSG00000117360,O43395
3708,ENSG00000082497,Q9NUC0
3709,ENSG00000162616,Q9UDY4
3710,ENSG00000269113,A6NFA1
3711,ENSG00000143520,Q5D862
3712,ENSG00000173218,Q8TAA9
3713,ENSG00000053371,O43488
3714,ENSG00000104897,Q15428
3715,ENSG00000139547,O75452
3716,ENSG00000158553,Q96KW2
3717,ENSG00000159495,Q96PF1
3718,ENSG00000166049,Q8IV76
3719,ENSG00000179363,Q5JXX7
3720,ENSG00000181418,O94850
3721,ENSG00000183888,Q8NEQ6
3722,ENSG00000186579,Q8N104
3723,ENSG00000267796,Q96GY3
3724,ENSG00000286137,P0DUD3
