From	To
P13569	1XMI
P13569	1XMJ
P13569	2BBO
P13569	2BBS
P13569	2BBT
P13569	2LOB
P13569	2PZE
P13569	2PZF
P13569	2PZG
P13569	3GD7
P13569	3ISW
P13569	4WZ6
P13569	5D2D
P13569	5D3E
P13569	5D3F
P13569	5TF7
P13569	5TF8
P13569	5TFA
P13569	5TFB
P13569	5TFC
P13569	5TFD
P13569	5TFF
P13569	5TFG
P13569	5TFI
P13569	5TFJ
P13569	5TGK
P13569	5UAK
P13569	6GJQ
P13569	6GJS
P13569	6GJU
P13569	6GK4
P13569	6GKD
P13569	6HEP
P13569	6MSM
P13569	6O1V
P13569	6O2P
P13569	6UK1
P13569	6WBS
P13569	6ZE1
P13569	7QI1
P13569	7SV7
P13569	7SVD
P13569	7SVR
P13569	8EIG
P13569	8EIO
P13569	8EIQ
P13569	8EJ1
P13569	8FZQ
P13569	8GLS
P13569	8UBR
P13569	8V7Z
P13569	8V81
Q92833	5HYN
Q92833	5LS6
Q92833	5WAI
Q92833	6C23
Q92833	6C24
Q92833	6NQ3
Q92833	6WKR
Q92833	7KSO
Q92833	8TB9
Q92833	9C8U
P01730	1CDH
P01730	1CDI
P01730	1CDJ
P01730	1CDU
P01730	1CDY
P01730	1G9M
P01730	1G9N
P01730	1GC1
P01730	1JL4
P01730	1Q68
P01730	1RZJ
P01730	1RZK
P01730	1WBR
P01730	1WIO
P01730	1WIP
P01730	1WIQ
P01730	2B4C
P01730	2JKR
P01730	2JKT
P01730	2KLU
P01730	2NXY
P01730	2NXZ
P01730	2NY0
P01730	2NY1
P01730	2NY2
P01730	2NY3
P01730	2NY4
P01730	2NY5
P01730	2NY6
P01730	2QAD
P01730	3B71
P01730	3CD4
P01730	3J70
P01730	3JCB
P01730	3JCC
P01730	3JWD
P01730	3JWO
P01730	3LQA
P01730	3O2D
P01730	3S4S
P01730	3S5L
P01730	3T0E
P01730	4H8W
P01730	4JM2
P01730	4P9H
P01730	4Q6I
P01730	4R2G
P01730	4R4H
P01730	4RQS
P01730	5A7X
P01730	5A8H
P01730	5CAY
P01730	5THR
P01730	5U1F
P01730	5VN3
P01730	6CM3
P01730	6EDU
P01730	6L1Y
P01730	6MEO
P01730	6MET
P01730	6OPN
P01730	6OPO
P01730	6OPP
P01730	6OPQ
P01730	6QH6
P01730	6QH7
P01730	6U0L
P01730	6U0N
P01730	6URI
P01730	6X5B
P01730	6X5C
P01730	7T0O
P01730	7T0R
P01730	7TXD
P01730	8D5C
P01730	8FYI
P01730	8FYJ
P01730	8W90
P01730	8Z7N
Q9H8M2	3HME
Q9H8M2	4NQN
Q9H8M2	4UIT
Q9H8M2	4UIU
Q9H8M2	4UIV
Q9H8M2	4UIW
Q9H8M2	4XY8
Q9H8M2	4YY4
Q9H8M2	4YY6
Q9H8M2	4YYD
Q9H8M2	4YYG
Q9H8M2	4YYH
Q9H8M2	4YYI
Q9H8M2	4YYJ
Q9H8M2	4YYK
Q9H8M2	4Z6H
Q9H8M2	4Z6I
Q9H8M2	5E9V
Q9H8M2	5EU1
Q9H8M2	5F1H
Q9H8M2	5F1L
Q9H8M2	5F25
Q9H8M2	5F2P
Q9H8M2	5I40
Q9H8M2	5I7X
Q9H8M2	5I7Y
Q9H8M2	5IGM
Q9H8M2	5IGN
Q9H8M2	5JI8
Q9H8M2	5MKY
Q9H8M2	5TWX
Q9H8M2	6BQA
Q9H8M2	6HM0
Q9H8M2	6UZF
Q9H8M2	6V0S
Q9H8M2	6V0X
Q9H8M2	6V14
Q9H8M2	6V1B
Q9H8M2	6Y7H
Q9H8M2	6Y7I
Q9H8M2	6Y7J
Q9H8M2	6Y7K
Q9H8M2	6Y7L
Q9H8M2	6YQR
Q9H8M2	6YQS
Q9H8M2	6YQW
Q9H8M2	8A7I
Q9H8M2	8AHC
Q9HD26	2DC2
Q9HD26	2LOB
Q9HD26	4E34
Q9HD26	4E35
Q9HD26	4JOE
Q9HD26	4JOF
Q9HD26	4JOG
Q9HD26	4JOH
Q9HD26	4JOJ
Q9HD26	4JOK
Q9HD26	4JOP
Q9HD26	4JOR
Q9HD26	4K6Y
Q9HD26	4K72
Q9HD26	4K75
Q9HD26	4K76
Q9HD26	4K78
Q9HD26	4NMO
Q9HD26	4NMP
Q9HD26	4NMQ
Q9HD26	4NMR
Q9HD26	4NMS
Q9HD26	4NMT
Q9HD26	4NMV
Q9HD26	4Q6H
Q9HD26	4Q6S
Q9HD26	5IC3
Q9HD26	5K4F
Q9HD26	6OV7
Q9HD26	6V84
Q9HD26	6XNJ
Q9HD26	7JZO
Q9HD26	7JZP
Q9HD26	7JZQ
Q9HD26	7JZR
P46459	6KZQ
Q9BYE9	5CZR
Q9BYE9	7N86
Q12959	1PDR
Q12959	2M3M
Q12959	2OQS
Q12959	2X7Z
Q12959	3LRA
Q12959	3RL7
Q12959	3RL8
Q12959	3W9Y
Q12959	4AMH
Q12959	4G69
Q12959	7PC3
Q12959	8CN1
Q12959	8CN3
P49768	2KR6
P49768	4UIS
P49768	5A63
P49768	5FN2
P49768	5FN3
P49768	5FN4
P49768	5FN5
P49768	6IDF
P49768	6IYC
P49768	6LQG
P49768	6LR4
P49768	7C9I
P49768	7D8X
P49768	7Y5T
P49768	8IM7
P49768	8K8E
P49768	8KCO
P49768	8KCP
P49768	8KCS
P49768	8KCT
P49768	8KCU
P49768	8OQY
P49768	8OQZ
P49768	8X52
P49768	8X53
P49768	8X54
Q8WZA1	5GGF
Q8WZA1	5GGG
Q8WZA1	5GGI
Q8WZA1	5GGJ
Q8WZA1	5GGK
Q8WZA1	5GGL
Q8WZA1	5GGN
Q8WZA1	5GGO
Q8WZA1	5GGP
Q8WZA1	5XFC
Q9UBC3	3FLG
Q9UBC3	3QKJ
Q9UBC3	5CIU
Q9UBC3	5NR3
Q9UBC3	5NRR
Q9UBC3	5NRS
Q9UBC3	5NRV
Q9UBC3	5NV0
Q9UBC3	5NV2
Q9UBC3	5NV7
Q9UBC3	5NVO
Q9UBC3	6KDA
Q9UBC3	6KDB
Q9UBC3	6KDL
Q9UBC3	6KDP
Q9UBC3	6KDT
Q9UBC3	6PA7
Q9UBC3	6R3E
Q9UBC3	6U8P
Q9UBC3	6U8V
Q9UBC3	6U8W
Q9UBC3	6U8X
Q9UBC3	6U90
Q9UBC3	6U91
Q9UBC3	7O45
Q9UBC3	7V0E
Q9UBC3	7X9D
Q9UBC3	8EIH
Q9UBC3	8EII
Q9UBC3	8EIJ
Q9UBC3	8EIK
Q9UBC3	8XEE
O95178	5XTC
O95178	5XTD
O95178	5XTH
O95178	5XTI
Q9ULT8	2DK3
Q9ULT8	2LC3
Q9ULT8	3DKM
Q9BSI4	3BQO
Q9BSI4	3BU8
Q9BSI4	5XYF
Q9NRG9	7R5J
Q9NRG9	7R5K
O00541	2EP8
O00541	8FKP
O00541	8FKQ
O00541	8FKR
O00541	8FKS
O00541	8FKT
O00541	8FKU
O00541	8FKV
O00541	8FKW
O00541	8FKX
O00541	8FKY
O00541	8FKZ
O00541	8FL2
O00541	8FL3
O00541	8FL4
O00541	8FL6
O00541	8FL7
O00541	8FLA
O00541	8FLB
O00541	8FLD
O00541	8FLE
O00541	8INE
O00541	8INF
O00541	8IPX
O00541	8IPY
O00541	8IR3
Q15750	2J4O
Q15750	2POM
Q15750	2POP
Q15750	2YDS
Q15750	2YIY
Q15750	4AY5
Q15750	4AY6
Q15750	4GS6
Q15750	4KA3
Q15750	4L3P
Q15750	4L52
Q15750	4L53
Q15750	4O91
Q15750	5DIY
Q15750	5E7R
Q15750	5GJD
Q15750	5GJF
Q15750	5GJG
Q15750	5J7S
Q15750	5J8I
Q15750	5J9L
Q15750	5JGA
Q15750	5JGB
Q15750	5JGD
Q15750	5JH6
Q15750	5JK3
Q15750	5NZZ
Q15750	5O90
Q15750	5V5N
Q15750	5VVU
Q15750	7NTH
Q15750	7NTI
Q15750	8GW3
Q15750	8XI8
P62333	5GJQ
P62333	5GJR
P62333	5L4G
P62333	5LN3
P62333	5M32
P62333	5T0C
P62333	5T0G
P62333	5T0H
P62333	5T0I
P62333	5T0J
P62333	5VFP
P62333	5VFQ
P62333	5VFR
P62333	5VFS
P62333	5VFT
P62333	5VFU
P62333	5VGZ
P62333	5VHF
P62333	5VHH
P62333	5VHI
P62333	5VHJ
P62333	5VHM
P62333	5VHN
P62333	5VHO
P62333	5VHP
P62333	5VHQ
P62333	5VHR
P62333	5VHS
P62333	6MSB
P62333	6MSD
P62333	6MSE
P62333	6MSG
P62333	6MSH
P62333	6MSJ
P62333	6MSK
P62333	6WJN
P62333	7QXN
P62333	7QXP
P62333	7QXU
P62333	7QXW
P62333	7QXX
P62333	7QY7
P62333	7QYA
P62333	7QYB
P62333	8CVT
Q14934	2YRP
Q15274	2JBM
Q15274	4KWV
Q15274	4KWW
Q15274	5AYX
Q15274	5AYY
Q15274	5AYZ
Q8IV08	8Q1K
Q8IV08	8Q1X
Q8IV08	8S86
Q8IV08	8V5T
O95260	8TZV
O95260	8UAU
O95970	5Y2Z
O95970	5Y30
O95970	5Y31
O95970	8HPY
O95970	8HQ1
O95970	8HQ2
O95970	8Y6B
Q9P2W7	1V82
Q9P2W7	1V83
Q9P2W7	1V84
Q9UBW8	4D10
Q9UBW8	4D18
Q9UBW8	4WSN
P04070	1AUT
P04070	1LQV
P04070	3F6U
P04070	3JTC
P04070	4DT7
P04070	6M3B
P04070	6M3C
P04070	8JRU
P04070	8JRV
Q53GS7	6B4F
Q53GS7	6B4I
Q53GS7	6B4J
O14662	8QQF
O95630	2XZE
O95630	3RZU
O95630	3RZV
O95630	5IXF
P63096	1KJY
P63096	1Y3A
P63096	2G83
P63096	2GTP
P63096	2IK8
P63096	2OM2
P63096	2XNS
P63096	3ONW
P63096	3QE0
P63096	3QI2
P63096	3UMR
P63096	3UMS
P63096	4G5Q
P63096	5JS7
P63096	5JS8
P63096	5TDH
P63096	6CMO
P63096	6CRK
P63096	6DDE
P63096	6DDF
P63096	6KPF
P63096	6KPG
P63096	6LFM
P63096	6LFO
P63096	6LML
P63096	6N4B
P63096	6OMM
P63096	6OS9
P63096	6OSA
P63096	6OT0
P63096	6PB0
P63096	6PB1
P63096	6PT0
P63096	6QNO
P63096	6VU8
P63096	6XBJ
P63096	6XBK
P63096	6XBL
P63096	6XBM
P63096	7CMU
P63096	7CMV
P63096	7DB6
P63096	7DW9
P63096	7E2X
P63096	7E2Y
P63096	7E2Z
P63096	7E32
P63096	7E33
P63096	7E9G
P63096	7EB2
P63096	7EJX
P63096	7EO2
P63096	7EO4
P63096	7EUO
P63096	7EVY
P63096	7EVZ
P63096	7EW0
P63096	7EW1
P63096	7EW2
P63096	7EW3
P63096	7EW4
P63096	7EW7
P63096	7EXD
P63096	7EZH
P63096	7EZK
P63096	7EZM
P63096	7F1Q
P63096	7F1R
P63096	7F1S
P63096	7F4D
P63096	7F4F
P63096	7F4H
P63096	7F4I
P63096	7JHJ
P63096	7JVR
P63096	7L0P
P63096	7L0Q
P63096	7L0R
P63096	7L0S
P63096	7MTS
P63096	7NA7
P63096	7NA8
P63096	7O7F
P63096	7P02
P63096	7RKM
P63096	7RKN
P63096	7RKX
P63096	7RKY
P63096	7S8M
P63096	7S8O
P63096	7SBF
P63096	7SCG
P63096	7SQO
P63096	7T2G
P63096	7T2H
P63096	7T6B
P63096	7T6S
P63096	7T6T
P63096	7T6U
P63096	7T6V
P63096	7TRK
P63096	7TRP
P63096	7TRQ
P63096	7TRS
P63096	7TUZ
P63096	7U2K
P63096	7U2L
P63096	7V68
P63096	7V69
P63096	7V6A
P63096	7V9L
P63096	7VAB
P63096	7VDH
P63096	7VDL
P63096	7VDM
P63096	7VFX
P63096	7VGX
P63096	7VGY
P63096	7VGZ
P63096	7VH0
P63096	7VIE
P63096	7VIF
P63096	7VIG
P63096	7VIH
P63096	7VKT
P63096	7VL8
P63096	7VL9
P63096	7VLA
P63096	7VUG
P63096	7VUY
P63096	7VUZ
P63096	7VV3
P63096	7VV5
P63096	7W0L
P63096	7W0M
P63096	7W0N
P63096	7W0O
P63096	7W0P
P63096	7WF7
P63096	7WIC
P63096	7WIG
P63096	7WJ5
P63096	7WQ3
P63096	7WU4
P63096	7WU5
P63096	7WU9
P63096	7WUI
P63096	7WUJ
P63096	7WVU
P63096	7WYB
P63096	7WZ4
P63096	7X2V
P63096	7X5H
P63096	7X9A
P63096	7X9B
P63096	7X9C
P63096	7X9Y
P63096	7XA3
P63096	7XAT
P63096	7XAU
P63096	7XAV
P63096	7XBW
P63096	7XBX
P63096	7XK2
P63096	7XK8
P63096	7XMR
P63096	7XMS
P63096	7XMT
P63096	7XTA
P63096	7XXH
P63096	7Y12
P63096	7Y15
P63096	7Y1F
P63096	7Y64
P63096	7Y65
P63096	7Y66
P63096	7Y67
P63096	7Y89
P63096	7YAC
P63096	7YAE
P63096	7YDJ
P63096	7YDP
P63096	7YKD
P63096	7YON
P63096	7YOO
P63096	7YU3
P63096	7YU5
P63096	7YU6
P63096	7YU7
P63096	7YU8
P63096	8DZP
P63096	8EF5
P63096	8EF6
P63096	8EFB
P63096	8EFL
P63096	8EFO
P63096	8EFQ
P63096	8F7Q
P63096	8F7R
P63096	8F7S
P63096	8F7W
P63096	8F7X
P63096	8FEG
P63096	8FY8
P63096	8FYE
P63096	8FYL
P63096	8FYT
P63096	8FYX
P63096	8G05
P63096	8G59
P63096	8G94
P63096	8GAG
P63096	8GCM
P63096	8GCP
P63096	8GDC
P63096	8GHV
P63096	8GUQ
P63096	8GUR
P63096	8GUS
P63096	8GUT
P63096	8H2G
P63096	8H4I
P63096	8HBD
P63096	8HK2
P63096	8HK3
P63096	8HK5
P63096	8HN8
P63096	8HNK
P63096	8HNL
P63096	8HNM
P63096	8HOC
P63096	8HQE
P63096	8HQM
P63096	8HQN
P63096	8HS3
P63096	8HSC
P63096	8HVI
P63096	8I7V
P63096	8I7W
P63096	8IA8
P63096	8IC0
P63096	8ID3
P63096	8ID4
P63096	8ID6
P63096	8ID8
P63096	8ID9
P63096	8IHB
P63096	8IHF
P63096	8IHH
P63096	8IHI
P63096	8IHJ
P63096	8IJ3
P63096	8IJA
P63096	8IJB
P63096	8IJD
P63096	8IKG
P63096	8IKH
P63096	8INR
P63096	8IOC
P63096	8IOD
P63096	8IRS
P63096	8IRT
P63096	8IRV
P63096	8IU2
P63096	8IW4
P63096	8IW7
P63096	8IW9
P63096	8IY5
P63096	8IZ4
P63096	8J18
P63096	8J19
P63096	8J1A
P63096	8J20
P63096	8J21
P63096	8J22
P63096	8J23
P63096	8J24
P63096	8J6I
P63096	8J6J
P63096	8J6L
P63096	8J6P
P63096	8J6Q
P63096	8J6R
P63096	8JD3
P63096	8JD5
P63096	8JGB
P63096	8JGG
P63096	8JHY
P63096	8JII
P63096	8JIL
P63096	8JIM
P63096	8JIP
P63096	8JIR
P63096	8JIS
P63096	8JJP
P63096	8JLJ
P63096	8JLK
P63096	8JLR
P63096	8JPN
P63096	8JR9
P63096	8JSO
P63096	8JSP
P63096	8JT6
P63096	8JXT
P63096	8JXV
P63096	8JXW
P63096	8JXX
P63096	8JZ7
P63096	8K2X
P63096	8K3Z
P63096	8K4N
P63096	8K4P
P63096	8KFX
P63096	8KFY
P63096	8KFZ
P63096	8PJK
P63096	8PKM
P63096	8SAI
P63096	8SG1
P63096	8U1U
P63096	8U4N
P63096	8U4O
P63096	8U4P
P63096	8U4Q
P63096	8UGY
P63096	8UH3
P63096	8VY7
P63096	8W8B
P63096	8W8R
P63096	8WC3
P63096	8WC4
P63096	8WC5
P63096	8WC6
P63096	8WC7
P63096	8WC8
P63096	8WCA
P63096	8WG8
P63096	8WOG
P63096	8WP1
P63096	8WRB
P63096	8WSS
P63096	8WW2
P63096	8XBE
P63096	8XBH
P63096	8XGM
P63096	8XOS
P63096	8XQN
P63096	8XQO
P63096	8XQS
P63096	8XQT
P63096	8XWP
P63096	8XWQ
P63096	8XZF
P63096	8XZG
P63096	8XZH
P63096	8XZI
P63096	8XZJ
P63096	8YKV
P63096	8YKW
P63096	8YKX
P63096	8YN5
P63096	8YN6
P63096	8YN9
P63096	8YNA
P63096	8YUU
P63096	8YUV
P63096	8ZBE
P63096	8ZCJ
P63096	8ZJD
P63096	8ZJE
P63096	8ZQE
P63096	9AVG
P63096	9AYF
P63096	9BQJ
P63096	9EPP
P63096	9EPQ
P63096	9ERX
P63096	9IJ9
P63096	9IQT
P42658	1XFD
P42658	7E87
P42658	7E89
P42658	7E8B
P42658	7E8E
P42658	7E8G
P42658	7E8H
P42658	7UKG
P78352	1KEF
P78352	2MES
P78352	3I4W
P78352	3K82
P78352	3ZRT
P78352	5J7J
P78352	5JXB
P78352	6QJD
P78352	6QJF
P78352	6QJG
P78352	6QJI
P78352	6QJJ
P78352	6QJK
P78352	6QJL
P78352	6QJN
P78352	6SPV
P78352	6SPZ
P78352	8AH4
P78352	8AH5
P78352	8AH6
P78352	8AH7
P78352	8AH8
P02741	1B09
P02741	1GNH
P02741	1LJ7
P02741	3L2Y
P02741	3PVN
P02741	3PVO
P02741	7PK9
P02741	7PKB
P02741	7PKD
P02741	7PKE
P02741	7PKF
P02741	7PKG
P02741	7PKH
P02741	7TBA
P02741	8WV4
P02741	8WV5
Q9H9J2	3J7Y
Q9H9J2	3J9M
Q9H9J2	5OOL
Q9H9J2	5OOM
Q9H9J2	6I9R
Q9H9J2	6NU2
Q9H9J2	6NU3
Q9H9J2	6VLZ
Q9H9J2	6VMI
Q9H9J2	6ZM5
Q9H9J2	6ZM6
Q9H9J2	6ZS9
Q9H9J2	6ZSA
Q9H9J2	6ZSB
Q9H9J2	6ZSC
Q9H9J2	6ZSD
Q9H9J2	6ZSE
Q9H9J2	6ZSG
Q9H9J2	7A5F
Q9H9J2	7A5G
Q9H9J2	7A5H
Q9H9J2	7A5I
Q9H9J2	7A5J
Q9H9J2	7A5K
Q9H9J2	7L08
Q9H9J2	7L20
Q9H9J2	7O9K
Q9H9J2	7O9M
Q9H9J2	7ODR
Q9H9J2	7ODS
Q9H9J2	7ODT
Q9H9J2	7OF0
Q9H9J2	7OF2
Q9H9J2	7OF3
Q9H9J2	7OF4
Q9H9J2	7OF5
Q9H9J2	7OF6
Q9H9J2	7OF7
Q9H9J2	7OG4
Q9H9J2	7OI6
Q9H9J2	7OI7
Q9H9J2	7OI8
Q9H9J2	7OI9
Q9H9J2	7OIA
Q9H9J2	7OIB
Q9H9J2	7OIC
Q9H9J2	7OID
Q9H9J2	7OIE
Q9H9J2	7PD3
Q9H9J2	7PO4
Q9H9J2	7QH6
Q9H9J2	7QH7
Q9H9J2	7QI4
Q9H9J2	7QI5
Q9H9J2	7QI6
Q9H9J2	8ANY
Q9H9J2	8K2A
Q9H9J2	8K2B
Q9H9J2	8OIR
Q9H9J2	8OIT
Q9H9J2	8PK0
Q9H9J2	8QSJ
Q9H9J2	8QU5
Q9H9J2	8XT0
Q9H9J2	8XT1
Q9H9J2	8XT2
Q9H9J2	8XT3
Q16820	4GWM
Q16820	4GWN
Q16820	7AQ1
Q16820	7AUW
P05026	7E1Z
P05026	7E20
P05026	7E21
P05026	8D3U
P05026	8D3V
P05026	8D3W
P05026	8D3X
P05026	8D3Y
P31151	1PSR
P31151	2PSR
P31151	2WND
P31151	2WOR
P31151	2WOS
P31151	3PSR
P31151	4AQJ
P49810	7Y5X
P49810	7Y5Z
Q15700	2BYG
Q15700	2HE2
Q8NCE0	7UXA
Q8NCE0	7ZRZ
Q8NCE0	8HMY
Q8NCE0	8HMZ
Q8NCE0	8ISS
A0JLT2	7EMF
A0JLT2	7ENA
A0JLT2	7ENC
A0JLT2	7ENJ
A0JLT2	7LBM
A0JLT2	7NVR
A0JLT2	8GXQ
A0JLT2	8GXS
A0JLT2	8TQW
A0JLT2	8TRH
P15735	2Y7J
P20591	3LJB
P20591	3SZR
P20591	3ZYS
P20591	4P4S
P20591	4P4T
P20591	4P4U
P20591	5GTM
Q9Y223	2YHW
Q9Y223	2YHY
Q9Y223	2YI1
Q9Y223	3EO3
Q9Y223	4ZHT
Q9UK41	6VME
Q8TCG1	5UFL
O96033	5MPO
O96007	4AP8
O96007	5MPO
P61978	1J5K
P61978	1KHM
P61978	1ZZI
P61978	1ZZJ
P61978	1ZZK
P61978	7CRE
P61978	7CRU
P61978	7RJK
P61978	7RJO
Q92574	4Z6Y
Q92574	5EJC
Q92574	7DL2
Q8TBX8	2GK9
Q8TBX8	7QIE
Q8TBX8	7QPN
Q8TBX8	8BQ4
Q9H313	7P5J
Q9BZV1	6SAP
Q9BZV1	8FCL
Q9BZV1	8FCM
Q9BZV1	8FCN
Q9BZV1	8FCO
Q9BZV1	8FCP
Q9BZV1	8FCQ
Q9BZV1	8FCR
Q9BZV1	8FCT
Q16531	2B5L
Q16531	2B5M
Q16531	2B5N
Q16531	2HYE
Q16531	3E0C
Q16531	3EI1
Q16531	3EI2
Q16531	3EI3
Q16531	3EI4
Q16531	3I7H
Q16531	3I7K
Q16531	3I7L
Q16531	3I7N
Q16531	3I7O
Q16531	3I7P
Q16531	3I89
Q16531	3I8C
Q16531	3I8E
Q16531	4A08
Q16531	4A09
Q16531	4A0A
Q16531	4A0B
Q16531	4A0K
Q16531	4A0L
Q16531	4A11
Q16531	4CI1
Q16531	4CI2
Q16531	4CI3
Q16531	4E54
Q16531	4E5Z
Q16531	4TZ4
Q16531	5FQD
Q16531	5HXB
Q16531	5JK7
Q16531	5V3O
Q16531	6BN7
Q16531	6BN8
Q16531	6BN9
Q16531	6BNB
Q16531	6BOY
Q16531	6DSZ
Q16531	6FCV
Q16531	6H0F
Q16531	6H0G
Q16531	6PAI
Q16531	6Q0R
Q16531	6Q0V
Q16531	6Q0W
Q16531	6R8Y
Q16531	6R8Z
Q16531	6R90
Q16531	6R91
Q16531	6R92
Q16531	6SJ7
Q16531	6TD3
Q16531	6UD7
Q16531	6UE5
Q16531	6UML
Q16531	6XK9
Q16531	6ZUE
Q16531	6ZX9
Q16531	7LPS
Q16531	7OKQ
Q16531	7OO3
Q16531	7OOB
Q16531	7OOP
Q16531	7OPC
Q16531	7OPD
Q16531	7U8F
Q16531	7UKN
Q16531	7V7B
Q16531	7V7C
Q16531	7ZN7
Q16531	7ZNN
Q16531	8AJM
Q16531	8AJN
Q16531	8AJO
Q16531	8B3D
Q16531	8B3F
Q16531	8B3G
Q16531	8B3I
Q16531	8BU1
Q16531	8BU2
Q16531	8BU3
Q16531	8BU4
Q16531	8BU5
Q16531	8BU6
Q16531	8BU7
Q16531	8BU9
Q16531	8BUA
Q16531	8BUB
Q16531	8BUC
Q16531	8BUD
Q16531	8BUE
Q16531	8BUF
Q16531	8BUG
Q16531	8BUH
Q16531	8BUI
Q16531	8BUJ
Q16531	8BUK
Q16531	8BUL
Q16531	8BUM
Q16531	8BUN
Q16531	8BUO
Q16531	8BUP
Q16531	8BUQ
Q16531	8BUR
Q16531	8BUS
Q16531	8BUT
Q16531	8CVP
Q16531	8D7U
Q16531	8D7V
Q16531	8D7W
Q16531	8D7X
Q16531	8D7Y
Q16531	8D7Z
Q16531	8D80
Q16531	8D81
Q16531	8DEY
Q16531	8G46
Q16531	8G66
Q16531	8OIZ
Q16531	8OJH
Q16531	8OV6
Q16531	8QH5
Q16531	8ROX
Q16531	8ROY
Q16531	8T9A
Q16531	8TL6
Q16531	8TNP
Q16531	8TNQ
Q16531	8TNR
Q16531	8TZX
Q16531	8U15
Q16531	8U16
Q16531	8U17
Q16531	8UH6
Q16531	8WQR
Q16531	9BBE
Q16531	9BBG
Q16531	9BBH
Q16531	9BBI
Q16531	9FMR
P13497	3EDG
P13497	3EDH
P13497	6BSL
P13497	6BSM
P13497	6BTN
P13497	6BTO
P13497	6BTP
P13497	6BTQ
P49917	1IK9
P49917	2E2W
P49917	3II6
P49917	3VNN
P49917	3W1B
P49917	3W1G
P49917	3W5O
P49917	4HTO
P49917	4HTP
P49917	6BKF
P49917	6BKG
P49917	7D9K
P49917	7D9Y
P49917	7LSY
P49917	7LT3
P49917	7NFC
P49917	7NFE
P49917	8BH3
P49917	8BHV
P49917	8BHY
P49917	8BOT
P49917	8EZA
P49917	8EZB
Q8N4H5	7CK6
Q8N4H5	7CP9
Q8N4H5	7VBY
Q8N4H5	7VC4
Q8N4H5	7VD2
Q8N4H5	7VDD
Q8N4H5	8XVA
P84095	6UKA
P84095	7Y4A
P84095	8XM7
P84095	8ZJ2
Q9H9A5	8BFI
Q9H9A5	8FY3
Q9UHD2	4EFO
Q9UHD2	4EUT
Q9UHD2	4EUU
Q9UHD2	4IM0
Q9UHD2	4IM2
Q9UHD2	4IM3
Q9UHD2	4IW0
Q9UHD2	4IWO
Q9UHD2	4IWP
Q9UHD2	4IWQ
Q9UHD2	5EOA
Q9UHD2	5EOF
Q9UHD2	5EP6
Q9UHD2	5W5V
Q9UHD2	6BNY
Q9UHD2	6BOD
Q9UHD2	6BOE
Q9UHD2	6CQ0
Q9UHD2	6CQ4
Q9UHD2	6CQ5
Q9UHD2	6NT9
Q9UHD2	6O8B
Q9UHD2	6RSR
Q9UHD2	6RST
Q9UHD2	6RSU
Q6VVX0	3C6G
Q6VVX0	3CZH
Q6VVX0	3DL9
Q9UM54	2N0Z
Q9UM54	2N10
Q9UM54	2N11
Q9UM54	2N12
Q9UM54	2N13
Q9UM54	6E5N
Q9UM54	6J56
Q9UM54	8W41
Q8TE69	5Y7D
Q96EK5	6ZPG
Q96EK5	6ZPH
Q96EK5	7RSI
Q96EK5	7RSQ
Q96EK5	7RYP
Q96EK5	7RYQ
Q96B36	5WBL
Q96B36	5WBU
Q96B36	5WBY
Q96B36	6SB0
P48047	8H9E
P48047	8H9I
P48047	8H9L
P48047	8H9P
P48047	8H9S
P48047	8H9T
P48047	8H9U
P48047	8H9V
P48047	8KI3
Q8N6R0	5WCJ
P40925	7RM9
P40925	7RRL
O60333	2EH0
Q8N983	3J7Y
Q8N983	3J9M
Q8N983	5OOL
Q8N983	5OOM
Q8N983	6I9R
Q8N983	6NU2
Q8N983	6NU3
Q8N983	6VLZ
Q8N983	6VMI
Q8N983	6ZM5
Q8N983	6ZM6
Q8N983	6ZS9
Q8N983	6ZSA
Q8N983	6ZSB
Q8N983	6ZSC
Q8N983	6ZSD
Q8N983	6ZSE
Q8N983	6ZSG
Q8N983	7A5F
Q8N983	7A5G
Q8N983	7A5H
Q8N983	7A5I
Q8N983	7A5J
Q8N983	7A5K
Q8N983	7L08
Q8N983	7L20
Q8N983	7O9K
Q8N983	7O9M
Q8N983	7ODR
Q8N983	7ODS
Q8N983	7ODT
Q8N983	7OF0
Q8N983	7OF2
Q8N983	7OF3
Q8N983	7OF4
Q8N983	7OF5
Q8N983	7OF6
Q8N983	7OF7
Q8N983	7OG4
Q8N983	7OI6
Q8N983	7OI7
Q8N983	7OI8
Q8N983	7OI9
Q8N983	7OIA
Q8N983	7OIB
Q8N983	7OIC
Q8N983	7OID
Q8N983	7OIE
Q8N983	7PD3
Q8N983	7PO4
Q8N983	7QH6
Q8N983	7QH7
Q8N983	7QI4
Q8N983	7QI5
Q8N983	7QI6
Q8N983	8ANY
Q8N983	8K2A
Q8N983	8K2B
Q8N983	8OIR
Q8N983	8OIT
Q8N983	8PK0
Q8N983	8QSJ
Q8N983	8QU5
Q8N983	8XT0
Q8N983	8XT1
Q8N983	8XT2
Q8N983	8XT3
Q9UHP7	4QKG
Q9UHP7	4QKH
Q9UHP7	4QKI
Q9UHP7	4QKJ
Q9UHP7	4WCO
Q9UHP7	5MGT
P15923	2MH0
P15923	2YPA
P15923	2YPB
P15923	3U5V
P15923	6MGN
O43432	1HU3
O95628	1E4U
O95628	1UR6
Q9NVH0	6K17
Q9NVH0	6K18
Q9NVH0	6K19
Q9NVH0	6K1A
Q9NVH0	6K1B
Q9NVH0	6K1C
Q9NVH0	6K1D
Q9NVH0	6K1E
Q15788	1FM6
Q15788	1FM9
Q15788	1K4W
Q15788	1K74
Q15788	1K7L
Q15788	1KV6
Q15788	1N4H
Q15788	1NQ7
Q15788	1NRL
Q15788	1P8D
Q15788	1PZL
Q15788	1RDT
Q15788	1TFC
Q15788	1U3R
Q15788	1U3S
Q15788	1X76
Q15788	1X78
Q15788	1X7B
Q15788	1X7J
Q15788	1XIU
Q15788	1XV9
Q15788	1XVP
Q15788	1YY4
Q15788	1YYE
Q15788	1ZAF
Q15788	2A3I
Q15788	2C52
Q15788	2FVJ
Q15788	2GTK
Q15788	2HBH
Q15788	2HC4
Q15788	2HCD
Q15788	2HFP
Q15788	2NPA
Q15788	2NV7
Q15788	2P54
Q15788	2PRG
Q15788	3BEJ
Q15788	3BQD
Q15788	3CTB
Q15788	3CWD
Q15788	3DCT
Q15788	3DCU
Q15788	3DR1
Q15788	3ET1
Q15788	3ET3
Q15788	3FEI
Q15788	3FEJ
Q15788	3FUR
Q15788	3FXV
Q15788	3G8I
Q15788	3G9E
Q15788	3GYT
Q15788	3GYU
Q15788	3H0A
Q15788	3HC5
Q15788	3HC6
Q15788	3HVL
Q15788	3IPQ
Q15788	3IPS
Q15788	3IPU
Q15788	3KMR
Q15788	3LMP
Q15788	3OKH
Q15788	3OKI
Q15788	3OLF
Q15788	3OLL
Q15788	3OLS
Q15788	3OMK
Q15788	3OMM
Q15788	3OMO
Q15788	3OMP
Q15788	3OMQ
Q15788	3OOF
Q15788	3OOK
Q15788	3P88
Q15788	3P89
Q15788	3QT0
Q15788	3RUT
Q15788	3RUU
Q15788	3RVF
Q15788	3S9S
Q15788	3T03
Q15788	3UU7
Q15788	3UUA
Q15788	3UUD
Q15788	3V9Y
Q15788	3VN2
Q15788	4DK7
Q15788	4DK8
Q15788	4DM6
Q15788	4DM8
Q15788	4DQM
Q15788	4F9M
Q15788	4FGY
Q15788	4G1D
Q15788	4G1Y
Q15788	4G1Z
Q15788	4G20
Q15788	4G21
Q15788	4G2H
Q15788	4HEE
Q15788	4J5X
Q15788	4JYG
Q15788	4JYH
Q15788	4JYI
Q15788	4MG5
Q15788	4MG6
Q15788	4MG7
Q15788	4MG8
Q15788	4MG9
Q15788	4MGA
Q15788	4MGB
Q15788	4MGC
Q15788	4MGD
Q15788	4RUJ
Q15788	4RUP
Q15788	4TUZ
Q15788	4TV1
Q15788	4UDA
Q15788	4UDB
Q15788	4Y29
Q15788	5A86
Q15788	5AVI
Q15788	5AVL
Q15788	5AZT
Q15788	5DSH
Q15788	5DV3
Q15788	5DV6
Q15788	5DV8
Q15788	5DVC
Q15788	5DWL
Q15788	5E7V
Q15788	5GTN
Q15788	5GTO
Q15788	5GTP
Q15788	5HJS
Q15788	5JI0
Q15788	5JMM
Q15788	5L7E
Q15788	5L7G
Q15788	5L7H
Q15788	5MWP
Q15788	5MWY
Q15788	5MX7
Q15788	5NKY
Q15788	5NMA
Q15788	5NMB
Q15788	5NWM
Q15788	5OW7
Q15788	5OW9
Q15788	5OWD
Q15788	5Q0J
Q15788	5Q0K
Q15788	5Q0L
Q15788	5Q0M
Q15788	5Q0N
Q15788	5Q0O
Q15788	5Q0P
Q15788	5Q0Q
Q15788	5Q0R
Q15788	5Q0S
Q15788	5Q0T
Q15788	5Q0U
Q15788	5Q0V
Q15788	5Q0W
Q15788	5Q0X
Q15788	5Q0Y
Q15788	5Q0Z
Q15788	5Q10
Q15788	5Q11
Q15788	5Q12
Q15788	5Q13
Q15788	5Q14
Q15788	5Q15
Q15788	5Q16
Q15788	5Q18
Q15788	5Q19
Q15788	5Q1A
Q15788	5Q1B
Q15788	5Q1C
Q15788	5Q1D
Q15788	5Q1E
Q15788	5Q1F
Q15788	5Q1G
Q15788	5Q1H
Q15788	5Q1I
Q15788	5X0R
Q15788	5X8U
Q15788	5X8W
Q15788	5Y44
Q15788	5YCN
Q15788	5YCP
Q15788	5YP6
Q15788	6A5W
Q15788	6A5X
Q15788	6A5Y
Q15788	6A5Z
Q15788	6A60
Q15788	6BNS
Q15788	6E3G
Q15788	6FO7
Q15788	6FO8
Q15788	6FO9
Q15788	6FOB
Q15788	6FOD
Q15788	6GEV
Q15788	6GG8
Q15788	6HTY
Q15788	6ICJ
Q15788	6IJR
Q15788	6IJS
Q15788	6ILQ
Q15788	6ITM
Q15788	6JNR
Q15788	6JQ7
Q15788	6KTM
Q15788	6KTN
Q15788	6L6K
Q15788	6L96
Q15788	6NX1
Q15788	6P9F
Q15788	6SSQ
Q15788	6T2M
Q15788	6TFI
Q15788	6U25
Q15788	6W9H
Q15788	6W9I
Q15788	6XP9
Q15788	7AOS
Q15788	7B39
Q15788	7BNS
Q15788	7BNU
Q15788	7BO6
Q15788	7BPY
Q15788	7BPZ
Q15788	7BQ0
Q15788	7BQ1
Q15788	7BQ2
Q15788	7BQ3
Q15788	7BQ4
Q15788	7C6Q
Q15788	7CXF
Q15788	7CXH
Q15788	7CXI
Q15788	7CXJ
Q15788	7CXK
Q15788	7CXL
Q15788	7JYM
Q15788	7KXD
Q15788	7KXE
Q15788	7KXF
Q15788	7OXZ
Q15788	7OY4
Q15788	7QPI
Q15788	7TRB
Q15788	7WGO
Q15788	7WGP
Q15788	7WGQ
Q15788	7WQQ
Q15788	7XVY
Q15788	7XVZ
Q15788	7XWP
Q15788	7XWQ
Q15788	7XWR
Q15788	7Y8F
Q15788	7Y8G
Q15788	7YFK
Q15788	7ZFG
Q15788	7ZFX
Q15788	8CK5
Q15788	8CKC
Q15788	8F5Y
Q15788	8HUK
Q15788	8HUM
Q15788	8HUP
Q15788	8HUQ
Q15788	8P9W
Q15788	8SVN
Q15788	8SVO
Q15788	8SVP
Q15788	8SVQ
Q15788	8SVR
Q15788	8SVS
Q15788	8SVT
Q15788	8SVU
Q15788	8SVX
Q15788	9EYR
Q15788	9FBF
O43396	1GH2
O43396	1WWY
Q9Y262	3J8B
Q9Y262	3J8C
Q9Y262	6FEC
Q9Y262	6YBD
Q9Y262	6ZMW
Q9Y262	6ZON
Q9Y262	6ZP4
Q9Y262	6ZVJ
Q9Y262	7A09
Q9Y262	7QP6
Q9Y262	7QP7
Q9Y262	8OZ0
Q9Y262	8PJ1
Q9Y262	8PJ2
Q9Y262	8PJ3
Q9Y262	8PJ4
Q9Y262	8PJ5
Q9Y262	8PJ6
Q9Y262	8PPL
Q9Y262	8RG0
Q9Y262	8XXN
Q9Y262	9BLN
O75140	6CES
O75140	6CET
O75140	7T3A
O75140	7T3B
O75140	7T3C
O75140	8FW5
Q9P0X4	7WLI
Q9P0X4	7WLJ
Q9P0X4	7WLK
Q9P0X4	7WLL
Q13232	1ZS6
Q13232	8QVY
Q13232	8QVZ
Q13232	8QW0
Q13232	8QW1
Q13232	8QW2
Q13232	8QW3
P41240	1BYG
P41240	1CSK
P41240	3D7T
P41240	3D7U
P41240	3EAC
P41240	3EAZ
P29692	2MVM
P29692	2MVN
P29692	2N51
P29692	5JPO
P31751	1GZK
P31751	1GZN
P31751	1GZO
P31751	1MRV
P31751	1MRY
P31751	1O6K
P31751	1O6L
P31751	1P6S
P31751	2JDO
P31751	2JDR
P31751	2UW9
P31751	2X39
P31751	2XH5
P31751	3D0E
P31751	3E87
P31751	3E88
P31751	3E8D
P31751	8Q61
P31751	9C1W
P23471	3JXF
P23471	3S97
P23471	5AWX
P23471	5H08
P23471	8FN8
P23471	8FN9
O43236	6WB3
P13598	1ZXQ
Q92800	7KSO
Q92800	7KSR
Q92800	7KTP
Q92800	7TD5
Q9UHD1	2YRT
Q8IY34	8WX2
Q5T4W7	2ASK
Q5T4W7	2GH0
Q5T4W7	2GYR
Q5T4W7	2GYZ
Q5T4W7	6Q2S
P02647	1AV1
P02647	1GW3
P02647	1GW4
P02647	1ODP
P02647	1ODQ
P02647	1ODR
P02647	2MSC
P02647	2MSD
P02647	2MSE
P02647	2N5E
P02647	3K2S
P02647	3R2P
P02647	4V6M
P02647	6CC9
P02647	6CCH
P02647	6CCX
P02647	6CLZ
P02647	6CM1
P02647	6PTS
P02647	6PTW
P02647	6W4E
P02647	6W4F
P02647	7KJR
P02647	7RSC
P02647	7RSE
P02647	8EQS
Q9Y324	7MQ8
Q9Y324	7MQ9
Q9Y324	7MQA
P43088	8IQ4
P43088	8IQ6
P43088	8IUK
P43088	8IUL
P43088	8IUM
P43088	8XJK
P43088	8XJL
P43088	8XJM
Q8WVV5	8IH4
Q9NXA8	2B4Y
Q9NXA8	2NYR
Q9NXA8	3RIG
Q9NXA8	3RIY
Q9NXA8	4F4U
Q9NXA8	4F56
Q9NXA8	4G1C
Q9NXA8	4HDA
Q9NXA8	5BWL
Q9NXA8	5XHS
Q9NXA8	6ACE
Q9NXA8	6ACL
Q9NXA8	6ACO
Q9NXA8	6ACP
Q9NXA8	6EQS
Q9NXA8	6LJK
Q9NXA8	6LJM
Q9NXA8	6LJN
Q9NXA8	7X3P
Q9NXA8	8GBL
Q9NXA8	8GBN
A5YKK6	4C0D
A5YKK6	4CQO
A5YKK6	4CRU
A5YKK6	4CRV
A5YKK6	4CRW
A5YKK6	4CT4
A5YKK6	4CT6
A5YKK6	4CT7
A5YKK6	4GMJ
A5YKK6	4GML
A5YKK6	4J8S
A5YKK6	5ANR
A5YKK6	5FU6
A5YKK6	5FU7
A5YKK6	5ONA
A5YKK6	7VOI
A5YKK6	8BFI
A5YKK6	8FY3
Q08623	3L5K
Q5T5Y3	5M54
Q5T5Y3	5M5C
Q5T5Y3	6QUS
Q5T5Y3	6QVJ
O95644	1A66
O95644	1NFA
O95644	5SVE
P51659	1IKT
P51659	1S9C
P51659	1ZBQ
P51659	6Z1W
P51659	6Z1X
P51659	8AF2
P51659	8AF3
P26715	2RMX
P26715	2YU7
P26715	3BDW
P26715	3CDG
P26715	3CII
Q9BT56	7XJL
Q9NQU5	2C30
Q9NQU5	2ODB
Q9NQU5	4KS7
Q9NQU5	4KS8
Q9NQU5	6QDR
Q9NQU5	6QDS
Q5VZF2	2E5S
Q5VZF2	2RPP
O95453	2A1R
O95453	2A1S
O95453	3CTR
P48730	3UYS
P48730	3UYT
P48730	3UZP
P48730	4HGT
P48730	4HNF
P48730	4KB8
P48730	4KBA
P48730	4KBC
P48730	4KBK
P48730	4TN6
P48730	4TW9
P48730	4TWC
P48730	5IH4
P48730	5IH5
P48730	5IH6
P48730	5MQV
P48730	5OKT
P48730	5W4W
P48730	6F1W
P48730	6F26
P48730	6GZM
P48730	6HMP
P48730	6HMR
P48730	6PXN
P48730	6PXO
P48730	6PXP
P48730	6RCG
P48730	6RCH
P48730	6RU6
P48730	6RU7
P48730	6RU8
P48730	7NZY
P48730	7P7F
P48730	7P7G
P48730	7P7H
P48730	7QR9
P48730	7QRA
P48730	7QRB
P48730	8D7M
P48730	8D7N
P48730	8D7O
P48730	8D7P
P48730	8IZC
P48730	8VXD
P48730	8VXF
P48730	9B3S
Q9NTG7	3GLR
Q9NTG7	3GLS
Q9NTG7	3GLT
Q9NTG7	3GLU
Q9NTG7	4BN4
Q9NTG7	4BN5
Q9NTG7	4BV3
Q9NTG7	4BVB
Q9NTG7	4BVE
Q9NTG7	4BVF
Q9NTG7	4BVG
Q9NTG7	4BVH
Q9NTG7	4C78
Q9NTG7	4C7B
Q9NTG7	4FVT
Q9NTG7	4FZ3
Q9NTG7	4HD8
Q9NTG7	4JSR
Q9NTG7	4JT8
Q9NTG7	4JT9
Q9NTG7	4O8Z
Q9NTG7	5BWN
Q9NTG7	5BWO
Q9NTG7	5D7N
Q9NTG7	5H4D
Q9NTG7	5Y4H
Q9NTG7	5YTK
Q9NTG7	5Z93
Q9NTG7	5Z94
Q9NTG7	5ZGC
Q9NTG7	6ISO
Q9NTG7	8ANC
Q9NTG7	8BBK
Q9NTG7	8CCW
Q9NTG7	8CCZ
Q9NTG7	8HLW
Q9NTG7	8HLY
Q9NTG7	8HN9
Q9NTG7	8V15
Q9NTG7	8V2N
Q9NTG7	9CBT
P12104	1KZW
P12104	1KZX
P12104	2MJI
P12104	2MO5
P12104	3AKM
P12104	3IFB
P12104	6L7K
P60891	2H06
P60891	2H07
P60891	2H08
P60891	2HCR
P60891	3EFH
P60891	3S5J
P60891	4F8E
P60891	4LYG
P60891	4LZN
P60891	4LZO
P60891	4M0P
P60891	4M0U
P60891	8DBC
P60891	8DBD
P60891	8DBE
P60891	8DBF
P60891	8DBG
P60891	8DBH
P60891	8DBI
P60891	8DBJ
P60891	8DBK
P60891	8DBL
P60891	8DBM
P60891	8DBN
P60891	8DBO
Q9H3R5	7PB4
Q9H3R5	7PKN
Q9H3R5	7QOO
Q9H3R5	7R5S
Q9H3R5	7R5V
Q9H3R5	7XHN
Q9H3R5	7XHO
Q9H3R5	7YWX
Q9H3R5	7YYH
O95831	1M6I
O95831	4BUR
O95831	4BV6
O95831	4FDC
O95831	4LII
O95831	5FMH
O95831	5FS6
O95831	5FS7
O95831	5FS8
O95831	5FS9
O95831	5KVH
O95831	5KVI
O95831	8D3E
O95831	8D3G
O95831	8D3H
O95831	8D3I
O95831	8D3J
O95831	8D3K
O95831	8D3N
O95831	8D3O
P16112	4MD4
P16112	7RDV
O75144	6X4G
O75144	6X4T
Q96DU3	2IF7
O14746	2BCK
O14746	4B18
O14746	4MNQ
O14746	5MEN
O14746	5MEO
O14746	5MEP
O14746	5MEQ
O14746	5MER
O14746	5UGW
O14746	7BG9
O14746	7QXA
O14746	7QXB
O14746	7QXS
O14746	7TRD
O14746	7TRE
O14746	7TRF
O14746	7V99
Q8N884	4KM5
Q8N884	4LEV
Q8N884	4LEW
Q8N884	4MKP
Q8N884	4O67
Q8N884	4O68
Q8N884	4O69
Q8N884	5V8O
Q8N884	5VDO
Q8N884	5VDP
Q8N884	5VDQ
Q8N884	5VDR
Q8N884	5VDS
Q8N884	5VDT
Q8N884	5VDU
Q8N884	5VDV
Q8N884	5VDW
Q8N884	6CT9
Q8N884	6CTA
Q8N884	6EDB
Q8N884	6EDC
Q8N884	6LRC
Q8N884	6LRE
Q8N884	6LRI
Q8N884	6LRJ
Q8N884	6LRK
Q8N884	6LRL
Q8N884	6MJU
Q8N884	6MJW
Q8N884	6MJX
Q8N884	6NAO
Q8N884	6NFG
Q8N884	6NFO
Q8N884	6O47
Q8N884	6Y5D
Q8N884	6Y5E
Q8N884	7C0M
Q8N884	7CCQ
Q8N884	7CCR
Q8N884	7FTF
Q8N884	7FTG
Q8N884	7FTH
Q8N884	7FTI
Q8N884	7FTJ
Q8N884	7FTK
Q8N884	7FTL
Q8N884	7FTM
Q8N884	7FTN
Q8N884	7FTO
Q8N884	7FTP
Q8N884	7FTQ
Q8N884	7FTR
Q8N884	7FTS
Q8N884	7FTT
Q8N884	7FTU
Q8N884	7FTV
Q8N884	7FTW
Q8N884	7FTX
Q8N884	7FTY
Q8N884	7FTZ
Q8N884	7FU0
Q8N884	7FU1
Q8N884	7FU2
Q8N884	7FU3
Q8N884	7FU4
Q8N884	7FU5
Q8N884	7FU6
Q8N884	7FU7
Q8N884	7FU8
Q8N884	7FU9
Q8N884	7FUA
Q8N884	7FUB
Q8N884	7FUC
Q8N884	7FUD
Q8N884	7FUE
Q8N884	7FUF
Q8N884	7FUG
Q8N884	7FUH
Q8N884	7FUI
Q8N884	7FUJ
Q8N884	7FUK
Q8N884	7FUL
Q8N884	7FUM
Q8N884	7FUN
Q8N884	7FUO
Q8N884	7FUP
Q8N884	7FUQ
Q8N884	7FUR
Q8N884	8IME
Q8N884	8IMF
Q8N884	8IMG
Q8N884	8OKX
Q8N884	8OL1
Q8N884	8SHZ
Q8N884	8SI0
Q8N884	8SJ8
Q8N884	8WR8
P78371	6NR8
P78371	6NR9
P78371	6NRA
P78371	6NRB
P78371	6NRC
P78371	6NRD
P78371	6QB8
P78371	7LUM
P78371	7LUP
P78371	7NVL
P78371	7NVM
P78371	7NVN
P78371	7NVO
P78371	7TRG
P78371	7TTN
P78371	7TTT
P78371	7TUB
P78371	7WU7
P78371	7WZ3
P78371	7X0A
P78371	7X0S
P78371	7X0V
P78371	7X3J
P78371	7X3U
P78371	7X6Q
P78371	7X7Y
P78371	8HKI
P78371	8I1U
P78371	8I9U
P78371	8IB8
P78371	8SFE
P78371	8SFF
P78371	8SG8
P78371	8SG9
P78371	8SGC
P78371	8SGL
P78371	8SGQ
P78371	8SH9
P78371	8SHA
P78371	8SHD
P78371	8SHE
P78371	8SHF
P78371	8SHG
P78371	8SHL
P78371	8SHN
P78371	8SHO
P78371	8SHP
P78371	8SHQ
P78371	8SHT
P12081	1X59
P12081	2LW7
P12081	4G84
P12081	4G85
P12081	4PHC
P12081	4X5O
P12081	5W6M
P12081	6O76
O43447	1MZW
O43447	1QOI
O43447	5O9Z
O43447	6AHD
O43447	8H6K
O43447	8H6L
O43447	8QO9
O43447	8QZS
O43447	8R09
O43447	8R0B
O43447	8RM5
Q96QE5	5OL8
Q96QE5	5OL9
Q96QE5	5OLA
Q96QE5	8U8U
Q96QE5	8U8V
Q96QE5	9BDC
Q96QE5	9BDD
Q96C03	5WP9
Q96PZ7	2EHF
P46091	8JJP
P46091	8XGM
Q9UBU8	2AQL
Q9UBU8	2EFI
Q9UBU8	2F5J
Q9UBU8	2F5K
Q9UBU8	2LKM
Q9UBU8	2N1D
Q9UBU8	6AGO
Q9UBU8	6INE
Q9UBU8	7S4A
Q9UBU8	8BPA
Q9UBU8	8C60
O14764	7QN5
O14764	7QN6
O14764	7QN7
O14764	7QN8
O14764	7QN9
O14764	7QNC
O14764	7QND
P21817	6UHI
P21817	6UHS
P27487	1J2E
P27487	1N1M
P27487	1NU6
P27487	1NU8
P27487	1PFQ
P27487	1R9M
P27487	1R9N
P27487	1RWQ
P27487	1TK3
P27487	1TKR
P27487	1U8E
P27487	1W1I
P27487	1WCY
P27487	1X70
P27487	2AJL
P27487	2BGN
P27487	2BGR
P27487	2BUB
P27487	2FJP
P27487	2G5P
P27487	2G5T
P27487	2G63
P27487	2HHA
P27487	2I03
P27487	2I78
P27487	2IIT
P27487	2IIV
P27487	2JID
P27487	2OAG
P27487	2OGZ
P27487	2OLE
P27487	2ONC
P27487	2OPH
P27487	2OQI
P27487	2OQV
P27487	2P8S
P27487	2QJR
P27487	2QKY
P27487	2QOE
P27487	2QT9
P27487	2QTB
P27487	2RGU
P27487	2RIP
P27487	3BJM
P27487	3C43
P27487	3C45
P27487	3CCB
P27487	3CCC
P27487	3D4L
P27487	3EIO
P27487	3F8S
P27487	3G0B
P27487	3G0C
P27487	3G0D
P27487	3G0G
P27487	3H0C
P27487	3HAB
P27487	3HAC
P27487	3KWF
P27487	3KWJ
P27487	3NOX
P27487	3O95
P27487	3O9V
P27487	3OC0
P27487	3OPM
P27487	3Q0T
P27487	3Q8W
P27487	3QBJ
P27487	3SWW
P27487	3SX4
P27487	3VJK
P27487	3VJL
P27487	3VJM
P27487	3W2T
P27487	3WQH
P27487	4A5S
P27487	4DSA
P27487	4DSZ
P27487	4DTC
P27487	4G1F
P27487	4J3J
P27487	4JH0
P27487	4KR0
P27487	4L72
P27487	4LKO
P27487	4N8D
P27487	4N8E
P27487	4PNZ
P27487	4PV7
P27487	4QZV
P27487	5I7U
P27487	5ISM
P27487	5J3J
P27487	5KBY
P27487	5T4B
P27487	5T4E
P27487	5T4F
P27487	5T4H
P27487	5Y7H
P27487	5Y7J
P27487	5Y7K
P27487	5ZID
P27487	6B1E
P27487	6B1O
P27487	8WKU
Q6UXN8	3VPP
Q17R31	2Y1H
P22392	1NSK
P22392	1NUE
P22392	3BBB
P22392	3BBC
P22392	3BBF
P22392	7KPF
P22392	8PIE
P22392	8PYW
P05106	1JV2
P05106	1KUP
P05106	1KUZ
P05106	1L5G
P05106	1M1X
P05106	1M8O
P05106	1MIZ
P05106	1MK7
P05106	1MK9
P05106	1S4X
P05106	1TYE
P05106	1U8C
P05106	2K9J
P05106	2KNC
P05106	2KV9
P05106	2L1C
P05106	2L91
P05106	2LJD
P05106	2LJE
P05106	2LJF
P05106	2MTP
P05106	2N9Y
P05106	2Q6W
P05106	2RMZ
P05106	2RN0
P05106	2VC2
P05106	2VDK
P05106	2VDL
P05106	2VDM
P05106	2VDN
P05106	2VDO
P05106	2VDP
P05106	2VDQ
P05106	2VDR
P05106	3FCS
P05106	3FCU
P05106	3IJE
P05106	3NID
P05106	3NIF
P05106	3NIG
P05106	3T3M
P05106	3T3P
P05106	3ZDX
P05106	3ZDY
P05106	3ZDZ
P05106	3ZE0
P05106	3ZE1
P05106	3ZE2
P05106	4CAK
P05106	4G1E
P05106	4G1M
P05106	4MMX
P05106	4MMY
P05106	4MMZ
P05106	4O02
P05106	4Z7N
P05106	4Z7O
P05106	4Z7Q
P05106	5HDB
P05106	6AVQ
P05106	6AVR
P05106	6AVU
P05106	6BXB
P05106	6BXF
P05106	6BXJ
P05106	6CKB
P05106	6MK0
P05106	6MSL
P05106	6MSU
P05106	6NAJ
P05106	6V4P
P05106	7KN0
P05106	7L8P
P05106	7LA4
P05106	7TCT
P05106	7TD8
P05106	7THO
P05106	7TMZ
P05106	7TPD
P05106	7U60
P05106	7U9F
P05106	7U9V
P05106	7UBR
P05106	7UCY
P05106	7UDG
P05106	7UDH
P05106	7UE0
P05106	7UFH
P05106	7UH8
P05106	7UJE
P05106	7UJK
P05106	7UK9
P05106	7UKO
P05106	7UKP
P05106	7UKT
P05106	8GCD
P05106	8GCE
P05106	8IJ5
P05106	8T2U
P05106	8T2V
P05106	9DEQ
P05106	9DER
Q96RT8	6L81
Q96RT8	6V69
Q96RT8	6V6S
Q96RT8	7AS4
Q96RT8	7QJ0
Q96RT8	7QJ1
Q96RT8	7QJ2
Q96RT8	7QJ3
Q96RT8	7QJ4
Q96RT8	7QJ5
Q96RT8	7QJ6
Q96RT8	7QJ7
Q96RT8	7QJ8
Q96RT8	7QJ9
Q96RT8	7QJA
Q96RT8	7QJB
Q96RT8	7QJC
Q96RT8	7QJD
Q96RT8	7QJE
Q96RT8	8Q62
Q96RT8	8RX1
Q96RT8	8VRD
Q96RT8	8VRJ
Q96RT8	8VRK
Q8IVH8	5J5T
Q16602	3AQF
Q16602	3N7P
Q16602	3N7R
Q16602	3N7S
Q16602	4RWF
Q16602	4RWG
Q16602	5V6Y
Q16602	6D1U
Q16602	6E3Y
Q16602	6UMG
Q16602	6UUN
Q16602	6UUS
Q16602	6UVA
Q16602	6V2E
Q16602	6ZHO
Q16602	6ZIS
Q16602	7KNT
Q16602	7KNU
Q16602	7P0F
Q16602	7P0I
Q16602	8AX5
Q16602	8AX6
Q16602	8AX7
Q7KZI7	3IEC
Q7KZI7	5EAK
Q7KZI7	5KZ7
Q7KZI7	5KZ8
Q7KZI7	8TXY
Q13409	5JPW
Q13409	6F1T
Q13409	6F1U
Q13409	6F1Z
Q13409	6F38
Q13409	6F3A
Q13409	7Z8F
Q13409	7Z8I
Q13409	7Z8J
Q13409	7Z8K
Q13409	8PQW
Q13409	8PQZ
Q13409	8PR0
Q13409	8PR1
Q13409	8PR2
Q13409	8PR3
Q13409	8PTK
Q92973	1QBK
Q92973	2H4M
Q92973	2OT8
Q92973	2QMR
Q92973	2Z5J
Q92973	2Z5K
Q92973	2Z5M
Q92973	2Z5N
Q92973	2Z5O
Q92973	4FDD
Q92973	4FQ3
Q92973	4JLQ
Q92973	4OO6
Q92973	5J3V
Q92973	5TQC
Q92973	5YVG
Q92973	5YVH
Q92973	5YVI
Q92973	7CYL
Q92973	7VPW
Q92973	8SGH
Q9BXP5	5OO6
Q9BXP5	6F7J
Q9BXP5	6F7P
Q9BXP5	6F7S
Q9BXP5	6F8D
Q9BXP5	8PMP
O15269	6M4N
O15269	6M4O
O15269	7CQI
O15269	7CQK
O15269	7K0I
O15269	7K0J
O15269	7K0K
O15269	7K0L
O15269	7K0M
O15269	7K0N
O15269	7K0O
O15269	7K0P
O15269	7K0Q
O15269	7YIU
O15269	7YIY
O15269	7YJ1
O15269	7YJ2
Q8WV28	6YLU
Q6NTF7	5W45
Q6NTF7	6B0B
Q6NTF7	6BBO
Q6NTF7	8FVI
Q9H3Z4	2N04
Q9H3Z4	2N05
Q96BT3	7QOO
Q96BT3	7R5S
Q96BT3	7XHN
Q96BT3	7XHO
Q96BT3	7YWX
O00746	1EHW
P63279	1A3S
P63279	1KPS
P63279	1Z5S
P63279	2GRN
P63279	2GRO
P63279	2GRP
P63279	2GRQ
P63279	2GRR
P63279	2O25
P63279	2PE6
P63279	2PX9
P63279	2XWU
P63279	3A4S
P63279	3UIN
P63279	3UIO
P63279	3UIP
P63279	4W5V
P63279	4Y1L
P63279	5D2M
P63279	5F6D
P63279	5F6E
P63279	5F6U
P63279	5F6V
P63279	5F6W
P63279	5F6X
P63279	5F6Y
P63279	5FQ2
P63279	6SYF
P63279	8ODR
P63279	9B62
Q01201	8G8R
Q07699	6AGF
Q07699	6J8G
Q07699	6J8H
Q07699	6J8I
Q07699	6J8J
Q07699	7W77
Q07699	7W7F
Q07699	7W9K
Q07699	7W9L
Q07699	7W9M
Q07699	7W9P
Q07699	7W9T
Q07699	7XM9
Q07699	7XMF
Q07699	7XMG
Q07699	7XVE
Q07699	7XVF
Q07699	8FHD
Q07699	8G1A
Q07699	8GZ1
Q07699	8GZ2
Q07699	8I5B
Q07699	8I5G
Q07699	8I5X
Q07699	8I5Y
Q07699	8J4F
Q07699	8S9B
Q07699	8S9C
Q07699	8THG
Q07699	8THH
Q07699	8XMM
Q07699	8XMN
Q07699	8XMO
P43490	2E5B
P43490	2E5C
P43490	2E5D
P43490	2GVG
P43490	2GVJ
P43490	3DGR
P43490	3DHD
P43490	3DHF
P43490	3DKJ
P43490	3DKL
P43490	4JNM
P43490	4JR5
P43490	4KFN
P43490	4KFO
P43490	4KFP
P43490	4L4L
P43490	4L4M
P43490	4LTS
P43490	4LV9
P43490	4LVA
P43490	4LVB
P43490	4LVD
P43490	4LVF
P43490	4LVG
P43490	4LWW
P43490	4M6P
P43490	4M6Q
P43490	4N9B
P43490	4N9C
P43490	4N9D
P43490	4N9E
P43490	4O0Z
P43490	4O10
P43490	4O12
P43490	4O13
P43490	4O14
P43490	4O15
P43490	4O16
P43490	4O17
P43490	4O18
P43490	4O19
P43490	4O1A
P43490	4O1B
P43490	4O1C
P43490	4O1D
P43490	4O28
P43490	4WQ6
P43490	5KIT
P43490	5LX3
P43490	5LX5
P43490	5NSD
P43490	5U2M
P43490	5U2N
P43490	5UPE
P43490	5UPF
P43490	5WI0
P43490	5WI1
P43490	6ATB
P43490	6AZJ
P43490	6B75
P43490	6B76
P43490	6E68
P43490	6PEB
P43490	6TA0
P43490	6TA2
P43490	6TAC
P43490	7ENQ
P43490	7PPE
P43490	7PPF
P43490	7PPG
P43490	7PPH
P43490	7PPI
P43490	8DSC
P43490	8DSD
P43490	8DSE
P43490	8DSH
P43490	8DSI
P43490	8DSM
P43490	8DTJ
P43490	8F7L
P43490	8IVU
P43490	8TM7
Q15438	1BC9
Q15438	4A4P
Q4FZB7	3S8P
Q4FZB7	5CPR
Q4FZB7	5WBV
Q4FZB7	7YRD
Q4FZB7	7YRG
Q4FZB7	8JHF
Q4FZB7	8JHG
Q4FZB7	8T9F
Q4FZB7	8T9H
P33981	2X9E
P33981	2ZMC
P33981	2ZMD
P33981	3CEK
P33981	3DBQ
P33981	3GFW
P33981	3H9F
P33981	3HMN
P33981	3HMO
P33981	3HMP
P33981	3VQU
P33981	3W1F
P33981	3WYX
P33981	3WYY
P33981	3WZJ
P33981	3WZK
P33981	4B94
P33981	4BHZ
P33981	4BI0
P33981	4BI1
P33981	4BI2
P33981	4C4E
P33981	4C4F
P33981	4C4G
P33981	4C4H
P33981	4C4I
P33981	4C4J
P33981	4CV8
P33981	4CV9
P33981	4CVA
P33981	4D2S
P33981	4H7X
P33981	4H7Y
P33981	4JS8
P33981	4JT3
P33981	4O6L
P33981	4ZEG
P33981	5AP0
P33981	5AP1
P33981	5AP2
P33981	5AP3
P33981	5AP4
P33981	5AP5
P33981	5AP6
P33981	5AP7
P33981	5EH0
P33981	5EHL
P33981	5EHO
P33981	5EHY
P33981	5EI2
P33981	5EI6
P33981	5EI8
P33981	5LJJ
P33981	5MRB
P33981	5N7V
P33981	5N84
P33981	5N87
P33981	5N93
P33981	5N9S
P33981	5NA0
P33981	5NAD
P33981	5NTT
P33981	5O91
P33981	6B4W
P33981	6GVJ
P33981	6H3K
P33981	6N6O
P33981	6TN9
P33981	6TNB
P33981	6TNC
P33981	6TND
P33981	7CHM
P33981	7CHN
P33981	7CHT
P33981	7CIL
P33981	7CJA
P33981	7CLH
P33981	7LQD
P51114	2CPQ
P51114	3KUF
P51114	3O8V
Q9ULA0	4DYO
Q9NZ52	1JPL
Q9NZ52	1JUQ
Q9NZ52	1LF8
Q9NZ52	1P4U
Q9NZ52	1WR6
Q9NZ52	1YD8
P25685	1HDJ
P25685	2QLD
P25685	3AGX
P25685	3AGY
P25685	3AGZ
P25685	4WB7
P25685	6BYR
P25685	6WJF
P25685	6WJG
P25685	6Z5N
P25685	7NDX
P25685	8FE2
P25685	8FE5
P25685	8FEC
P62826	1I2M
P62826	1IBR
P62826	1K5D
P62826	1K5G
P62826	1QBK
P62826	1RRP
P62826	2MMC
P62826	2MMG
P62826	2N1B
P62826	3CH5
P62826	3EA5
P62826	3GJ0
P62826	3GJ3
P62826	3GJ4
P62826	3GJ5
P62826	3GJ6
P62826	3GJ7
P62826	3GJ8
P62826	3GJX
P62826	3NBY
P62826	3NBZ
P62826	3NC0
P62826	3NC1
P62826	3ZJY
P62826	4C0Q
P62826	4GMX
P62826	4GPT
P62826	4HAT
P62826	4HAU
P62826	4HAV
P62826	4HAW
P62826	4HAX
P62826	4HAY
P62826	4HAZ
P62826	4HB0
P62826	4HB2
P62826	4HB3
P62826	4HB4
P62826	4OL0
P62826	4WVF
P62826	5CIQ
P62826	5CIT
P62826	5CIW
P62826	5CJ2
P62826	5CLL
P62826	5CLQ
P62826	5DH9
P62826	5DHA
P62826	5DHF
P62826	5DI9
P62826	5DIF
P62826	5DIS
P62826	5DLQ
P62826	5FYQ
P62826	5JLJ
P62826	5UWH
P62826	5UWI
P62826	5UWJ
P62826	5UWO
P62826	5UWP
P62826	5UWQ
P62826	5UWR
P62826	5UWS
P62826	5UWT
P62826	5UWU
P62826	5UWW
P62826	5YRO
P62826	5YST
P62826	5YSU
P62826	5YTB
P62826	5ZPU
P62826	6A38
P62826	6A3A
P62826	6A3B
P62826	6A3C
P62826	6A3E
P62826	6CIT
P62826	6KFT
P62826	6LQ9
P62826	6M60
P62826	6M6X
P62826	6Q82
P62826	6Q84
P62826	6TVO
P62826	6X2M
P62826	6X2O
P62826	6X2P
P62826	6X2R
P62826	6X2S
P62826	6X2U
P62826	6X2V
P62826	6X2W
P62826	6X2X
P62826	6X2Y
P62826	6XJP
P62826	6XJR
P62826	6XJS
P62826	6XJT
P62826	6XJU
P62826	7B51
P62826	7CND
P62826	7DBG
P62826	7L5E
P62826	7MNP
P62826	7MNQ
P62826	7MNR
P62826	7MNS
P62826	7MNT
P62826	7MNU
P62826	7MNV
P62826	7MNW
P62826	7MNX
P62826	7MNY
P62826	7MNZ
P62826	7MO0
P62826	7MO1
P62826	7MO2
P62826	7MO3
P62826	7MO4
P62826	7MO5
P62826	7YPZ
P62826	8HQ3
P62826	8HQ4
P62826	8HQ5
P62826	8HQ6
P62826	8HUF
P62826	8HUG
P62826	8ITV
P62826	8UX1
P62826	9B62
P00915	1AZM
P00915	1BZM
P00915	1CRM
P00915	1CZM
P00915	1HCB
P00915	1HUG
P00915	1HUH
P00915	1J9W
P00915	1JV0
P00915	2CAB
P00915	2FOY
P00915	2FW4
P00915	2IT4
P00915	2NMX
P00915	2NN1
P00915	2NN7
P00915	3LXE
P00915	3W6H
P00915	3W6I
P00915	4WR7
P00915	4WUP
P00915	4WUQ
P00915	5E2M
P00915	5GMM
P00915	6EVR
P00915	6EX1
P00915	6F3B
P00915	6FAF
P00915	6FAG
P00915	6G3V
P00915	6HWZ
P00915	6I0J
P00915	6I0L
P00915	6SWM
P00915	6XZE
P00915	6XZO
P00915	6XZS
P00915	6XZX
P00915	6XZY
P00915	6Y00
P00915	7PLF
P00915	7Q0D
P00915	7QOB
P00915	7ZL5
P00915	8CDX
P00915	8CDZ
P00915	8Q6L
P00915	8Q7G
P00915	8QGV
P00915	8QQ9
P00915	8QUN
O75586	7EMF
O75586	7ENA
O75586	7ENC
O75586	7ENJ
O75586	7LBM
O75586	7NVR
O75586	8GXQ
O75586	8GXS
O75586	8T9D
O75586	8TQW
O75586	8TRH
Q8N5N7	3J7Y
Q8N5N7	3J9M
Q8N5N7	5OOL
Q8N5N7	5OOM
Q8N5N7	6I9R
Q8N5N7	6NU2
Q8N5N7	6NU3
Q8N5N7	6VLZ
Q8N5N7	6VMI
Q8N5N7	6ZM5
Q8N5N7	6ZM6
Q8N5N7	6ZS9
Q8N5N7	6ZSA
Q8N5N7	6ZSB
Q8N5N7	6ZSC
Q8N5N7	6ZSD
Q8N5N7	6ZSE
Q8N5N7	6ZSG
Q8N5N7	7A5F
Q8N5N7	7A5G
Q8N5N7	7A5H
Q8N5N7	7A5I
Q8N5N7	7A5J
Q8N5N7	7A5K
Q8N5N7	7L08
Q8N5N7	7L20
Q8N5N7	7O9K
Q8N5N7	7O9M
Q8N5N7	7ODR
Q8N5N7	7ODS
Q8N5N7	7ODT
Q8N5N7	7OF0
Q8N5N7	7OF2
Q8N5N7	7OF3
Q8N5N7	7OF4
Q8N5N7	7OF5
Q8N5N7	7OF6
Q8N5N7	7OF7
Q8N5N7	7OG4
Q8N5N7	7OI6
Q8N5N7	7OI7
Q8N5N7	7OI8
Q8N5N7	7OI9
Q8N5N7	7OIA
Q8N5N7	7OIB
Q8N5N7	7OIC
Q8N5N7	7OID
Q8N5N7	7OIE
Q8N5N7	7PD3
Q8N5N7	7PO4
Q8N5N7	7QH6
Q8N5N7	7QH7
Q8N5N7	7QI4
Q8N5N7	7QI5
Q8N5N7	7QI6
Q8N5N7	8ANY
Q8N5N7	8K2A
Q8N5N7	8K2B
Q8N5N7	8OIR
Q8N5N7	8OIT
Q8N5N7	8PK0
Q8N5N7	8QSJ
Q8N5N7	8QU5
Q8N5N7	8XT0
Q8N5N7	8XT1
Q8N5N7	8XT2
Q8N5N7	8XT3
Q7Z2E3	3KT9
Q7Z2E3	4NDF
Q7Z2E3	4NDG
Q7Z2E3	4NDH
Q7Z2E3	4NDI
Q7Z2E3	6CVO
Q7Z2E3	6CVP
Q7Z2E3	6CVQ
Q7Z2E3	6CVR
Q7Z2E3	6CVS
Q7Z2E3	6CVT
Q15771	2EW1
Q96S82	2CWB
Q96S82	2DEN
Q5JTV8	4TVS
P05155	2OAY
P05155	5DU3
P05155	5DUQ
P05155	7AKV
P05155	8W18
Q5T4F4	1X4U
Q8N371	3UYJ
Q8N371	4AAP
Q8N371	4GAZ
Q8N371	4GJY
Q8N371	4GJZ
Q8N371	4QU1
Q8N371	5FBJ
Q8N371	6AVS
Q8N371	6AX3
Q8N371	6F4M
Q8N371	6F4N
Q8N371	6F4O
Q8N371	6F4P
Q8N371	6F4Q
Q8N371	6F4R
Q8N371	6F4S
Q8N371	6F4T
Q8N371	6I9L
Q8N371	6I9M
Q8N371	6I9N
Q8N371	7DYT
Q8N371	7DYU
Q8N371	7DYV
Q8N371	7DYW
Q8N371	7DYX
Q8N371	7UQ3
Q9UMR2	3EWS
Q9UMR2	3FHC
Q9UMR2	3FHT
Q9UMR2	3FMO
Q9UMR2	3FMP
Q9UMR2	3G0H
Q9UMR2	6B4I
Q9UMR2	6B4J
Q9UMR2	6B4K
P11308	1SXE
P11308	4IRG
P11308	4IRH
P11308	4IRI
P11308	5YBC
P11308	5YBD
P11308	6VGE
P11308	6VGG
Q8N443	8J07
Q2TAK8	3PMI
Q9HBG6	8BBE
Q9HBG6	8BBF
Q9HBG6	8BBG
Q9HBG6	8FGW
Q9HBG6	8FH3
Q12904	1E7Z
Q12904	1EUJ
Q12904	1FL0
Q12904	4R3Z
Q12904	8J9S
Q12904	8ONG
P55072	3EBB
P55072	3HU1
P55072	3HU2
P55072	3HU3
P55072	3QC8
P55072	3QQ7
P55072	3QQ8
P55072	3QWZ
P55072	3TIW
P55072	4KDI
P55072	4KDL
P55072	4KLN
P55072	4KO8
P55072	4KOD
P55072	4P0A
P55072	5B6C
P55072	5C18
P55072	5C19
P55072	5C1A
P55072	5C1B
P55072	5DYG
P55072	5DYI
P55072	5EPP
P55072	5FTJ
P55072	5FTK
P55072	5FTL
P55072	5FTM
P55072	5FTN
P55072	5GLF
P55072	5IFS
P55072	5IFW
P55072	5KIW
P55072	5KIY
P55072	5X4L
P55072	6G2V
P55072	6G2W
P55072	6G2X
P55072	6G2Y
P55072	6G2Z
P55072	6G30
P55072	6HD0
P55072	6MCK
P55072	7BP8
P55072	7BP9
P55072	7BPA
P55072	7BPB
P55072	7JY5
P55072	7K56
P55072	7K57
P55072	7K59
P55072	7L5W
P55072	7L5X
P55072	7LMY
P55072	7LMZ
P55072	7LN0
P55072	7LN1
P55072	7LN2
P55072	7LN3
P55072	7LN4
P55072	7LN5
P55072	7LN6
P55072	7MDM
P55072	7MDO
P55072	7MHS
P55072	7OAT
P55072	7PUX
P55072	7R7S
P55072	7R7T
P55072	7R7U
P55072	7RL6
P55072	7RL7
P55072	7RL9
P55072	7RLA
P55072	7RLB
P55072	7RLC
P55072	7RLD
P55072	7RLF
P55072	7RLG
P55072	7RLH
P55072	7RLI
P55072	7RLJ
P55072	7VCS
P55072	7VCT
P55072	7VCU
P55072	7VCV
P55072	7VCX
P55072	7Y4W
P55072	7Y53
P55072	7Y59
P55072	8B5R
P55072	8FCL
P55072	8FCM
P55072	8FCN
P55072	8FCO
P55072	8FCP
P55072	8FCQ
P55072	8FCR
P55072	8FCT
P55072	8HL7
P55072	8HRZ
P55072	8KG2
P55072	8OOI
P55072	8PQX
P55072	8R0E
P55072	8RS9
P55072	8RSB
P55072	8RSC
P55072	8UV2
P55072	8UVO
P55072	8UVP
P55072	8UVQ
P55072	8VKU
P55072	8VLS
P55072	8VOV
P55072	8YKA
P55072	9BOQ
Q9NR30	2M3D
Q9NR30	6L5L
Q9NR30	6L5M
Q9NR30	6L5N
Q9NR30	6L5O
P20151	4NFE
P20151	4NFF
P62487	2C35
P62487	5IY6
P62487	5IY7
P62487	5IY8
P62487	5IY9
P62487	5IYA
P62487	5IYB
P62487	5IYC
P62487	5IYD
P62487	6DRD
P62487	6O9L
P62487	6XRE
P62487	7LBM
Q9Y2U5	2CU1
Q9Y2U5	2NPT
Q9Y2U5	5EX0
Q9Y2U5	5HQ8
Q9Y2U5	6LDV
Q9Y2U5	6LDW
Q9Y2U5	6LDX
Q9Y2U5	6LDY
P0CG47	2KHW
P0CG47	2MBB
P0CG47	2MRO
P0CG47	2MSG
P0CG47	2N13
P0CG47	4UEL
P0CG47	4UF6
P0CG47	4WHV
P0CG47	4WLR
P0CG47	4WUR
P0CG47	4XOF
P0CG47	4ZFR
P0CG47	4ZFT
P0CG47	4ZPZ
P0CG47	4ZUX
P0CG47	5BNB
P0CG47	5CAW
P0CG47	5CRA
P0CG47	5CVM
P0CG47	5CVN
P0CG47	5CVO
P0CG47	5D0K
P0CG47	5D0M
P0CG47	5DFL
P0CG47	5DK8
P0CG47	5E6J
P0CG47	5EDV
P0CG47	5EMZ
P0CG47	5EYA
P0CG47	5GJQ
P0CG47	5GO7
P0CG47	5GO8
P0CG47	5GOB
P0CG47	5GOC
P0CG47	5GOD
P0CG47	5GOG
P0CG47	5GOH
P0CG47	5GOI
P0CG47	5GOJ
P0CG47	5GOK
P0CG47	5H7S
P0CG47	5IBK
P0CG47	5IFR
P0CG47	5JBY
P0CG47	5JG6
P0CG47	5JP3
P0CG47	5JTJ
P0CG47	5JTV
P0CG47	5K9P
P0CG47	5KGF
P0CG47	5KHY
P0CG47	5KYC
P0CG47	5KYD
P0CG47	5KYE
P0CG47	5KYF
P0CG47	5L8H
P0CG47	5L8W
P0CG47	5L9T
P0CG47	5LN1
P0CG47	5LRV
P0CG47	5LRW
P0CG47	5LRX
P0CG47	5M93
P0CG47	5MNJ
P0CG47	5N2W
P0CG47	5N38
P0CG47	5NL5
P0CG47	5NLJ
P0CG47	5NVG
P0CG47	5O44
P0CG47	5O6T
P0CG47	5OHK
P0CG47	5OHL
P0CG47	5OHN
P0CG47	5OHP
P0CG47	5TOF
P0CG47	5TOG
P0CG47	5TUT
P0CG47	5TXK
P0CG47	5UJL
P0CG47	5UJN
P0CG47	5ULF
P0CG47	5ULH
P0CG47	5ULK
P0CG47	5V1Y
P0CG47	5V1Z
P0CG47	5VEY
P0CG47	5VF0
P0CG47	5VNZ
P0CG47	5VO0
P0CG47	5VZM
P0CG47	5VZW
P0CG47	5W46
P0CG47	5WFI
P0CG47	5X3M
P0CG47	5X3N
P0CG47	5X3O
P0CG47	5XBO
P0CG47	5XDP
P0CG47	5XK4
P0CG47	5XK5
P0CG47	5XPK
P0CG47	5YDR
P0CG47	5YIJ
P0CG47	5YIK
P0CG47	5YMY
P0CG47	5YT6
P0CG47	5ZBU
P0CG47	5ZD0
P0CG47	6ASR
P0CG47	6BVA
P0CG47	6BYH
P0CG47	6C16
P0CG47	6CP2
P0CG47	6DGF
P0CG47	6EI1
P0CG47	6FDK
P0CG47	6FGE
P0CG47	6FTX
P0CG47	6FX4
P0CG47	6FYH
P0CG47	6GLC
P0CG47	6GZS
P0CG47	6H4H
P0CG47	6HEI
P0CG47	6HEK
P0CG47	6IF1
P0CG47	6ISU
P0CG47	6JB6
P0CG47	6JB7
P0CG47	6JMA
P0CG47	6K4I
P0CG47	6K9P
P0CG47	6KOW
P0CG47	6KOX
P0CG47	6LP2
P0CG47	6MSB
P0CG47	6MSD
P0CG47	6MSE
P0CG47	6MSG
P0CG47	6N13
P0CG47	6NJ9
P0CG47	6NJG
P0CG47	6O96
P0CG47	6OAM
P0CG47	6PGV
P0CG47	6PZV
P0CG47	6QF8
P0CG47	6QK9
P0CG47	6QML
P0CG47	6TBM
P0CG47	6UH5
P0CG47	6XAA
P0CG47	6XQC
P0CG47	6XZ1
P0CG47	7AY2
P0CG47	7BBD
P0CG47	7BU0
P0CG47	7CAP
P0CG47	7DNI
P0CG47	7DNJ
P0CG47	7E8I
P0CG47	7F7X
P0CG47	7JMS
P0CG47	7LYC
P0CG47	7M2K
P0CG47	7MC9
P0CG47	7MEY
P0CG47	7MYF
P0CG47	7MYH
P0CG47	7NBB
P0CG47	7NPO
P0CG47	7OJE
P0CG47	7OJX
P0CG47	7QO4
P0CG47	7QO5
P0CG47	7RBR
P0CG47	7RMA
P0CG47	7UD5
P0CG47	7US1
P0CG47	7UV5
P0CG47	7W38
P0CG47	7W39
P0CG47	7W3A
P0CG47	7W3B
P0CG47	7W3C
P0CG47	7W3F
P0CG47	7W3G
P0CG47	7W3H
P0CG47	7W3I
P0CG47	7W3J
P0CG47	7W3K
P0CG47	7W3M
P0CG47	7W3U
P0CG47	7W54
P0CG47	7XCR
P0CG47	7XCT
P0CG47	7YQK
P0CG47	8A67
P0CG47	8BS9
P0CG47	8C07
P0CG47	8C61
P0CG47	8CMR
P0CG47	8DMQ
P0CG47	8DMS
P0CG47	8DU4
P0CG47	8EFW
P0CG47	8EFX
P0CG47	8EHO
P0CG47	8G6G
P0CG47	8G6H
P0CG47	8G6Q
P0CG47	8G6S
P0CG47	8GRM
P0CG47	8H1T
P0CG47	8HQY
P0CG47	8IC9
P0CG47	8ITP
P0CG47	8J1P
P0CG47	8OYP
P0CG47	8Q00
P0CG47	8SN3
P0CG47	8SN4
P0CG47	8SN5
P0CG47	8SN6
P0CG47	8SN7
P0CG47	8SN8
P0CG47	8SN9
P0CG47	8SNA
P0CG47	8TXV
P0CG47	8TXW
P0CG47	8TXX
P0CG47	8V25
P0CG47	8V26
P0CG47	8V27
P0CG47	8V28
P0CG47	8W31
P0CG47	8WG5
P0CG47	8XEP
P0CG47	9AVT
P0CG47	9AVW
P0CG47	9AZJ
P0CG47	9B0Z
P0CG47	9B12
P0CG47	9C5E
Q5SRI9	6ZDC
Q5SRI9	6ZDF
Q5SRI9	6ZDK
Q5SRI9	6ZDL
Q5SRI9	6ZFA
Q5SRI9	6ZFN
Q5SRI9	6ZFQ
Q5SRI9	6ZJ1
Q5SRI9	6ZJ5
Q07869	1I7G
Q07869	1K7L
Q07869	1KKQ
Q07869	2NPA
Q07869	2P54
Q07869	2REW
Q07869	2ZNN
Q07869	3ET1
Q07869	3FEI
Q07869	3G8I
Q07869	3KDT
Q07869	3KDU
Q07869	3SP6
Q07869	3VI8
Q07869	4BCR
Q07869	4CI4
Q07869	5AZT
Q07869	5HYK
Q07869	6KAX
Q07869	6KAY
Q07869	6KAZ
Q07869	6KB0
Q07869	6KB1
Q07869	6KB2
Q07869	6KB3
Q07869	6KB4
Q07869	6KB5
Q07869	6KB6
Q07869	6KB7
Q07869	6KB8
Q07869	6KB9
Q07869	6KBA
Q07869	6KXX
Q07869	6KXY
Q07869	6KYP
Q07869	6L36
Q07869	6L37
Q07869	6L38
Q07869	6L96
Q07869	6LX4
Q07869	6LX5
Q07869	6LX6
Q07869	6LX7
Q07869	6LX8
Q07869	6LX9
Q07869	6LXA
Q07869	6LXB
Q07869	6LXC
Q07869	7BPY
Q07869	7BPZ
Q07869	7BQ0
Q07869	7BQ1
Q07869	7BQ2
Q07869	7BQ3
Q07869	7BQ4
Q07869	7C6Q
Q07869	7E5F
Q07869	7E5G
Q07869	7E5H
Q07869	7E5I
Q07869	8HUK
Q07869	8HUN
Q07869	8HUQ
Q07869	8RCE
Q15116	2M2D
Q15116	3RRQ
Q15116	4ZQK
Q15116	5B8C
Q15116	5GGR
Q15116	5GGS
Q15116	5IUS
Q15116	5JXE
Q15116	5WT9
Q15116	6HIG
Q15116	6J14
Q15116	6J15
Q15116	6JBT
Q15116	6JJP
Q15116	6K0Y
Q15116	6R5G
Q15116	6ROY
Q15116	6ROZ
Q15116	6UMT
Q15116	6UMU
Q15116	6UMV
Q15116	6XKR
Q15116	7BXA
Q15116	7CGW
Q15116	7CU5
Q15116	7E9B
Q15116	7VUX
Q15116	7WSL
Q15116	7WVM
Q15116	8AS0
Q15116	8EQ6
Q15116	8GY5
Q15116	8U31
Q15116	8U32
O14493	5B2G
O14493	7KP4
O14493	7TDM
O14493	7TDN
O14493	8U4V
O14493	8U5B
O14493	9CMH
O14493	9CMI
Q00872	1X44
Q00872	2DAV
Q00872	2YUV
Q00872	2YUW
Q00872	2YUX
Q00872	2YUZ
Q00872	2YXM
Q7Z2W9	3J7Y
Q7Z2W9	3J9M
Q7Z2W9	5OOL
Q7Z2W9	5OOM
Q7Z2W9	6I9R
Q7Z2W9	6NU2
Q7Z2W9	6NU3
Q7Z2W9	6VLZ
Q7Z2W9	6VMI
Q7Z2W9	6ZM5
Q7Z2W9	6ZM6
Q7Z2W9	6ZS9
Q7Z2W9	6ZSA
Q7Z2W9	6ZSB
Q7Z2W9	6ZSC
Q7Z2W9	6ZSD
Q7Z2W9	6ZSE
Q7Z2W9	6ZSG
Q7Z2W9	7A5F
Q7Z2W9	7A5G
Q7Z2W9	7A5H
Q7Z2W9	7A5I
Q7Z2W9	7A5J
Q7Z2W9	7A5K
Q7Z2W9	7L08
Q7Z2W9	7L20
Q7Z2W9	7O9K
Q7Z2W9	7O9M
Q7Z2W9	7ODR
Q7Z2W9	7ODS
Q7Z2W9	7ODT
Q7Z2W9	7OF0
Q7Z2W9	7OF2
Q7Z2W9	7OF3
Q7Z2W9	7OF4
Q7Z2W9	7OF5
Q7Z2W9	7OF6
Q7Z2W9	7OF7
Q7Z2W9	7OG4
Q7Z2W9	7OI6
Q7Z2W9	7OI7
Q7Z2W9	7OI8
Q7Z2W9	7OI9
Q7Z2W9	7OIA
Q7Z2W9	7OIB
Q7Z2W9	7OIC
Q7Z2W9	7OID
Q7Z2W9	7OIE
Q7Z2W9	7PD3
Q7Z2W9	7PO4
Q7Z2W9	7QH6
Q7Z2W9	7QH7
Q7Z2W9	7QI4
Q7Z2W9	7QI5
Q7Z2W9	7QI6
Q7Z2W9	8ANY
Q7Z2W9	8K2A
Q7Z2W9	8K2B
Q7Z2W9	8OIR
Q7Z2W9	8OIT
Q7Z2W9	8PK0
Q7Z2W9	8QSJ
Q7Z2W9	8QU1
Q7Z2W9	8QU5
Q7Z2W9	8XT0
Q7Z2W9	8XT1
Q7Z2W9	8XT2
Q7Z2W9	8XT3
O60716	3L6X
O60716	3L6Y
P49842	7XRB
P49842	8YCM
O95684	2D68
Q9UMR5	1PJA
Q9ULG6	7D0E
Q9Y6K9	2JVX
Q9Y6K9	2JVY
Q9Y6K9	3BRT
Q9Y6K9	3BRV
Q9Y6K9	3CL3
Q9Y6K9	3FX0
Q9Y6K9	4BWN
Q9Y6K9	5AAY
Q9Y6K9	5LDE
Q9Y6K9	6MI3
Q9Y6K9	6MI4
Q9Y6K9	6XX0
Q9Y6K9	6YEK
Q9Y6K9	7T2U
Q9Y6K9	7TV4
Q9Y6K9	9AZJ
Q15813	4ICU
Q15813	4ICV
Q8N5Y2	2Y0N
Q8N5Y2	3OA6
Q8N5Y2	3OB9
Q8IZD2	2LV9
Q8IZD2	4L58
Q8IZD2	5HT6
Q9P0K1	3G5C
Q9P0K1	5Y2Z
Q9P0K1	5Y31
Q9P0K1	7CQF
Q9P0K1	8HPY
Q9P0K1	8HQ1
Q9P0K1	8HQ2
Q9P0K1	8Y6B
O00187	1Q3X
O00187	1SZB
O00187	1ZJK
O00187	3TVJ
O00187	5JPM
P61619	6W6L
P61619	8B6L
P61619	8DNV
P61619	8DNW
P61619	8DNX
P61619	8DNY
P61619	8DNZ
P61619	8DO0
P61619	8DO1
P61619	8DO2
P61619	8DO3
Q07020	4UG0
Q07020	4V6X
Q07020	5AJ0
Q07020	5LKS
Q07020	5T2C
Q07020	6IP5
Q07020	6IP6
Q07020	6IP8
Q07020	6LQM
Q07020	6LSR
Q07020	6LSS
Q07020	6LU8
Q07020	6OLE
Q07020	6OLF
Q07020	6OLG
Q07020	6OLI
Q07020	6OLZ
Q07020	6OM0
Q07020	6OM7
Q07020	6QZP
Q07020	6W6L
Q07020	6XA1
Q07020	6Y0G
Q07020	6Y2L
Q07020	6Y57
Q07020	6Y6X
Q07020	6Z6L
Q07020	6Z6M
Q07020	6Z6N
Q07020	6ZM7
Q07020	6ZME
Q07020	6ZMI
Q07020	6ZMO
Q07020	6ZVK
Q07020	7A01
Q07020	7BHP
Q07020	7F5S
Q07020	7OW7
Q07020	7QVP
Q07020	7XNX
Q07020	7XNY
Q07020	8A3D
Q07020	8FKP
Q07020	8FKQ
Q07020	8FKR
Q07020	8FKS
Q07020	8FKT
Q07020	8FKU
Q07020	8FKV
Q07020	8FKW
Q07020	8FKX
Q07020	8FKY
Q07020	8FKZ
Q07020	8FL0
Q07020	8FL2
Q07020	8FL3
Q07020	8FL4
Q07020	8FL6
Q07020	8FL7
Q07020	8FL9
Q07020	8FLA
Q07020	8FLB
Q07020	8FLC
Q07020	8FLD
Q07020	8FLE
Q07020	8FLF
Q07020	8G5Y
Q07020	8G5Z
Q07020	8G60
Q07020	8G61
Q07020	8G6J
Q07020	8GLP
Q07020	8IDT
Q07020	8IDY
Q07020	8IE3
Q07020	8IFD
Q07020	8IFE
Q07020	8INE
Q07020	8INF
Q07020	8INK
Q07020	8IPD
Q07020	8IPX
Q07020	8IPY
Q07020	8IR1
Q07020	8IR3
Q07020	8JDJ
Q07020	8JDK
Q07020	8JDL
Q07020	8JDM
Q07020	8K2C
Q07020	8OHD
Q07020	8OJ0
Q07020	8OJ5
Q07020	8OJ8
Q07020	8QFD
Q07020	8QOI
Q07020	8XSX
Q07020	8XSY
Q07020	8XSZ
Q07020	8Y0W
Q07020	8Y0X
Q07020	8YOO
Q07020	8YOP
Q07020	9G8M
Q07020	9GMO
O15021	2W7R
Q13303	1ZSX
Q13303	7EJ1
Q13303	7EJ2
Q13303	7WF3
Q13303	7WF4
Q6IE81	8GDX
Q6IE81	8GE0
P62195	2KRK
P62195	3KW6
P62195	5GJQ
P62195	5GJR
P62195	5L4G
P62195	5LN3
P62195	5M32
P62195	5T0C
P62195	5T0G
P62195	5T0H
P62195	5T0I
P62195	5T0J
P62195	5VFP
P62195	5VFQ
P62195	5VFR
P62195	5VFS
P62195	5VFT
P62195	5VFU
P62195	5VGZ
P62195	5VHF
P62195	5VHH
P62195	5VHI
P62195	5VHJ
P62195	5VHM
P62195	5VHN
P62195	5VHO
P62195	5VHP
P62195	5VHQ
P62195	5VHR
P62195	5VHS
P62195	6MSB
P62195	6MSD
P62195	6MSG
P62195	6MSH
P62195	6MSJ
P62195	6MSK
P62195	6WJD
P62195	6WJN
P62195	7QXN
P62195	7QXP
P62195	7QXU
P62195	7QXW
P62195	7QXX
P62195	7QY7
P62195	7QYA
P62195	7QYB
P62195	7W37
P62195	7W38
P62195	7W39
P62195	7W3A
P62195	7W3B
P62195	7W3C
P62195	7W3F
P62195	7W3G
P62195	7W3H
P62195	7W3I
P62195	7W3J
P62195	7W3K
P62195	7W3M
P62195	8CVT
Q9Y5K8	6WLZ
Q9Y5K8	6WM2
Q9Y5K8	6WM3
Q9Y5K8	6WM4
Q9Y5K8	7U4T
Q9Y5K8	7UNF
Q9UEU0	2V8S
Q9Y4R8	4PSI
Q9Y4R8	7F4U
Q9Y4R8	7OLE
P41235	1PZL
P41235	3CBB
P41235	3FS1
P41235	4B7W
P41235	4IQR
P41235	6CHT
P41235	8C1L
P15976	6G0Q
P49840	7SXF
P49840	7SXG
Q9H0H0	7CUN
Q9H0H0	7PKS
Q9H0H0	7YCX
Q9H0H0	8RBX
Q9H0H0	8RBZ
Q9H0H0	8RC4
Q13432	3GQQ
Q13432	3RBQ
Q13432	4GOJ
Q13432	4GOK
Q13432	5L7K
Q13432	6H6A
Q13432	7UMO
P38606	6WLZ
P38606	6WM2
P38606	6WM3
P38606	6WM4
P38606	7U4T
P38606	7UNF
P32241	1OF2
P32241	1OGT
P32241	3B3I
P32241	3B6S
P32241	3DTX
P32241	3HCV
P32241	5DEF
P32241	5DEG
P32241	5IB1
P32241	5IB2
P32241	5IB3
P32241	5IB4
P32241	5IB5
P32241	6VN7
P32241	7ALO
P32241	8E3Y
P32241	8E3Z
Q9UBT6	1T94
Q9UBT6	2LSI
Q9UBT6	2OH2
Q9UBT6	2W7O
Q9UBT6	2W7P
Q9UBT6	3IN5
Q9UBT6	3PZP
Q9UBT6	4BA9
Q9UBT6	4GK5
Q9UBT6	4U6P
Q9UBT6	4U7C
Q9UBT6	5T14
Q9UBT6	5W2A
Q9UBT6	5W2C
Q9UBT6	6BRX
Q9UBT6	6BS1
Q9UBT6	6CST
Q9UBT6	7NV0
Q9UBT6	7NV1
Q9Y530	2EEE
Q9Y530	2L8R
Q9Y530	2LGR
Q9Y530	4J5Q
Q9Y530	4J5R
Q9Y530	4J5S
Q9Y3A5	2KDO
Q9Y3A5	2L9N
Q9Y3A5	5AN9
Q9Y3A5	5ANB
Q9Y3A5	5ANC
Q9Y3A5	6QKL
P42229	7TVA
P42229	7TVB
P42229	7UBT
P42229	7UC6
P42229	7UC7
O14939	6OHM
O14939	6OHO
O14939	6OHP
O14939	6OHQ
O14939	6OHS
O14939	7SVP
Q12756	4EGX
Q12756	4EJQ
Q12756	4UXO
Q12756	4UXP
Q12756	4UXR
Q12756	4UXS
Q12756	8UTN
Q12756	8UTO
Q12756	8UTP
Q12756	8UTQ
Q12756	8UTR
Q12756	8UTS
Q12756	8UTT
Q12756	8UTU
Q12756	8UTV
Q12756	8UTW
Q12756	8UTY
O15143	6UHC
O15143	6YW6
O15143	8P94
P41091	6FEC
P41091	6K71
P41091	6K72
P41091	6O81
P41091	6O85
P41091	6YBV
P41091	6ZMW
P41091	6ZP4
P41091	7A09
P41091	7D43
P41091	7F66
P41091	7F67
P41091	7QP6
P41091	7QP7
P41091	8OZ0
P41091	8PHD
P41091	8PHV
P41091	8PJ1
P41091	8PJ2
P41091	8PJ3
P41091	8PJ4
P41091	8PPL
P41091	8QZZ
Q5TAX3	6IW6
Q5TAX3	8OST
O60506	2DGU
O60506	2MXT
O60506	2NBB
O60506	6KOR
P62753	4UG0
P62753	4V6X
P62753	5A2Q
P62753	5AJ0
P62753	5FLX
P62753	5LKS
P62753	5OA3
P62753	5T2C
P62753	5VYC
P62753	6F4P
P62753	6F4Q
P62753	6FEC
P62753	6G18
P62753	6G4S
P62753	6G4W
P62753	6G51
P62753	6G53
P62753	6G5H
P62753	6G5I
P62753	6IP5
P62753	6IP6
P62753	6IP8
P62753	6OLE
P62753	6OLF
P62753	6OLG
P62753	6OLI
P62753	6OLZ
P62753	6OM0
P62753	6OM7
P62753	6QZP
P62753	6XA1
P62753	6Y0G
P62753	6Y2L
P62753	6Y57
P62753	6YBW
P62753	6Z6L
P62753	6Z6M
P62753	6Z6N
P62753	6ZLW
P62753	6ZM7
P62753	6ZME
P62753	6ZMI
P62753	6ZMO
P62753	6ZMT
P62753	6ZMW
P62753	6ZN5
P62753	6ZOJ
P62753	6ZOK
P62753	6ZON
P62753	6ZP4
P62753	6ZUO
P62753	6ZV6
P62753	6ZVH
P62753	6ZVJ
P62753	6ZXD
P62753	6ZXE
P62753	6ZXF
P62753	6ZXG
P62753	6ZXH
P62753	7A09
P62753	7K5I
P62753	7MQ8
P62753	7MQ9
P62753	7MQA
P62753	7QP6
P62753	7QP7
P62753	7QVP
P62753	7R4X
P62753	7TQL
P62753	7WTS
P62753	7WTT
P62753	7WTU
P62753	7WTV
P62753	7WTW
P62753	7WTX
P62753	7WTZ
P62753	7WU0
P62753	7XNX
P62753	7XNY
P62753	7ZJW
P62753	7ZJX
P62753	8G5Y
P62753	8G5Z
P62753	8G60
P62753	8G61
P62753	8G6J
P62753	8GLP
P62753	8IFD
P62753	8IFE
P62753	8JDJ
P62753	8JDK
P62753	8JDL
P62753	8JDM
P62753	8K2C
P62753	8OZ0
P62753	8PJ1
P62753	8PJ2
P62753	8PJ3
P62753	8PJ4
P62753	8PJ5
P62753	8PJ6
P62753	8PPK
P62753	8PPL
P62753	8QOI
P62753	8T4S
P62753	8XSX
P62753	8XSY
P62753	8XSZ
P62753	8XXL
P62753	8XXM
P62753	8XXN
P62753	8Y0W
P62753	8Y0X
P62753	8YOO
P62753	8YOP
P62753	9BKD
P62753	9BLN
P62753	9G8M
Q14108	4F7B
Q14108	4Q4B
Q14108	4Q4F
Q14108	4TVZ
Q14108	4TW0
Q14108	4TW2
Q14108	5UPH
Q14108	5XBM
Q14108	6I2K
Q8N448	2VWR
Q8N448	5DIN
Q8N448	5E11
Q8N448	5E1Y
Q8N448	5E21
Q8N448	5E22
Q8N448	7QCT
O15305	2AMY
O15305	2Q4R
O15305	7O0C
O15305	7O1B
O15305	7O4G
O15305	7O58
O15305	7O5Z
O94759	6MIX
O94759	6MIZ
O94759	6MJ2
O94759	6PUO
O94759	6PUR
O94759	6PUS
O94759	6PUU
O94759	7VQ1
O94759	7VQ2
O94759	8E6Q
O94759	8E6R
O94759	8E6S
O94759	8E6T
O94759	8E6U
O94759	8E6V
Q9UBP9	6ITU
Q13888	1Z60
Q13888	5IVW
Q13888	5IY6
Q13888	5IY7
Q13888	5IY8
Q13888	5IY9
Q13888	5O85
Q13888	5OF4
Q13888	6NMI
Q13888	6O9L
Q13888	6O9M
Q13888	6RO4
Q13888	7AD8
Q13888	7EGB
Q13888	7EGC
Q13888	7ENA
Q13888	7ENC
Q13888	7LBM
Q13888	7NVR
Q13888	7NVW
Q13888	7NVX
Q13888	7NVY
Q13888	7NVZ
Q13888	7NW0
Q13888	8BVW
Q13888	8BYQ
Q13888	8EBS
Q13888	8EBT
Q13888	8EBU
Q13888	8EBV
Q13888	8EBW
Q13888	8EBX
Q13888	8EBY
Q13888	8GXQ
Q13888	8GXS
Q13888	8WAK
Q13888	8WAL
Q13888	8WAN
Q13888	8WAO
Q13888	8WAP
Q13888	8WAQ
Q13888	8WAR
Q13888	8WAS
P54274	1BA5
P54274	1H6O
P54274	1ITY
P54274	1IV6
P54274	1W0T
P54274	3BQO
P54274	3L82
P54274	5HKP
P54274	5WIR
P54274	5XUP
P54274	8F0A
P54274	8F0U
P54274	8F1T
P54274	8F1U
P54274	8F21
P54274	8F26
P54274	8OX1
P54274	8W8G
Q969X0	6RIR
Q969X0	6SQ2
Q969X0	7LWB
Q9NWU1	2C9H
Q9NWU1	2IWY
Q9NWU1	2IWZ
Q8IVH4	2WWW
Q8IVH4	8GJU
Q9NR56	3D2N
Q9NR56	3D2Q
Q9NR56	3D2S
Q9NR56	5U6H
Q9NR56	5U6L
Q9NR56	5U9B
O75943	7Z6H
O75943	8GNN
P43354	1OVL
P43354	5Y41
P43354	5YD6
P43354	6DDA
P43354	6L6L
P43354	6L6Q
P43354	7WNH
P43354	8CYO
P08134	1Z2C
P08134	2GCN
P08134	2GCO
P08134	2GCP
P48449	1W6J
P48449	1W6K
Q96L73	3OOI
Q96L73	6KQP
Q96L73	6KQQ
Q96L73	8C5L
O15160	7A6H
O15160	7AE1
O15160	7AE3
O15160	7AEA
O15160	7AST
O15160	7D58
O15160	7D59
O15160	7DN3
O15160	7DU2
O15160	7FJI
O15160	7FJJ
O15160	7OB9
O15160	7OBA
O15160	7OBB
O15160	7VBA
O15160	7VBB
O15160	7VBC
O15160	8A43
O15160	8ITY
O15160	8IUE
O15160	8IUH
Q9H3H5	5LEV
Q9H3H5	5O5E
Q9H3H5	6BW5
Q9H3H5	6BW6
Q9H3H5	6FM9
Q9H3H5	6FWZ
Q9H3H5	6JQ3
Q92993	2EKO
Q92993	2OU2
Q92993	4QQG
Q6P2Q9	3E9L
Q6P2Q9	3ENB
Q6P2Q9	3JCR
Q6P2Q9	3LRU
Q6P2Q9	4JK7
Q6P2Q9	4JK8
Q6P2Q9	4JK9
Q6P2Q9	4JKA
Q6P2Q9	4JKB
Q6P2Q9	4JKC
Q6P2Q9	4JKD
Q6P2Q9	4JKE
Q6P2Q9	4JKF
Q6P2Q9	4JKG
Q6P2Q9	4JKH
Q6P2Q9	4KIT
Q6P2Q9	5MQF
Q6P2Q9	5O9Z
Q6P2Q9	5XJC
Q6P2Q9	5YZG
Q6P2Q9	5Z56
Q6P2Q9	5Z57
Q6P2Q9	5Z58
Q6P2Q9	6AH0
Q6P2Q9	6AHD
Q6P2Q9	6FF4
Q6P2Q9	6FF7
Q6P2Q9	6ICZ
Q6P2Q9	6ID0
Q6P2Q9	6ID1
Q6P2Q9	6QDV
Q6P2Q9	6QW6
Q6P2Q9	6QX9
Q6P2Q9	6S8Q
Q6P2Q9	6S9I
Q6P2Q9	6ZYM
Q6P2Q9	7A5P
Q6P2Q9	7AAV
Q6P2Q9	7ABF
Q6P2Q9	7ABG
Q6P2Q9	7ABI
Q6P2Q9	7BDI
Q6P2Q9	7BDJ
Q6P2Q9	7BDK
Q6P2Q9	7BDL
Q6P2Q9	7DVQ
Q6P2Q9	7OS2
Q6P2Q9	7PJH
Q6P2Q9	7PX3
Q6P2Q9	7QTT
Q6P2Q9	7W59
Q6P2Q9	7W5A
Q6P2Q9	7W5B
Q6P2Q9	8BC8
Q6P2Q9	8BC9
Q6P2Q9	8BCA
Q6P2Q9	8BCB
Q6P2Q9	8BCC
Q6P2Q9	8BCD
Q6P2Q9	8BCE
Q6P2Q9	8BCF
Q6P2Q9	8BCG
Q6P2Q9	8C6J
Q6P2Q9	8CH6
Q6P2Q9	8H6E
Q6P2Q9	8H6J
Q6P2Q9	8H6K
Q6P2Q9	8H6L
Q6P2Q9	8I0P
Q6P2Q9	8I0R
Q6P2Q9	8I0S
Q6P2Q9	8I0T
Q6P2Q9	8I0U
Q6P2Q9	8I0V
Q6P2Q9	8I0W
Q6P2Q9	8Q7N
Q6P2Q9	8Q7Q
Q6P2Q9	8Q7V
Q6P2Q9	8Q7W
Q6P2Q9	8Q7X
Q6P2Q9	8Q91
Q6P2Q9	8QO9
Q6P2Q9	8QOZ
Q6P2Q9	8QP8
Q6P2Q9	8QP9
Q6P2Q9	8QPA
Q6P2Q9	8QPB
Q6P2Q9	8QPE
Q6P2Q9	8QPK
Q6P2Q9	8QXD
Q6P2Q9	8QZS
Q6P2Q9	8R08
Q6P2Q9	8R09
Q6P2Q9	8R0A
Q6P2Q9	8R0B
Q6P2Q9	8RC0
Q6P2Q9	8RM5
Q6P2Q9	8RO2
Q6P2Q9	8Y6O
Q6P2Q9	9FMD
Q13206	2PL3
Q9UBQ5	1RZ4
Q9UBQ5	3J8B
Q9UBQ5	3J8C
Q9UBQ5	6FEC
Q9UBQ5	6YBD
Q9UBQ5	6ZMW
Q9UBQ5	6ZON
Q9UBQ5	6ZP4
Q9UBQ5	6ZVJ
Q9UBQ5	7A09
Q9UBQ5	7QP6
Q9UBQ5	7QP7
Q9UBQ5	8OZ0
Q9UBQ5	8PJ1
Q9UBQ5	8PJ2
Q9UBQ5	8PJ3
Q9UBQ5	8PJ4
Q9UBQ5	8PJ5
Q9UBQ5	8PJ6
Q9UBQ5	8PPL
Q9UBQ5	8RG0
Q9UBQ5	8XXN
Q9UBQ5	9BLN
P15559	1D4A
P15559	1DXO
P15559	1GG5
P15559	1H66
P15559	1H69
P15559	1KBO
P15559	1KBQ
P15559	1QBG
P15559	2F1O
P15559	3JSX
P15559	4CET
P15559	4CF6
P15559	5A4K
P15559	5EA2
P15559	5EAI
P15559	5FUQ
P15559	6FY4
P15559	6LLC
P15559	8C9J
P15559	8OK0
P15559	8PQN
P15559	8RFM
P15559	8RFN
P82912	3J9M
P82912	6NU2
P82912	6NU3
P82912	6RW4
P82912	6RW5
P82912	6VLZ
P82912	6VMI
P82912	6ZM5
P82912	6ZM6
P82912	6ZS9
P82912	6ZSA
P82912	6ZSB
P82912	6ZSC
P82912	6ZSD
P82912	6ZSE
P82912	6ZSG
P82912	7A5F
P82912	7A5G
P82912	7A5I
P82912	7A5K
P82912	7L08
P82912	7OG4
P82912	7P2E
P82912	7PNX
P82912	7PNY
P82912	7PNZ
P82912	7PO0
P82912	7PO1
P82912	7PO2
P82912	7PO3
P82912	7QI4
P82912	7QI5
P82912	7QI6
P82912	8ANY
P82912	8CSR
P82912	8CSS
P82912	8CST
P82912	8CSU
P82912	8K2A
P82912	8OIR
P82912	8OIS
P82912	8QRK
P82912	8QRL
P82912	8QRM
P82912	8QRN
P82912	8XT0
P82912	8XT2
P34897	4PVF
P34897	5V7I
P34897	5X3V
P34897	6DK3
P34897	6H3C
P34897	6M5O
P34897	6QVG
P34897	6QVL
P34897	6R8F
P34897	7BYI
P34897	8AQL
P34897	8FJT
P34897	8FJU
P34897	8GKS
P34897	8GKT
P34897	8GKU
P34897	8GKW
P34897	8GKY
P34897	8GKZ
P34897	8QI7
P34897	8SSJ
P34897	8T4O
P34897	8T4P
P34897	8TLC
P34897	9BOX
O60678	2FYT
O60678	3SMQ
O60678	4HSG
O60678	4QQN
O60678	4RYL
O60678	8G2F
O60678	8G2G
O60678	8SHB
O60678	8SHR
O60678	8SIO
P68036	1C4Z
P68036	1FBV
P68036	3SQV
P68036	3SY2
P68036	4Q5E
P68036	4Q5H
P68036	5HPT
P68036	5TTE
P68036	5UDH
P68036	6CP2
P68036	6DJW
P68036	6DJX
P68036	6N13
P68036	6XXU
P68036	7B5L
P68036	7B5N
P68036	7OIK
P68036	7V8F
P68036	8EAZ
P68036	8EB0
P36776	2X36
P36776	6WYS
P36776	6WZV
P36776	6X1M
P36776	6X27
P36776	7KRZ
P36776	7KSL
P36776	7KSM
P36776	7NFY
P36776	7NG4
P36776	7NG5
P36776	7NGC
P36776	7NGF
P36776	7NGL
P36776	7NGP
P36776	7NGQ
P36776	7OXO
P36776	7P09
P36776	7P0B
P36776	7P0M
P36776	8OJL
P36776	8OKA
P36776	8OM7
P36776	8OVF
P36776	8OVG
P36776	9CC0
P36776	9CC3
Q9NUT2	5OCH
Q9NUT2	7EHL
P49642	4BPU
P49642	4BPW
P49642	4BPX
P49642	4LIK
P49642	4LIL
P49642	4MHQ
P49642	4RR2
P49642	5EXR
P49642	6R4S
P49642	6R4T
P49642	6R4U
P49642	6R5D
P49642	6R5E
P49642	6RB4
P49642	7OPL
P49642	7U5C
P49642	8B9D
P49642	8D0B
P49642	8D0K
P49642	8D9D
P49642	8QJ7
P49642	8VY3
P49642	9C8V
Q6Y7W6	5NVL
Q6Y7W6	5NVM
Q6Y7W6	7RUP
Q15119	2BTZ
Q15119	2BU2
Q15119	2BU5
Q15119	2BU6
Q15119	2BU7
Q15119	2BU8
Q15119	4MP2
Q15119	4MP7
Q15119	4MPC
Q15119	4MPE
Q15119	4MPN
Q15119	4V25
Q15119	4V26
Q15119	5J6A
Q15119	5J71
Q15119	5M4K
Q15119	5M4M
Q15119	5M4N
Q15119	5M4P
Q15119	6LIL
Q15119	6LIN
Q15119	6LIO
Q15119	6TMP
Q15119	6TMQ
Q15119	6TMZ
Q15119	6TN0
Q15119	6TN2
Q15119	7EA0
Q15119	7EAS
Q15119	7EBH
Q15119	7VBU
Q15119	7VBV
Q15119	7VBX
Q15119	8ZM1
Q15119	8ZM2
Q9NWF9	7M4M
Q9NWF9	7M4N
Q9NWF9	7M4O
Q9NWF9	8EB0
Q14126	2YQG
Q14126	5ERD
Q14126	5J5J
Q14126	6QNT
Q14126	6QNU
Q14126	6SIT
Q14126	7A7D
Q14126	7AGF
Q14126	7AGG
Q14126	8QJX
Q14126	8QJY
Q14126	8QK3
P21802	1DJS
P21802	1E0O
P21802	1EV2
P21802	1GJO
P21802	1II4
P21802	1IIL
P21802	1NUN
P21802	1OEC
P21802	1WVZ
P21802	2FDB
P21802	2PSQ
P21802	2PVF
P21802	2PVY
P21802	2PWL
P21802	2PY3
P21802	2PZ5
P21802	2PZP
P21802	2PZR
P21802	2Q0B
P21802	3B2T
P21802	3CAF
P21802	3CLY
P21802	3CU1
P21802	3DAR
P21802	3EUU
P21802	3OJ2
P21802	3OJM
P21802	3RI1
P21802	4J23
P21802	4J95
P21802	4J96
P21802	4J97
P21802	4J98
P21802	4J99
P21802	4WV1
P21802	5EG3
P21802	5UGL
P21802	5UGX
P21802	5UHN
P21802	5UI0
P21802	6AGX
P21802	6LVK
P21802	6LVL
P21802	6V6Q
P21802	7KIA
P21802	7KIE
P21802	7OZY
P21802	8E1X
P21802	8H75
P21802	8STG
P21802	8SWE
P21802	8U1F
P56524	2H8N
P56524	2O94
P56524	2VQJ
P56524	2VQM
P56524	2VQO
P56524	2VQQ
P56524	2VQV
P56524	2VQW
P56524	3UXG
P56524	3UZD
P56524	3V31
P56524	4CBT
P56524	4CBY
P56524	5A2S
P56524	5ZOO
P56524	5ZOP
P56524	6FYZ
P56524	7XUZ
P56524	8PDE
Q7Z460	4K92
Q7Z460	6MQ5
Q7Z460	6MQ7
Q9GZN1	6IGM
Q9GZN1	8X15
Q9GZN1	8X19
Q9GZN1	8X1C
P62873	4KFM
P62873	4PNK
P62873	5HE0
P62873	5HE1
P62873	5HE2
P62873	5HE3
P62873	5UKK
P62873	5UKL
P62873	5UKM
P62873	5UZ7
P62873	6B3J
P62873	6CRK
P62873	6D9H
P62873	6DDE
P62873	6DDF
P62873	6E3Y
P62873	6EG8
P62873	6G79
P62873	6GDG
P62873	6KPF
P62873	6KPG
P62873	6LFM
P62873	6LFO
P62873	6LI3
P62873	6LMK
P62873	6LML
P62873	6M1H
P62873	6M1I
P62873	6M8S
P62873	6N4B
P62873	6NI3
P62873	6NIY
P62873	6OIJ
P62873	6OIK
P62873	6OMM
P62873	6ORV
P62873	6OS9
P62873	6OSA
P62873	6OT0
P62873	6P9X
P62873	6P9Y
P62873	6PB0
P62873	6PB1
P62873	6PT0
P62873	6UUN
P62873	6UUS
P62873	6UVA
P62873	6VCB
P62873	6VMS
P62873	6VN7
P62873	6WHA
P62873	6WHC
P62873	6WI9
P62873	6WPW
P62873	6WZG
P62873	6X18
P62873	6X19
P62873	6X1A
P62873	6XBJ
P62873	6XBK
P62873	6XBL
P62873	6XBM
P62873	6XOX
P62873	7AUE
P62873	7BB6
P62873	7BB7
P62873	7C2E
P62873	7CFM
P62873	7CFN
P62873	7CKW
P62873	7CKX
P62873	7CKY
P62873	7CKZ
P62873	7CMU
P62873	7CMV
P62873	7CRH
P62873	7CX2
P62873	7CX3
P62873	7CX4
P62873	7D76
P62873	7D77
P62873	7D7M
P62873	7DB6
P62873	7DFL
P62873	7E2X
P62873	7E2Y
P62873	7E2Z
P62873	7E32
P62873	7E33
P62873	7E9G
P62873	7E9H
P62873	7EB2
P62873	7EJ0
P62873	7EJ8
P62873	7EJA
P62873	7EJK
P62873	7EJX
P62873	7EO2
P62873	7EO4
P62873	7EPT
P62873	7EUO
P62873	7EVY
P62873	7EVZ
P62873	7EW0
P62873	7EW1
P62873	7EW2
P62873	7EW3
P62873	7EW4
P62873	7EW7
P62873	7EXD
P62873	7EZH
P62873	7EZK
P62873	7EZM
P62873	7F0T
P62873	7F1O
P62873	7F1Q
P62873	7F1R
P62873	7F1S
P62873	7F1Z
P62873	7F23
P62873	7F24
P62873	7F4D
P62873	7F4F
P62873	7F4H
P62873	7F4I
P62873	7F53
P62873	7F54
P62873	7F55
P62873	7F58
P62873	7F6G
P62873	7F6H
P62873	7F6I
P62873	7F8V
P62873	7F8W
P62873	7F9Y
P62873	7F9Z
P62873	7JHJ
P62873	7JOZ
P62873	7JV5
P62873	7JVP
P62873	7JVQ
P62873	7JVR
P62873	7K7L
P62873	7K7Z
P62873	7KH0
P62873	7KI0
P62873	7KI1
P62873	7L0P
P62873	7L0Q
P62873	7L0R
P62873	7L0S
P62873	7L1U
P62873	7L1V
P62873	7LCI
P62873	7LD3
P62873	7LD4
P62873	7LLL
P62873	7LLY
P62873	7MTS
P62873	7NA7
P62873	7NA8
P62873	7P00
P62873	7P02
P62873	7QVM
P62873	7RA3
P62873	7RAN
P62873	7RBT
P62873	7RG9
P62873	7RGP
P62873	7RKF
P62873	7RKM
P62873	7RKN
P62873	7RKX
P62873	7RKY
P62873	7RMG
P62873	7RMH
P62873	7RMI
P62873	7RTB
P62873	7RYC
P62873	7S1M
P62873	7S3I
P62873	7S8L
P62873	7S8M
P62873	7S8N
P62873	7S8O
P62873	7S8P
P62873	7SBF
P62873	7SCG
P62873	7SF7
P62873	7SF8
P62873	7SR8
P62873	7SRR
P62873	7T10
P62873	7T11
P62873	7T2G
P62873	7T2H
P62873	7T6B
P62873	7T8X
P62873	7T90
P62873	7T94
P62873	7T96
P62873	7T9I
P62873	7T9N
P62873	7TMW
P62873	7TRK
P62873	7TRP
P62873	7TRQ
P62873	7TRS
P62873	7TUZ
P62873	7TYF
P62873	7TYH
P62873	7TYI
P62873	7TYL
P62873	7TYN
P62873	7TYO
P62873	7TYW
P62873	7TYX
P62873	7TYY
P62873	7TZF
P62873	7U2K
P62873	7U2L
P62873	7UM5
P62873	7UM6
P62873	7UM7
P62873	7UTZ
P62873	7V68
P62873	7V69
P62873	7V6A
P62873	7VDH
P62873	7VDL
P62873	7VDM
P62873	7VFX
P62873	7VGX
P62873	7VIE
P62873	7VIF
P62873	7VIG
P62873	7VIH
P62873	7VKT
P62873	7VL8
P62873	7VL9
P62873	7VLA
P62873	7VUG
P62873	7VUH
P62873	7VUI
P62873	7VUJ
P62873	7VUY
P62873	7VUZ
P62873	7VV3
P62873	7VV5
P62873	7W0L
P62873	7W0M
P62873	7W0N
P62873	7W0O
P62873	7W0P
P62873	7W2Z
P62873	7W3Z
P62873	7W40
P62873	7W53
P62873	7W55
P62873	7W56
P62873	7W57
P62873	7W6P
P62873	7W7E
P62873	7WCM
P62873	7WCN
P62873	7WF7
P62873	7WJ5
P62873	7WKD
P62873	7WU2
P62873	7WU3
P62873	7WU4
P62873	7WU5
P62873	7WU9
P62873	7WUI
P62873	7WUJ
P62873	7WUQ
P62873	7WV9
P62873	7WVU
P62873	7WVV
P62873	7WVW
P62873	7WVX
P62873	7WVY
P62873	7WXU
P62873	7WXW
P62873	7WY0
P62873	7WY5
P62873	7WY8
P62873	7WYB
P62873	7WZ4
P62873	7WZ7
P62873	7X10
P62873	7X2C
P62873	7X2D
P62873	7X2F
P62873	7X2V
P62873	7X5H
P62873	7X9A
P62873	7X9B
P62873	7X9C
P62873	7X9Y
P62873	7XA3
P62873	7XBD
P62873	7XBW
P62873	7XBX
P62873	7XJJ
P62873	7XJK
P62873	7XJL
P62873	7XK2
P62873	7XK8
P62873	7XKD
P62873	7XKE
P62873	7XKF
P62873	7XMR
P62873	7XMS
P62873	7XMT
P62873	7XOU
P62873	7XOV
P62873	7XOW
P62873	7XP4
P62873	7XP5
P62873	7XP6
P62873	7XT8
P62873	7XT9
P62873	7XTA
P62873	7XTB
P62873	7XTC
P62873	7XTQ
P62873	7XV3
P62873	7XW5
P62873	7XW6
P62873	7XXH
P62873	7XXI
P62873	7XY6
P62873	7XY7
P62873	7XZ5
P62873	7XZ6
P62873	7Y1F
P62873	7Y24
P62873	7Y26
P62873	7Y27
P62873	7Y3G
P62873	7Y64
P62873	7Y65
P62873	7Y66
P62873	7Y67
P62873	7Y89
P62873	7YAC
P62873	7YAE
P62873	7YDH
P62873	7YDJ
P62873	7YDM
P62873	7YDP
P62873	7YFC
P62873	7YFD
P62873	7YK6
P62873	7YK7
P62873	7YKD
P62873	7YON
P62873	7YOO
P62873	7YP7
P62873	7YS6
P62873	8DDW
P62873	8DDX
P62873	8DPF
P62873	8DPG
P62873	8DPH
P62873	8DPI
P62873	8DWC
P62873	8DWG
P62873	8DWH
P62873	8DZP
P62873	8DZQ
P62873	8DZR
P62873	8DZS
P62873	8E3X
P62873	8E3Y
P62873	8E3Z
P62873	8E9W
P62873	8E9X
P62873	8E9Y
P62873	8E9Z
P62873	8EIT
P62873	8EJC
P62873	8EJK
P62873	8EMW
P62873	8EMX
P62873	8F0J
P62873	8F0K
P62873	8F2A
P62873	8F2B
P62873	8F76
P62873	8FEG
P62873	8FLQ
P62873	8FLR
P62873	8FLS
P62873	8FLT
P62873	8FLU
P62873	8FMZ
P62873	8FN0
P62873	8FN1
P62873	8FU6
P62873	8FX5
P62873	8FY8
P62873	8FYE
P62873	8FYL
P62873	8FYT
P62873	8FYX
P62873	8G05
P62873	8G2Y
P62873	8G59
P62873	8G94
P62873	8GAG
P62873	8GCM
P62873	8GCP
P62873	8GD9
P62873	8GDA
P62873	8GDB
P62873	8GDC
P62873	8GDZ
P62873	8GE1
P62873	8GE2
P62873	8GE3
P62873	8GE4
P62873	8GE5
P62873	8GE6
P62873	8GE7
P62873	8GE8
P62873	8GE9
P62873	8GEA
P62873	8GEB
P62873	8GEC
P62873	8GED
P62873	8GEE
P62873	8GEF
P62873	8GEG
P62873	8GEH
P62873	8GEI
P62873	8GEJ
P62873	8GFV
P62873	8GFW
P62873	8GFX
P62873	8GFY
P62873	8GFZ
P62873	8GG0
P62873	8GG1
P62873	8GG2
P62873	8GG3
P62873	8GG4
P62873	8GG5
P62873	8GG6
P62873	8GG7
P62873	8GG8
P62873	8GG9
P62873	8GGA
P62873	8GGB
P62873	8GGC
P62873	8GGE
P62873	8GGF
P62873	8GHV
P62873	8GUQ
P62873	8GUR
P62873	8GUS
P62873	8GUT
P62873	8GY7
P62873	8H0P
P62873	8H0Q
P62873	8H2G
P62873	8H4I
P62873	8H4K
P62873	8H4L
P62873	8H8J
P62873	8HBD
P62873	8HCQ
P62873	8HCX
P62873	8HDO
P62873	8HDP
P62873	8HIX
P62873	8HJ0
P62873	8HJ1
P62873	8HJ2
P62873	8HJ5
P62873	8HMP
P62873	8HMV
P62873	8HN8
P62873	8HNK
P62873	8HNL
P62873	8HNM
P62873	8HOC
P62873	8HPT
P62873	8HQC
P62873	8HQE
P62873	8HQM
P62873	8HQN
P62873	8HS3
P62873	8HSC
P62873	8HTI
P62873	8HVI
P62873	8I2G
P62873	8I7V
P62873	8I7W
P62873	8I95
P62873	8I97
P62873	8I9A
P62873	8I9L
P62873	8I9S
P62873	8IA2
P62873	8IA7
P62873	8IA8
P62873	8IBU
P62873	8IBV
P62873	8IC0
P62873	8ID3
P62873	8ID4
P62873	8ID6
P62873	8ID8
P62873	8ID9
P62873	8IEC
P62873	8IED
P62873	8IJ3
P62873	8IJA
P62873	8IJB
P62873	8IJD
P62873	8IKG
P62873	8IKH
P62873	8IKL
P62873	8INR
P62873	8IOC
P62873	8IOD
P62873	8IQ4
P62873	8IQ6
P62873	8IRR
P62873	8IRS
P62873	8IRT
P62873	8IRU
P62873	8IRV
P62873	8ITF
P62873	8IU2
P62873	8IUK
P62873	8IUL
P62873	8IUM
P62873	8IW1
P62873	8IW4
P62873	8IW7
P62873	8IW9
P62873	8IY9
P62873	8IYH
P62873	8IYS
P62873	8IYW
P62873	8IZ4
P62873	8IZB
P62873	8J18
P62873	8J19
P62873	8J1A
P62873	8J20
P62873	8J21
P62873	8J22
P62873	8J23
P62873	8J24
P62873	8J6D
P62873	8J6I
P62873	8J6J
P62873	8J6L
P62873	8J6P
P62873	8J6Q
P62873	8J6R
P62873	8J9N
P62873	8JD3
P62873	8JD5
P62873	8JD6
P62873	8JER
P62873	8JGB
P62873	8JGF
P62873	8JGG
P62873	8JHB
P62873	8JHI
P62873	8JHN
P62873	8JHY
P62873	8JII
P62873	8JIL
P62873	8JIM
P62873	8JJP
P62873	8JKB
P62873	8JLJ
P62873	8JLK
P62873	8JLN
P62873	8JLO
P62873	8JLP
P62873	8JLQ
P62873	8JLR
P62873	8JLZ
P62873	8JPN
P62873	8JPP
P62873	8JR9
P62873	8JSO
P62873	8JSP
P62873	8JT6
P62873	8JXT
P62873	8JXV
P62873	8JXW
P62873	8JXX
P62873	8JZ7
P62873	8JZZ
P62873	8K2X
P62873	8K3Z
P62873	8K4N
P62873	8K4O
P62873	8K4P
P62873	8K6M
P62873	8K6N
P62873	8K6O
P62873	8K8J
P62873	8K9K
P62873	8K9L
P62873	8KFX
P62873	8KFY
P62873	8KFZ
P62873	8KGG
P62873	8KGK
P62873	8KH4
P62873	8KH5
P62873	8PJK
P62873	8PKM
P62873	8PM2
P62873	8POK
P62873	8QJ2
P62873	8SAI
P62873	8SG1
P62873	8SL3
P62873	8SMV
P62873	8SZG
P62873	8SZH
P62873	8SZI
P62873	8T3O
P62873	8T3Q
P62873	8T3S
P62873	8T3V
P62873	8TB0
P62873	8THK
P62873	8THL
P62873	8TZQ
P62873	8U02
P62873	8U1U
P62873	8U26
P62873	8U4N
P62873	8U4O
P62873	8U4P
P62873	8U4Q
P62873	8U7Z
P62873	8U81
P62873	8U82
P62873	8U83
P62873	8U84
P62873	8U8F
P62873	8UGY
P62873	8UH3
P62873	8UHB
P62873	8UNL
P62873	8UNM
P62873	8UNN
P62873	8UNO
P62873	8UNP
P62873	8UNQ
P62873	8UNR
P62873	8UNS
P62873	8UNT
P62873	8UNU
P62873	8UNV
P62873	8UNW
P62873	8UNX
P62873	8UNY
P62873	8UNZ
P62873	8UO0
P62873	8UO1
P62873	8UO2
P62873	8UO3
P62873	8UO4
P62873	8UQO
P62873	8UWL
P62873	8V6U
P62873	8VY7
P62873	8VY9
P62873	8W87
P62873	8W88
P62873	8W89
P62873	8W8A
P62873	8W8B
P62873	8W8Q
P62873	8W8R
P62873	8WC3
P62873	8WC4
P62873	8WC5
P62873	8WC6
P62873	8WC7
P62873	8WC8
P62873	8WC9
P62873	8WCA
P62873	8WCB
P62873	8WJX
P62873	8WOG
P62873	8WP1
P62873	8WPU
P62873	8WRB
P62873	8WSS
P62873	8WST
P62873	8WW2
P62873	8X2K
P62873	8X79
P62873	8X7A
P62873	8X8L
P62873	8X8N
P62873	8XGM
P62873	8XIO
P62873	8XIP
P62873	8XIQ
P62873	8XIR
P62873	8XJK
P62873	8XJL
P62873	8XJM
P62873	8XJN
P62873	8XJO
P62873	8XOF
P62873	8XOG
P62873	8XOH
P62873	8XOI
P62873	8XOJ
P62873	8XQL
P62873	8XQN
P62873	8XQO
P62873	8XQP
P62873	8XQR
P62873	8XQS
P62873	8XQT
P62873	8XVE
P62873	8XVH
P62873	8XVI
P62873	8XWP
P62873	8XWQ
P62873	8XZF
P62873	8XZG
P62873	8XZH
P62873	8XZI
P62873	8XZJ
P62873	8Y52
P62873	8Y53
P62873	8YKY
P62873	8YN2
P62873	8YN3
P62873	8YN4
P62873	8YN5
P62873	8YN6
P62873	8YN9
P62873	8YNA
P62873	8YRG
P62873	8YUT
P62873	8YUU
P62873	8YUV
P62873	8YW3
P62873	8YW4
P62873	8YW5
P62873	8YY8
P62873	8ZFJ
P62873	8ZJD
P62873	8ZJE
P62873	8ZPS
P62873	8ZPT
P62873	8ZQE
P62873	8ZR5
P62873	8ZRK
P62873	8ZSJ
P62873	8ZSP
P62873	8ZSS
P62873	8ZSV
P62873	9ASB
P62873	9AUC
P62873	9AVG
P62873	9AXF
P62873	9AYF
P62873	9BKJ
P62873	9BKK
P62873	9BQJ
P62873	9EPP
P62873	9EPQ
P62873	9ERX
P62873	9EW2
P62873	9GYO
P62873	9IIX
P62873	9IJ9
P62873	9IQT
P62873	9JKQ
Q99735	6SSR
Q99735	6SSS
Q99735	6SSU
Q99735	6SSW
O14965	1MQ4
O14965	1MUO
O14965	1OL5
O14965	1OL6
O14965	1OL7
O14965	2BMC
O14965	2C6D
O14965	2C6E
O14965	2DWB
O14965	2J4Z
O14965	2J50
O14965	2NP8
O14965	2W1C
O14965	2W1D
O14965	2W1E
O14965	2W1F
O14965	2W1G
O14965	2WQE
O14965	2WTV
O14965	2WTW
O14965	2X6D
O14965	2X6E
O14965	2X81
O14965	2XNE
O14965	2XNG
O14965	2XRU
O14965	3COH
O14965	3E5A
O14965	3EFW
O14965	3FDN
O14965	3H0Y
O14965	3H0Z
O14965	3H10
O14965	3HA6
O14965	3K5U
O14965	3LAU
O14965	3M11
O14965	3MYG
O14965	3NRM
O14965	3O50
O14965	3O51
O14965	3P9J
O14965	3QBN
O14965	3R21
O14965	3R22
O14965	3UNZ
O14965	3UO4
O14965	3UO5
O14965	3UO6
O14965	3UOD
O14965	3UOH
O14965	3UOJ
O14965	3UOK
O14965	3UOL
O14965	3UP2
O14965	3UP7
O14965	3VAP
O14965	3W10
O14965	3W16
O14965	3W18
O14965	3W2C
O14965	4B0G
O14965	4BN1
O14965	4BYI
O14965	4BYJ
O14965	4C3P
O14965	4C3R
O14965	4CEG
O14965	4DEA
O14965	4DEB
O14965	4DED
O14965	4DEE
O14965	4DHF
O14965	4J8M
O14965	4J8N
O14965	4JAI
O14965	4JAJ
O14965	4JBO
O14965	4JBP
O14965	4JBQ
O14965	4O0S
O14965	4O0U
O14965	4O0W
O14965	4PRJ
O14965	4UYN
O14965	4UZD
O14965	4UZH
O14965	4ZS0
O14965	4ZTQ
O14965	4ZTR
O14965	4ZTS
O14965	5AAD
O14965	5AAE
O14965	5AAF
O14965	5AAG
O14965	5DN3
O14965	5DNR
O14965	5DOS
O14965	5DPV
O14965	5DR2
O14965	5DR6
O14965	5DR9
O14965	5DRD
O14965	5DT0
O14965	5DT3
O14965	5DT4
O14965	5EW9
O14965	5G15
O14965	5G1X
O14965	5L8J
O14965	5L8K
O14965	5L8L
O14965	5LXM
O14965	5OBJ
O14965	5OBR
O14965	5ODT
O14965	5ONE
O14965	5ORL
O14965	5ORN
O14965	5ORO
O14965	5ORP
O14965	5ORR
O14965	5ORS
O14965	5ORT
O14965	5ORV
O14965	5ORW
O14965	5ORX
O14965	5ORY
O14965	5ORZ
O14965	5OS0
O14965	5OS1
O14965	5OS2
O14965	5OS3
O14965	5OS4
O14965	5OS5
O14965	5OS6
O14965	5OSD
O14965	5OSE
O14965	5OSF
O14965	5ZAN
O14965	6C2R
O14965	6C2T
O14965	6C83
O14965	6CPE
O14965	6CPF
O14965	6CPG
O14965	6GRA
O14965	6HJJ
O14965	6HJK
O14965	6I2U
O14965	6R49
O14965	6R4A
O14965	6R4B
O14965	6R4C
O14965	6R4D
O14965	6VPG
O14965	6VPH
O14965	6VPI
O14965	6VPJ
O14965	6VPL
O14965	6VPM
O14965	6XKA
O14965	6Z4Y
O14965	7AYH
O14965	7AYI
O14965	7FIC
O14965	7O2V
O14965	7ZTL
O14965	8C14
O14965	8C15
O14965	8C1D
O14965	8C1E
O14965	8C1F
O14965	8C1G
O14965	8C1H
O14965	8C1I
O14965	8C1K
O14965	8C1M
O14965	8GUW
O14965	8JF4
O14965	8JG8
O14965	8JMX
O14965	8OF5
O14965	8PR7
O14965	8SSO
O14965	8SSP
Q8NCN5	8FHL
Q8NCN5	8FHU
Q9BYX2	2DHK
P48556	5GJQ
P48556	5GJR
P48556	5L4K
P48556	5LN3
P48556	5M32
P48556	5T0C
P48556	5T0G
P48556	5T0H
P48556	5T0I
P48556	5T0J
P48556	5VFP
P48556	5VFQ
P48556	5VFR
P48556	5VFS
P48556	5VFT
P48556	5VFU
P48556	5VGZ
P48556	5VHF
P48556	5VHH
P48556	5VHI
P48556	5VHS
P48556	6MSB
P48556	6MSD
P48556	6MSG
P48556	6MSH
P48556	6MSJ
P48556	6MSK
P48556	6WJD
P48556	6WJN
P48556	7QXN
P48556	7QXP
P48556	7QXU
P48556	7QXW
P48556	7QXX
P48556	7QY7
P48556	7QYA
P48556	7QYB
P48556	7W37
P48556	7W38
P48556	7W39
P48556	7W3A
P48556	7W3B
P48556	7W3C
P48556	7W3F
P48556	7W3G
P48556	7W3H
P48556	7W3I
P48556	7W3J
P48556	7W3K
P48556	7W3M
P48556	8CVT
O14744	4GQB
O14744	4X60
O14744	4X61
O14744	4X63
O14744	5C9Z
O14744	5EMJ
O14744	5EMK
O14744	5EML
O14744	5EMM
O14744	5FA5
O14744	6CKC
O14744	6K1S
O14744	6RLL
O14744	6RLQ
O14744	6UGH
O14744	6UXX
O14744	6UXY
O14744	6V0N
O14744	6V0O
O14744	6V0P
O14744	7BO7
O14744	7BOC
O14744	7KIB
O14744	7KIC
O14744	7KID
O14744	7L1G
O14744	7M05
O14744	7MX7
O14744	7MXA
O14744	7MXC
O14744	7MXG
O14744	7MXN
O14744	7S0U
O14744	7S1P
O14744	7S1Q
O14744	7S1R
O14744	7S1S
O14744	7SER
O14744	7SES
O14744	7U30
O14744	7UOH
O14744	7UY1
O14744	7UYF
O14744	7ZUP
O14744	7ZUQ
O14744	7ZUU
O14744	7ZUY
O14744	7ZV2
O14744	7ZVL
O14744	7ZVU
O14744	8CSG
O14744	8CTB
O14744	8CYI
O14744	8G1U
O14744	8VEO
O14744	8VET
O14744	8VEU
O14744	8VEW
O14744	8VEX
O14744	8VEY
O14744	9C10
O14744	9EYU
O14744	9EYV
O14744	9EYW
O14744	9EYX
Q13573	5MQF
Q13573	5XJC
Q13573	5YZG
Q13573	5Z58
Q13573	6FF4
Q13573	6FF7
Q13573	6ICZ
Q13573	6ID0
Q13573	6ID1
Q13573	6QDV
Q13573	6ZYM
Q13573	7A5P
Q13573	7AAV
Q13573	7ABF
Q13573	7ABG
Q13573	7ABI
Q13573	7DVQ
Q13573	7QTT
Q13573	7W59
Q13573	7W5A
Q13573	7W5B
Q13573	8C6J
Q13573	8CH6
Q13573	8I0P
Q13573	8I0R
Q13573	8I0S
Q13573	8I0T
Q13573	8I0U
Q13573	8I0V
Q13573	8I0W
Q13573	8RO2
Q13573	9FMD
Q9H444	3C3Q
Q9H444	3UM3
Q9H444	4ABM
Q9H444	5MK2
P50402	1JEI
P50402	2ODC
P50402	2ODG
P50402	6GHD
P50402	6RPR
P50402	7NDY
Q9UQB9	6GR8
Q9UQB9	6GR9
Q9UQB9	9ESA
P49281	5F0L
P49281	5F0M
P49281	5F0P
P49281	7BLO
P49281	7BLQ
O60547	1T2A
O60547	5IN4
O60547	5IN5
O60547	6GPJ
O60547	6GPK
O60547	6GPL
O60547	6Q94
P01042	1NY2
P01042	2WOK
P01042	4ASQ
P01042	4ASR
P01042	4ECB
P01042	4ECC
P01042	5I25
P01042	6F27
P01042	6F3V
P01042	6F3W
P01042	6F3X
P01042	6F3Y
P01042	7EIB
P01042	7F2O
P01042	7F6H
P01042	7F6I
P01042	7QOT
P01042	7QOX
P01042	8VJX
P24534	1B64
P24534	5DQS
Q16629	2HVZ
Q9NR48	3MQM
Q9NR48	3OPE
Q9NR48	4YNM
Q9NR48	4YNP
Q9NR48	4YPA
Q9NR48	4YPE
Q9NR48	4YPU
Q9NR48	6AGO
Q9NR48	6INE
Q9NR48	6WZW
Q9NR48	6X0P
Q9NR48	7Y0I
P42262	2WJW
P42262	2WJX
P42262	2XHD
P42262	3R7X
P42262	3RN8
P42262	3RNN
P42262	3UA8
P42262	5H8S
P42262	5YBF
P42262	5YBG
P42262	5ZG0
P42262	5ZG1
P42262	5ZG2
P42262	5ZG3
P42262	7F3O
P42262	8I0B
P28908	1D01
Q16181	2QAG
Q16181	3T5D
Q16181	3TW4
Q16181	6N0B
Q16181	6N12
Q16181	6UQQ
Q16181	7M6J
Q16181	8SJJ
P15153	1DS6
P15153	2W2T
P15153	2W2V
P15153	2W2X
P50897	3GRO
Q8WXD0	2M96
O95461	7UI6
O95461	7UI7
O95461	7ZVJ
Q13241	1B6E
Q13241	3BDW
Q13241	3CDG
Q13241	3CII
P48200	6VCD
O43674	5XTC
O43674	5XTD
O43674	5XTH
O43674	5XTI
O75815	3T6A
Q16548	2VM6
Q16548	3I1H
Q16548	3MQP
Q16548	4ZEQ
Q16548	5UUK
Q16548	5UUL
Q16548	5UUP
Q16548	5WHH
Q16548	5WHI
Q16548	6E3I
Q16548	6E3J
Q16548	6MBB
Q16548	6MBC
Q16548	6RJP
Q16548	6VO4
Q16548	8RPO
Q16548	9FKY
Q16548	9FKZ
Q16548	9FL0
Q96Q77	6WU5
Q96Q77	6WU7
Q96Q77	6WUD
Q9BZ11	1R54
Q9BZ11	1R55
Q13405	3J7Y
Q13405	3J9M
Q13405	5OOL
Q13405	5OOM
Q13405	6I9R
Q13405	6NU2
Q13405	6NU3
Q13405	6VLZ
Q13405	6VMI
Q13405	6ZM5
Q13405	6ZM6
Q13405	6ZS9
Q13405	6ZSA
Q13405	6ZSB
Q13405	6ZSC
Q13405	6ZSD
Q13405	6ZSE
Q13405	6ZSG
Q13405	7A5F
Q13405	7A5G
Q13405	7A5H
Q13405	7A5I
Q13405	7A5J
Q13405	7A5K
Q13405	7L08
Q13405	7L20
Q13405	7O9K
Q13405	7O9M
Q13405	7ODR
Q13405	7ODS
Q13405	7ODT
Q13405	7OF0
Q13405	7OF2
Q13405	7OF3
Q13405	7OF4
Q13405	7OF5
Q13405	7OF6
Q13405	7OF7
Q13405	7OG4
Q13405	7OI6
Q13405	7OI7
Q13405	7OI8
Q13405	7OI9
Q13405	7OIA
Q13405	7OIB
Q13405	7OIC
Q13405	7OID
Q13405	7OIE
Q13405	7PD3
Q13405	7PO4
Q13405	7QH6
Q13405	7QH7
Q13405	7QI4
Q13405	7QI5
Q13405	7QI6
Q13405	8ANY
Q13405	8K2A
Q13405	8K2B
Q13405	8OIR
Q13405	8OIT
Q13405	8PK0
Q13405	8QSJ
Q13405	8QU5
Q13405	8XT0
Q13405	8XT1
Q13405	8XT2
Q13405	8XT3
P10515	1FYC
P10515	1Y8N
P10515	1Y8O
P10515	1Y8P
P10515	2DNE
P10515	2PNR
P10515	2Q8I
P10515	3B8K
P10515	3CRK
P10515	3CRL
P10515	6CT0
P10515	6H55
P10515	8PIU
P35462	3PBL
P35462	7CMU
P35462	7CMV
P35462	8IRT
P35462	9F33
P35462	9F34
P51157	2HXS
P51157	3E5H
P12273	3ES6
P63267	6JAT
P63267	8V2O
P63267	8V2Z
P63267	8V30
Q14CZ8	7UQC
Q9H5X1	2M5H
Q9H5X1	3UX2
Q9H5X1	3UX3
P35222	1G3J
P35222	1JDH
P35222	1JPW
P35222	1LUJ
P35222	1P22
P35222	1QZ7
P35222	1T08
P35222	1TH1
P35222	2G57
P35222	2GL7
P35222	2Z6H
P35222	3DIW
P35222	3FQN
P35222	3FQR
P35222	3SL9
P35222	3SLA
P35222	3TX7
P35222	4DJS
P35222	6M90
P35222	6M91
P35222	6M92
P35222	6M93
P35222	6M94
P35222	6O9B
P35222	6O9C
P35222	6WLX
P35222	6WNX
P35222	7AFW
P35222	7AR4
P35222	7UWI
P35222	7UWO
P35222	7ZRB
P35222	8EI9
P35222	8EIA
P35222	8EIB
P35222	8EIC
P35222	8RU3
P35222	8RU4
P35222	8VME
P35222	8VMF
P35222	8Y0G
P35222	8Y0P
P35222	8Y14
P35222	8Z0U
P35222	8Z10
P35222	8Z5J
P35222	8Z61
P11686	2YAD
P11686	8OVI
P11686	8OX2
P40763	5AX3
P40763	5U5S
P40763	6NJS
P40763	6NUQ
P40763	6QHD
P40763	6TLC
O15062	9B9R
Q05397	1K04
Q05397	1K05
Q05397	1MP8
Q05397	1OW6
Q05397	1OW7
Q05397	1OW8
Q05397	2ETM
Q05397	2IJM
Q05397	3B71
Q05397	3BZ3
Q05397	3PXK
Q05397	3S9O
Q05397	4EBV
Q05397	4EBW
Q05397	4GU6
Q05397	4GU9
Q05397	4I4E
Q05397	4I4F
Q05397	4K8A
Q05397	4K9Y
Q05397	4KAB
Q05397	4KAO
Q05397	4NY0
Q05397	4Q9S
Q05397	6I8Z
Q05397	6LES
Q05397	6PW8
Q05397	6YOJ
Q05397	6YQ1
Q05397	6YR9
Q05397	6YT6
Q05397	6YVS
Q05397	6YVY
Q05397	6YXV
Q05397	7PI4
Q05397	7W7Z
Q05397	7W8B
Q05397	7W8I
Q05397	7W9U
Q9P0J6	3J7Y
Q9P0J6	3J9M
Q9P0J6	5OOL
Q9P0J6	6I9R
Q9P0J6	6NU2
Q9P0J6	6NU3
Q9P0J6	6VLZ
Q9P0J6	6VMI
Q9P0J6	6ZM5
Q9P0J6	6ZM6
Q9P0J6	6ZS9
Q9P0J6	6ZSA
Q9P0J6	6ZSB
Q9P0J6	6ZSC
Q9P0J6	6ZSD
Q9P0J6	6ZSE
Q9P0J6	6ZSG
Q9P0J6	7A5F
Q9P0J6	7A5G
Q9P0J6	7A5I
Q9P0J6	7A5J
Q9P0J6	7A5K
Q9P0J6	7L08
Q9P0J6	7L20
Q9P0J6	7O9K
Q9P0J6	7O9M
Q9P0J6	7ODR
Q9P0J6	7ODS
Q9P0J6	7ODT
Q9P0J6	7OF0
Q9P0J6	7OF2
Q9P0J6	7OF3
Q9P0J6	7OF4
Q9P0J6	7OF5
Q9P0J6	7OF6
Q9P0J6	7OF7
Q9P0J6	7OG4
Q9P0J6	7OIC
Q9P0J6	7OID
Q9P0J6	7OIE
Q9P0J6	7PD3
Q9P0J6	7QH7
Q9P0J6	7QI4
Q9P0J6	7QI5
Q9P0J6	7QI6
Q9P0J6	8ANY
Q9P0J6	8K2A
Q9P0J6	8K2B
Q9P0J6	8OIR
Q9P0J6	8OIT
Q9P0J6	8QSJ
Q9P0J6	8XT0
Q9P0J6	8XT1
Q9P0J6	8XT2
Q9P0J6	8XT3
Q86YS6	2HUP
Q04206	1NFI
Q04206	2LSP
Q04206	2O61
Q04206	3GUT
Q04206	3QXY
Q04206	3RC0
Q04206	4KV1
Q04206	4KV4
Q04206	5U4K
Q04206	5URN
Q04206	6NV2
Q04206	6QHL
Q04206	6QHM
Q04206	6YOW
Q04206	6YOX
Q04206	6YOY
Q04206	6YP2
Q04206	6YP3
Q04206	6YP8
Q04206	6YPL
Q04206	6YPY
Q04206	6YQ2
Q04206	7BI3
Q04206	7BIQ
Q04206	7BIW
Q04206	7BIY
Q04206	7BJB
Q04206	7BJF
Q04206	7BJL
Q04206	7BJW
Q04206	7BKH
Q04206	7LET
Q04206	7LEU
Q04206	7LF4
Q04206	7NJ9
Q04206	7NJB
Q04206	7NK3
Q04206	7NK5
Q04206	7NLA
Q04206	7NLE
Q04206	7NM1
Q04206	7NM3
Q04206	7NM9
Q04206	7NMH
Q04206	7NQP
Q04206	7NR7
Q04206	7NSV
Q04206	7NV4
Q04206	7NVI
Q04206	7NWS
Q04206	7NXS
Q04206	7NXT
Q04206	7NXW
Q04206	7NXY
Q04206	7NY4
Q04206	7NYE
Q04206	7NYF
Q04206	7NYG
Q04206	7NZ6
Q04206	7NZG
Q04206	7NZK
Q04206	7NZV
Q04206	7O34
Q04206	7O3A
Q04206	7O3F
Q04206	7O3P
Q04206	7O3Q
Q04206	7O3R
Q04206	7O3S
Q04206	7O57
Q04206	7O59
Q04206	7O5A
Q04206	7O5C
Q04206	7O5D
Q04206	7O5F
Q04206	7O5G
Q04206	7O5O
Q04206	7O5P
Q04206	7O5S
Q04206	7O5U
Q04206	7O5X
Q04206	7O6F
Q04206	7O6G
Q04206	7O6I
Q04206	7O6J
Q04206	7O6K
Q04206	7O6M
Q04206	7O6O
P14672	7WSM
P14672	7WSN
Q7Z6G8	2EAM
Q7Z6G8	2KE7
Q7Z6G8	2KIV
Q7Z6G8	2M38
Q92854	1OLZ
Q92854	3OL2
Q96JZ2	2CS0
P08133	1M9I
O94822	3J92
Q15109	2E5E
Q15109	2ENS
Q15109	2L7U
Q15109	2LE9
Q15109	2LMB
Q15109	2M1K
Q15109	2MJW
Q15109	2MOV
Q15109	3CJJ
Q15109	3O3U
Q15109	4LP4
Q15109	4LP5
Q15109	4OF5
Q15109	4OFV
Q15109	4OI7
Q15109	4OI8
Q15109	4P2Y
Q15109	4XYN
Q15109	4YBH
Q15109	5D7F
Q15109	6VXG
Q15109	6XQ1
Q15109	6XQ3
Q15109	6XQ5
Q15109	6XQ6
Q15109	6XQ7
Q15109	6XQ8
Q15109	6XQ9
Q15109	7LML
Q15109	7LMW
Q15109	8I9M
Q16540	3J7Y
Q16540	3J9M
Q16540	5OOL
Q16540	5OOM
Q16540	6I9R
Q16540	6NU2
Q16540	6NU3
Q16540	6VLZ
Q16540	6VMI
Q16540	6ZM5
Q16540	6ZM6
Q16540	6ZS9
Q16540	6ZSA
Q16540	6ZSB
Q16540	6ZSC
Q16540	6ZSD
Q16540	6ZSE
Q16540	6ZSG
Q16540	7A5F
Q16540	7A5G
Q16540	7A5H
Q16540	7A5I
Q16540	7A5J
Q16540	7A5K
Q16540	7L08
Q16540	7L20
Q16540	7O9K
Q16540	7O9M
Q16540	7ODR
Q16540	7ODS
Q16540	7ODT
Q16540	7OF0
Q16540	7OF2
Q16540	7OF3
Q16540	7OF4
Q16540	7OF5
Q16540	7OF6
Q16540	7OF7
Q16540	7OG4
Q16540	7OI6
Q16540	7OI7
Q16540	7OI8
Q16540	7OI9
Q16540	7OIA
Q16540	7OIB
Q16540	7OIC
Q16540	7OID
Q16540	7OIE
Q16540	7PD3
Q16540	7PO4
Q16540	7QH6
Q16540	7QH7
Q16540	7QI4
Q16540	7QI5
Q16540	7QI6
Q16540	8ANY
Q16540	8K2A
Q16540	8K2B
Q16540	8OIR
Q16540	8OIT
Q16540	8PK0
Q16540	8QSJ
Q16540	8QU1
Q16540	8QU5
Q16540	8XT0
Q16540	8XT1
Q16540	8XT2
Q16540	8XT3
P04179	1AP5
P04179	1AP6
P04179	1EM1
P04179	1JA8
P04179	1LUV
P04179	1LUW
P04179	1MSD
P04179	1N0J
P04179	1N0N
P04179	1PL4
P04179	1PM9
P04179	1QNM
P04179	1SZX
P04179	1VAR
P04179	1XDC
P04179	1XIL
P04179	1ZSP
P04179	1ZTE
P04179	1ZUQ
P04179	2ADP
P04179	2ADQ
P04179	2GDS
P04179	2P4K
P04179	2QKA
P04179	2QKC
P04179	3C3S
P04179	3C3T
P04179	5GXO
P04179	5T30
P04179	5VF9
P04179	7KKS
P04179	7KKU
P04179	7KKW
P04179	7KLB
P04179	8SKS
P04179	8VHW
P04179	8VHY
P04179	8VJ0
P04179	8VJ4
P04179	8VJ5
P04179	8VJ8
Q9H6T3	4CGV
Q9H6T3	4CGW
Q9H6T3	6EZ4
Q9H6T3	6FD7
Q9H6T3	6FDP
Q9H6T3	6FDT
Q9H6T3	6FM8
Q9H6T3	6FO1
Q9H6T3	6GXZ
Q9H6T3	6ZBK
O76039	4BGQ
O76039	8CIE
Q14938	7QQD
Q14938	7QQE
Q30201	1A6Z
Q30201	1DE4
P04233	1A6A
P04233	1ICF
P04233	1IIE
P04233	1L3H
P04233	1MUJ
P04233	3PDO
P04233	3PGC
P04233	3PGD
P04233	3QXA
P04233	3QXD
P04233	4AEN
P04233	4AH2
P04233	4X5W
P04233	5KSU
P04233	5KSV
P04233	7YX9
P04233	7YXB
P04233	7Z0Q
P04233	8VRW
P04233	8VSJ
P04233	8VSP
P04233	9CYL
P04233	9CYM
Q9NYJ8	2DAE
Q9NYJ8	2WWZ
Q9NYJ8	2WX0
Q9NYJ8	2WX1
Q9NYJ8	9AVT
Q9NYJ8	9AVW
Q9UNX4	7MQ8
Q9UNX4	7MQ9
Q9UNX4	7MQA
Q9NS91	2MRE
Q9NS91	2MRF
Q9NS91	2Y43
Q9NS91	2YBF
Q9NS91	5VF0
Q9NS91	8IR2
Q9NS91	8IR4
Q9NS91	9BD3
P43003	5LLM
P43003	5LLU
P43003	5LM4
P43003	5MJU
P43003	7NPW
Q8NHU2	8J07
Q9UH03	3SOP
Q9UH03	4Z51
Q9UH03	4Z54
Q9UH03	6UQQ
P51798	7BXU
P51798	7CQ5
P51798	7CQ6
P51798	7CQ7
P51798	7JM7
P51798	8HVT
Q5JUK3	8HIR
Q5JUK3	8HK6
Q5JUK3	8HKF
Q5JUK3	8HKK
Q5JUK3	8HKM
Q5JUK3	8HKQ
Q9BQG2	6SCX
Q05086	1C4Z
Q05086	1D5F
Q05086	1EQX
Q05086	2KR1
Q05086	4GIZ
Q05086	4XR8
Q05086	6SJV
Q05086	6SLM
Q05086	6TGK
Q05086	6U19
Q05086	7Q41
Q05086	7QPB
Q05086	8ENP
Q05086	8EPT
Q05086	8GCR
Q05086	8JRN
Q05086	8JRO
Q05086	8JRP
Q05086	8JRQ
Q05086	8JRR
Q05086	8R1F
Q05086	8R1G
P51788	7XF5
P51788	7XJA
P51788	8GQU
P51788	8TA2
P51788	8TA3
P51788	8TA4
P51788	8TA5
P51788	8TA6
Q04771	3H9R
Q04771	3MTF
Q04771	3OOM
Q04771	3Q4U
Q04771	4BGG
Q04771	4C02
Q04771	4DYM
Q04771	5OXG
Q04771	5OY6
Q04771	5S75
Q04771	5S76
Q04771	5S77
Q04771	5S78
Q04771	5S79
Q04771	5S7A
Q04771	5S7B
Q04771	5S7C
Q04771	5S7D
Q04771	5S7E
Q04771	5S7F
Q04771	5S7G
Q04771	5S7H
Q04771	5S7I
Q04771	5S7J
Q04771	5S7K
Q04771	5S7L
Q04771	5S7M
Q04771	5S7N
Q04771	5S7O
Q04771	5S7P
Q04771	5S7Q
Q04771	5S7R
Q04771	5S7S
Q04771	5S7T
Q04771	5S7U
Q04771	5S7V
Q04771	5S7W
Q04771	5S7X
Q04771	5S7Y
Q04771	5S7Z
Q04771	5S80
Q04771	5S81
Q04771	5S82
Q04771	5S83
Q04771	5S84
Q04771	5S85
Q04771	5S86
Q04771	5S87
Q04771	5S88
Q04771	5S89
Q04771	5S8A
Q04771	5S8B
Q04771	5S9K
Q04771	6ACR
Q04771	6EIX
Q04771	6GI6
Q04771	6GIN
Q04771	6GIP
Q04771	6I1S
Q04771	6JUX
Q04771	6SRH
Q04771	6SZM
Q04771	6T6D
Q04771	6T8N
Q04771	6TN8
Q04771	6UNQ
Q04771	6UNR
Q04771	6UNS
Q04771	6Z36
Q04771	6ZGC
Q04771	7A21
Q04771	7C3G
Q04771	7NNS
Q04771	7YRU
Q04771	8C7W
Q04771	8C7Z
Q04771	8POD
Q04771	8R7G
O43516	2A41
Q9Y6K1	2QRV
Q9Y6K1	3A1A
Q9Y6K1	3A1B
Q9Y6K1	3LLR
Q9Y6K1	3SVM
Q9Y6K1	4QBQ
Q9Y6K1	4QBR
Q9Y6K1	4QBS
Q9Y6K1	4U7P
Q9Y6K1	4U7T
Q9Y6K1	5YX2
Q9Y6K1	6BRR
Q9Y6K1	6F57
Q9Y6K1	6PA7
Q9Y6K1	6W89
Q9Y6K1	6W8B
Q9Y6K1	6W8D
Q9Y6K1	6W8J
Q9Y6K1	8BA5
Q9Y6K1	8QZM
Q9Y6K1	8TDR
Q9Y6K1	8TE1
Q9Y6K1	8TE3
Q9Y6K1	8TE4
Q9Y6K1	8U5H
Q9Y6K1	8UW1
P35670	2ARF
P35670	2EW9
P35670	2KOY
P35670	2LQB
P35670	2N7Y
P35670	2ROP
P35670	6A71
P35670	6A72
P35670	7XUK
P35670	7XUM
P35670	7XUN
P35670	7XUO
P35670	8IOY
P36222	1HJV
P36222	1HJW
P36222	1HJX
P36222	1NWR
P36222	1NWS
P36222	1NWT
P36222	1NWU
P36222	7CJ2
P36222	8DF1
P36222	8R41
P36222	8R42
P36222	8R4X
P29218	1AWB
P29218	1IMA
P29218	1IMB
P29218	1IMC
P29218	1IMD
P29218	1IME
P29218	1IMF
P29218	2HHM
P29218	4AS4
P29218	6GIU
P29218	6GJ0
P29218	6ZK0
P29218	7VCE
Q15375	2REI
Q15375	3DKO
Q15375	3H8M
Q15375	3NRU
Q15375	7EEC
Q15375	7EED
Q15375	7EEF
O95760	2KLL
O95760	4KC3
Q96EY5	6VME
Q86X24	8J69
P24666	1XWW
P24666	3N8I
P24666	4Z99
P24666	4Z9A
P24666	4Z9B
P24666	5JNR
P24666	5JNS
P24666	5JNT
P24666	5KQG
P24666	5KQL
P24666	5KQM
P24666	5KQP
P24666	5PNT
P24666	6Y2V
P24666	6Y2W
P24666	7KH8
P24666	7UW6
Q13304	7Y89
P58753	2NDH
P58753	2Y92
P58753	3UB2
P58753	3UB3
P58753	3UB4
P58753	4FZ5
P58753	4LQD
P58753	5T7Q
P58753	5UZB
P58753	8JZM
Q9UPY5	7CCS
Q9UPY5	7EPZ
Q9UPY5	7P9U
Q9UPY5	7P9V
P17302	2LL2
P17302	7F92
P17302	7F93
P17302	7F94
P17302	7XQ9
P17302	7XQB
P17302	7XQD
P17302	7XQF
P17302	7XQG
P17302	7XQH
P17302	7XQI
P17302	7XQJ
P17302	7Z1T
P17302	7Z22
P17302	7Z23
P17302	8QKO
Q9UKC9	6O60
Q8NE86	4XSJ
Q8NE86	4XTB
Q8NE86	5BZ6
Q8NE86	5KUE
Q8NE86	5KUG
Q8NE86	5KUI
Q8NE86	5KUJ
Q8NE86	6JG0
Q8NE86	6K7X
Q8NE86	6K7Y
Q8NE86	6KVX
Q8NE86	6O58
Q8NE86	6O5B
Q8NE86	6WDN
Q8NE86	6WDO
Q8NE86	6XJV
Q8NE86	6XJX
O95429	1M62
O95429	1M7K
P55201	2D9E
P55201	2RS9
P55201	2X35
P55201	2X4W
P55201	2X4X
P55201	2X4Y
P55201	3L42
P55201	3MO8
P55201	4LC2
P55201	4QYD
P55201	4QYL
P55201	4UYE
P55201	5C6S
P55201	5C7N
P55201	5C85
P55201	5C87
P55201	5C89
P55201	5D7X
P55201	5DY7
P55201	5DYA
P55201	5DYC
P55201	5E3D
P55201	5E3G
P55201	5EM3
P55201	5EPR
P55201	5EPS
P55201	5EQ1
P55201	5ERC
P55201	5ETB
P55201	5ETD
P55201	5EV9
P55201	5EVA
P55201	5EWC
P55201	5EWD
P55201	5EWH
P55201	5EWV
P55201	5EWW
P55201	5FFV
P55201	5FFW
P55201	5FFY
P55201	5FG4
P55201	5FG5
P55201	5G4R
P55201	5G4S
P55201	5MWG
P55201	5MWH
P55201	5MWZ
P55201	5MYG
P55201	5O4S
P55201	5O4T
P55201	5O55
P55201	5O5A
P55201	5O5F
P55201	5O5H
P55201	5OV8
P55201	5OWA
P55201	5OWB
P55201	5OWE
P55201	5T4U
P55201	5T4V
P55201	6EKQ
P55201	6U04
P55201	7C4I
P55201	8QAZ
P55201	8QB0
P55201	8QB2
Q05923	1M3G
O00764	2AJP
O00764	2F7K
O00764	2YXT
O00764	2YXU
O00764	3FHX
O00764	3FHY
O00764	3KEU
O00764	4EN4
O00764	4EOH
O00764	8WR2
P05107	1L3Y
P05107	1YUK
P05107	2JF1
P05107	2P26
P05107	2P28
P05107	2V7D
P05107	3K6S
P05107	3K71
P05107	3K72
P05107	4NEH
P05107	4NEN
P05107	5E6R
P05107	5E6S
P05107	5E6U
P05107	5E6V
P05107	5E6W
P05107	5E6X
P05107	5ES4
P05107	5XR1
P05107	5ZAZ
P05107	7P2D
P05107	7USL
P05107	7USM
O95639	2D9N
O95639	2RHK
O95639	6DNH
O95639	6FUW
O95639	6URG
O95639	6URO
O95639	7K95
O95639	7ZYH
O95639	8E3I
O95639	8E3Q
O95639	8R8R
Q86YL7	3WSR
Q86YL7	4YO0
Q86YL7	5XCV
Q86YL7	7C94
Q86YL7	7CQC
Q86YL7	7CQD
P78545	2E8P
O94856	3P3Y
O94856	3P40
O75122	3WOY
O75122	5NR4
O75122	8WHH
O75122	8WHI
O75122	8WHJ
O75122	8WHK
O75122	8WHL
P04843	6S7O
P04843	6S7T
P04843	8B6L
P04843	8PN9
Q9C0F1	7PT5
Q9BRJ7	3KVH
Q9BRJ7	5ZCJ
Q9BRJ7	6CO1
Q9BRJ7	6D0L
Q9BRJ7	8U3S
Q8WTT2	8FKV
Q8WTT2	8FKW
Q8WTT2	8FKX
Q8WTT2	8FKY
P82650	3J9M
P82650	6NU2
P82650	6NU3
P82650	6RW4
P82650	6RW5
P82650	6VLZ
P82650	6VMI
P82650	6ZM5
P82650	6ZM6
P82650	6ZS9
P82650	6ZSA
P82650	6ZSB
P82650	6ZSC
P82650	6ZSD
P82650	6ZSE
P82650	6ZSG
P82650	7A5F
P82650	7A5G
P82650	7A5I
P82650	7A5K
P82650	7L08
P82650	7OG4
P82650	7P2E
P82650	7PNX
P82650	7PNY
P82650	7PNZ
P82650	7PO0
P82650	7PO1
P82650	7PO2
P82650	7PO3
P82650	7QI4
P82650	7QI5
P82650	7QI6
P82650	8ANY
P82650	8CSP
P82650	8CSQ
P82650	8CSR
P82650	8CSS
P82650	8CST
P82650	8CSU
P82650	8K2A
P82650	8OIR
P82650	8OIS
P82650	8QRK
P82650	8QRL
P82650	8QRM
P82650	8QRN
P82650	8XT0
P82650	8XT2
Q5TKA1	6C48
Q5TKA1	7N40
Q5TKA1	7R1D
Q9H9Q4	2QM4
Q9H9Q4	2R9A
Q9H9Q4	3Q4F
Q9H9Q4	3RWR
Q9H9Q4	3SR2
Q9H9Q4	3W03
Q9H9Q4	6ERG
Q9H9Q4	6ERH
Q9H9Q4	7LSY
Q9H9Q4	7LT3
Q9H9Q4	7NFC
Q9H9Q4	7NFE
Q9H9Q4	7ZYG
Q9H9Q4	8BHV
Q9H9Q4	8BHY
Q9H9Q4	8BOT
Q9H9Q4	8EZA
Q9H9Q4	8EZB
Q9UHB4	4H2D
Q99759	2C60
Q99759	2JRH
Q99759	2O2V
Q99759	2PPH
Q99759	4Y5O
Q99759	4YL6
P32004	8AFO
P32004	8AFP
Q14CS0	8B5R
P15531	1JXV
P15531	1UCN
P15531	2HVD
P15531	2HVE
P15531	3L7U
P15531	4ENO
P15531	5UI4
P15531	8OOV
Q8N695	7SL9
Q8WUH1	2JOX
Q9NZL3	2ELY
Q9NZL3	2ELZ
Q9NZL3	2EM0
Q9NZL3	2EM6
Q9NZL3	2EM7
Q9NZL3	2EM8
Q9NZL3	2EM9
Q9NZL3	2EN1
Q9NZL3	2EN8
Q9NZL3	2ENA
Q9NZL3	2ENC
Q9NZL3	2EOQ
Q9NZL3	2EOR
Q9NZL3	2EQ4
Q9NZL3	2YSP
Q9NZL3	2YTH
Q9NX02	9C6V
Q9NX02	9C6W
Q9NX02	9C6X
P24723	2FK9
P24723	3TXO
P24723	8FP1
P24723	8FP3
Q9UMD9	8IZS
Q8TAX9	5TIB
Q8TAX9	5TJ2
Q8TAX9	5TJ4
Q8TAX9	7WJQ
Q8TAX9	8EFP
Q8TAX9	8ET1
Q8TAX9	8ET2
Q8TAX9	8GTJ
Q8TAX9	8GTK
Q8TAX9	8GTN
P42566	1C07
P42566	1EH2
P42566	1F8H
P42566	1FF1
P42566	2IV9
P42566	2JXC
P42566	4RH5
P42566	4RH9
P42566	4RHG
P42566	4S0G
P42566	5AWT
P42566	5AWU
P42566	5JP2
P98171	2EPD
Q9P202	1UEZ
Q9P202	1UF1
Q9P202	1UFX
Q9P202	6KZ1
Q9P202	7EP7
Q5JVL4	7UNG
Q5JVL4	8J07
Q9UNE7	4KBQ
Q9UNE7	6EFK
Q9UNE7	6NSV
Q9UNE7	7TB1
Q9UNE7	8EHZ
Q9UNE7	8EI0
Q9UNE7	8F14
Q9UNE7	8F15
Q9UNE7	8F16
Q9UNE7	8F17
Q9UNE7	8FYU
Q9UNE7	8GCK
Q9UNE7	8SUV
Q15653	9CK0
Q15910	4MI0
Q15910	4MI5
Q15910	5GSA
Q15910	5H14
Q15910	5H15
Q15910	5H17
Q15910	5H19
Q15910	5H24
Q15910	5H25
Q15910	5HYN
Q15910	5IJ7
Q15910	5IJ8
Q15910	5LS6
Q15910	5U5T
Q15910	5U62
Q15910	5WG6
Q15910	5WUK
Q15910	6C23
Q15910	6C24
Q15910	6LO2
Q15910	6P5L
Q15910	6U4Y
Q15910	6WKR
Q15910	7AT8
Q15910	7QJG
Q15910	7QJU
Q15910	7QK4
Q15910	8EQV
Q15910	8FYH
Q15910	8T9G
Q15910	8TAS
Q15910	8TB9
Q15910	9C8U
O96028	5LSU
O96028	5VC8
O96028	6UE6
O96028	6XCG
O96028	7CRO
O96028	7E8D
O96028	7LMT
O96028	7MDN
O96028	7VLN
O96028	9EXW
O96028	9EXX
O96028	9EXY
O75694	5A9Q
O75694	5IJN
O75694	5IJO
O75694	7EYE
O75694	7EYF
O75694	7EYQ
O75694	7PER
O75694	7R1Y
O75694	7R5J
O75694	7R5K
Q9P0M2	4ZP3
Q9P0M2	5JJ2
O14879	6C6K
O95292	2MDK
O95292	3IKK
Q06710	2K27
Q96QF0	4LHX
Q96QF0	4LHY
Q96QF0	4LHZ
Q96QF0	4UJ3
Q96QF0	4UJ4
Q96QF0	4UJ5
Q96QF0	6F6P
P36543	6WLZ
P36543	6WM2
P36543	6WM3
P36543	6WM4
P36543	7U4T
P36543	7UNF
Q66K64	6PAI
Q66K64	6Q0R
Q66K64	6Q0V
Q66K64	6Q0W
Q66K64	6SJ7
Q66K64	6UD7
Q66K64	6UE5
Q66K64	8ROX
Q66K64	8ROY
Q9Y244	8QYJ
Q9Y244	8QYL
Q9Y244	8QYM
Q9Y244	8QYN
Q9Y244	8QYS
Q9Y244	8QZ9
Q9Y244	8TM4
Q9Y244	8TM5
Q9Y244	8TM6
Q13231	1GUV
Q13231	1HKI
Q13231	1HKJ
Q13231	1HKK
Q13231	1HKM
Q13231	1LG1
Q13231	1LG2
Q13231	1LQ0
Q13231	1WAW
Q13231	1WB0
Q13231	4WJX
Q13231	4WK9
Q13231	4WKA
Q13231	4WKF
Q13231	4WKH
Q13231	5HBF
Q13231	5NR8
Q13231	5NRA
Q13231	5NRF
Q13231	6JJR
Q13231	6JK6
Q13231	6SO0
Q13231	6ZE8
Q09161	1H2T
Q09161	1H2U
Q09161	1H2V
Q09161	1H6K
Q09161	1N52
Q09161	1N54
Q09161	3FEX
Q09161	3FEY
Q09161	5OO6
Q09161	5OOB
Q09161	6D0Y
Q09161	7ABG
Q09161	8BY6
Q09161	8PMP
Q09161	8PNT
Q09161	8SRR
Q09161	8SUY
Q96BT7	2CQ2
Q96BT7	3THP
Q96BT7	3THT
Q16795	5XTB
Q16795	5XTD
Q16795	5XTH
Q16795	5XTI
P26010	2BRQ
P26010	3V4P
P26010	3V4V
P26010	8ZJF
O15530	1H1W
O15530	1OKY
O15530	1OKZ
O15530	1UU3
O15530	1UU7
O15530	1UU8
O15530	1UU9
O15530	1UVR
O15530	1W1D
O15530	1W1G
O15530	1W1H
O15530	1Z5M
O15530	2BIY
O15530	2PE0
O15530	2PE1
O15530	2PE2
O15530	2R7B
O15530	2VKI
O15530	2XCH
O15530	2XCK
O15530	3H9O
O15530	3HRC
O15530	3HRF
O15530	3ION
O15530	3IOP
O15530	3NAX
O15530	3NAY
O15530	3NUN
O15530	3NUS
O15530	3NUU
O15530	3NUY
O15530	3ORX
O15530	3ORZ
O15530	3OTU
O15530	3PWY
O15530	3QC4
O15530	3QCQ
O15530	3QCS
O15530	3QCX
O15530	3QCY
O15530	3QD0
O15530	3QD3
O15530	3QD4
O15530	3RCJ
O15530	3RWP
O15530	3RWQ
O15530	3SC1
O15530	4A06
O15530	4A07
O15530	4AW0
O15530	4AW1
O15530	4CT1
O15530	4CT2
O15530	4RQK
O15530	4RQV
O15530	4RRV
O15530	4XX9
O15530	5ACK
O15530	5HKM
O15530	5HNG
O15530	5HO7
O15530	5HO8
O15530	5LVL
O15530	5LVM
O15530	5LVN
O15530	5LVO
O15530	5LVP
O15530	5MRD
O15530	6WJQ
O15530	8DQT
O14732	2CZH
O14732	2CZI
O14732	2CZK
O14732	2DDK
O14732	2FVZ
Q96IJ6	7D72
Q96IJ6	7D73
Q96IJ6	7D74
P30556	4YAY
P30556	4ZUD
P30556	6DO1
P30556	6OS0
P30556	6OS1
P30556	6OS2
Q13144	3JUI
Q13144	6CAJ
Q13144	6EZO
Q13144	6K71
Q13144	6K72
Q13144	6O81
Q13144	6O85
Q13144	6O9Z
Q13144	7D43
Q13144	7D44
Q13144	7D45
Q13144	7D46
Q13144	7F64
Q13144	7F66
Q13144	7F67
Q13144	7KMF
Q13144	7L70
Q13144	7L7G
Q13144	7RLO
Q13144	7TRJ
Q13144	7VLK
Q13144	8TQO
Q13144	8TQZ
Q9NX14	5XTC
Q9NX14	5XTD
Q9NX14	5XTH
Q9NX14	5XTI
Q9BZ95	2DAQ
Q9BZ95	2NCZ
Q9BZ95	2ND1
Q9BZ95	4GND
Q9BZ95	4GNE
Q9BZ95	4GNF
Q9BZ95	4GNG
Q9BZ95	4RXJ
Q9BZ95	5UPD
Q9BZ95	6CEN
Q9BZ95	6G24
Q9BZ95	6G25
Q9BZ95	6G27
Q9BZ95	6G29
Q9BZ95	6G2B
Q9BZ95	6G2C
Q9BZ95	6G2E
Q9BZ95	6G2F
Q9BZ95	6G2O
Q9BZ95	6G3P
Q9BZ95	6G3T
Q9BZ95	7CRP
Q9BZ95	7CRQ
Q9BZ95	7CRR
Q9BZ95	7JYN
Q13315	5NP0
Q13315	5NP1
Q13315	6HKA
Q13315	6K9K
Q13315	6K9L
Q13315	7NI4
Q13315	7NI5
Q13315	7NI6
Q13315	7SIC
Q13315	7SID
Q13315	8OXM
Q13315	8OXO
Q13315	8OXP
Q13315	8OXQ
O60939	5FDY
O60939	5FEB
O60939	6J8E
O60939	6J8G
O60939	6J8H
O60939	6J8I
O60939	6J8J
O60939	6VRR
O60939	7W77
O60939	7W7F
O60939	7W9K
O60939	7W9L
O60939	7W9M
O60939	7W9P
O60939	7W9T
O60939	7XM9
O60939	7XMF
O60939	7XMG
O60939	7XVE
O60939	7XVF
O60939	8G1A
O60939	8GZ1
O60939	8GZ2
O60939	8I5B
O60939	8I5G
O60939	8I5X
O60939	8I5Y
O60939	8S9B
O60939	8S9C
O60939	8THG
O60939	8THH
O60939	8XMN
O60939	8XMO
P78536	1BKC
P78536	1ZXC
P78536	2A8H
P78536	2DDF
P78536	2FV5
P78536	2FV9
P78536	2I47
P78536	2M2F
P78536	2OI0
P78536	3B92
P78536	3CKI
P78536	3E8R
P78536	3EDZ
P78536	3EWJ
P78536	3G42
P78536	3KMC
P78536	3KME
P78536	3L0T
P78536	3L0V
P78536	3LE9
P78536	3LEA
P78536	3LGP
P78536	3O64
P78536	8CQY
P78536	8SNL
P78536	8SNN
P78536	8SNO
Q9Y6Y9	2E56
Q9Y6Y9	2E59
Q9Y6Y9	2Z65
Q9Y6Y9	3FXI
Q9Y6Y9	3ULA
Q9Y6Y9	4G8A
Q9NUB1	3GLR
Q9NUB1	3GLT
Q9NUB1	3GLU
Q9NUB1	4BVE
Q9NUB1	4BVF
Q9NUB1	4BVG
Q9NUB1	4C78
Q9NUB1	5Y4H
Q9NUB1	5YTK
P50990	6NR8
P50990	6NR9
P50990	6NRA
P50990	6NRB
P50990	6NRC
P50990	6NRD
P50990	6QB8
P50990	7LUM
P50990	7LUP
P50990	7NVL
P50990	7NVM
P50990	7NVN
P50990	7NVO
P50990	7TRG
P50990	7TTN
P50990	7TTT
P50990	7TUB
P50990	7WU7
P50990	7WZ3
P50990	7X0A
P50990	7X0S
P50990	7X0V
P50990	7X3J
P50990	7X3U
P50990	7X6Q
P50990	7X7Y
P50990	8HKI
P50990	8I1U
P50990	8I9U
P50990	8IB8
P50990	8SFE
P50990	8SFF
P50990	8SG8
P50990	8SG9
P50990	8SGC
P50990	8SGL
P50990	8SGQ
P50990	8SH9
P50990	8SHA
P50990	8SHD
P50990	8SHE
P50990	8SHF
P50990	8SHG
P50990	8SHL
P50990	8SHN
P50990	8SHO
P50990	8SHP
P50990	8SHQ
P50990	8SHT
Q9Y4P8	7F69
Q9Y4P8	7MU2
Q9Y4P8	7XFR
Q9Y303	7NUT
Q9Y303	7NUU
Q9HAD4	6LT0
Q9HAD4	6V4U
Q9HAD4	7MGE
Q9HAD4	8W3V
Q8WX94	2KM6
Q9Y5P6	7D72
Q9Y5P6	7D73
Q9Y5P6	7D74
Q8NDX5	4PZN
Q8NDX5	4PZO
Q13470	7T8J
Q13470	7TCY
Q13470	7TDY
Q13470	7U4W
Q13470	7U4Z
Q13470	9CPL
P37837	1F05
P24588	2H9R
P24588	3LL8
P24588	5NIN
Q01844	2CPE
Q99719	6WCU
P51572	4JZL
P51572	4JZP
P51572	8XWX
O15162	1Y2A
P08174	1H03
P08174	1H04
P08174	1H2P
P08174	1H2Q
P08174	1M11
P08174	1NWV
P08174	1OJV
P08174	1OJW
P08174	1OJY
P08174	1OK1
P08174	1OK2
P08174	1OK3
P08174	1OK9
P08174	1UOT
P08174	1UPN
P08174	2C8I
P08174	2QZD
P08174	2QZF
P08174	2QZH
P08174	3IYP
P08174	3J24
P08174	5FOA
P08174	6ILJ
P08174	6ILK
P08174	6LA5
P08174	7C9W
P08174	7DO4
P08174	7VY5
P08174	7VY6
P08174	8B8R
P08174	8K9R
P08174	8K9T
O75400	1UZC
O75400	1YWI
O75400	1YWJ
O75400	1ZR7
O75400	2CQN
O75400	2DYF
O75400	2KZG
O75400	2L5F
O75400	2L9V
O75400	2LKS
O75400	8PXW
O75400	8PXX
Q8WXF7	3Q5D
Q8WXF7	3Q5E
Q8WXF7	3QNU
Q8WXF7	3QOF
Q8WXF7	4IDN
Q8WXF7	4IDO
Q8WXF7	4IDP
Q8WXF7	4IDQ
Q8WXF7	6B9D
Q8WXF7	6B9E
Q8WXF7	6B9F
Q8WXF7	6B9G
Q8WXF7	6XJN
Q8WXF7	7OL3
Q12772	1UKL
P04439	1AKJ
P04439	1AO7
P04439	1AQD
P04439	1B0G
P04439	1B0R
P04439	1BD2
P04439	1DUY
P04439	1DUZ
P04439	1EEY
P04439	1EEZ
P04439	1HHG
P04439	1HHH
P04439	1HHI
P04439	1HHJ
P04439	1HHK
P04439	1HLA
P04439	1HSB
P04439	1I1F
P04439	1I1Y
P04439	1I4F
P04439	1I7R
P04439	1I7T
P04439	1I7U
P04439	1IM3
P04439	1JF1
P04439	1JHT
P04439	1LP9
P04439	1OGA
P04439	1P7Q
P04439	1Q94
P04439	1QEW
P04439	1QR1
P04439	1QRN
P04439	1QSE
P04439	1QSF
P04439	1QVO
P04439	1S8D
P04439	1S9W
P04439	1S9X
P04439	1S9Y
P04439	1T1W
P04439	1T1X
P04439	1T1Y
P04439	1T1Z
P04439	1T20
P04439	1T21
P04439	1T22
P04439	1TMC
P04439	1TVB
P04439	1TVH
P04439	1W72
P04439	1X7Q
P04439	2AV1
P04439	2AV7
P04439	2BCK
P04439	2BNQ
P04439	2BNR
P04439	2C7U
P04439	2CLR
P04439	2F53
P04439	2F54
P04439	2GIT
P04439	2GJ6
P04439	2GT9
P04439	2GTW
P04439	2GTZ
P04439	2GUO
P04439	2HLA
P04439	2HN7
P04439	2J8U
P04439	2JCC
P04439	2P5E
P04439	2P5W
P04439	2PYE
P04439	2UWE
P04439	2V2W
P04439	2V2X
P04439	2VLJ
P04439	2VLK
P04439	2VLL
P04439	2VLR
P04439	2X4N
P04439	2X4O
P04439	2X4P
P04439	2X4Q
P04439	2X4R
P04439	2X4S
P04439	2X4T
P04439	2X4U
P04439	2X70
P04439	2XPG
P04439	3BGM
P04439	3BH8
P04439	3BH9
P04439	3BHB
P04439	3BO8
P04439	3D25
P04439	3D39
P04439	3D3V
P04439	3FQN
P04439	3FQR
P04439	3FQT
P04439	3FQU
P04439	3FQW
P04439	3FQX
P04439	3FT2
P04439	3FT3
P04439	3FT4
P04439	3GIV
P04439	3GJF
P04439	3GSN
P04439	3GSO
P04439	3GSQ
P04439	3GSR
P04439	3GSU
P04439	3GSV
P04439	3GSW
P04439	3GSX
P04439	3H7B
P04439	3H9H
P04439	3H9S
P04439	3HAE
P04439	3HLA
P04439	3HPJ
P04439	3I6G
P04439	3I6K
P04439	3I6L
P04439	3IXA
P04439	3KLA
P04439	3MGO
P04439	3MGT
P04439	3MR9
P04439	3MRB
P04439	3MRC
P04439	3MRD
P04439	3MRE
P04439	3MRF
P04439	3MRG
P04439	3MRH
P04439	3MRI
P04439	3MRJ
P04439	3MRK
P04439	3MRL
P04439	3MRM
P04439	3MRN
P04439	3MRO
P04439	3MRP
P04439	3MRQ
P04439	3MRR
P04439	3MYJ
P04439	3NFN
P04439	3O3A
P04439	3O3B
P04439	3O3D
P04439	3O3E
P04439	3O4L
P04439	3PWJ
P04439	3PWL
P04439	3PWN
P04439	3PWP
P04439	3QDG
P04439	3QDJ
P04439	3QDM
P04439	3QEQ
P04439	3QFD
P04439	3QFJ
P04439	3QZW
P04439	3REW
P04439	3RL1
P04439	3RL2
P04439	3TO2
P04439	3UTQ
P04439	3UTS
P04439	3UTT
P04439	3V5D
P04439	3V5H
P04439	3V5K
P04439	3VXM
P04439	3VXN
P04439	3VXO
P04439	3VXP
P04439	3VXR
P04439	3VXS
P04439	3VXU
P04439	3W0W
P04439	3WL9
P04439	3WLB
P04439	4E5X
P04439	4EMZ
P04439	4EN2
P04439	4EUP
P04439	4F7M
P04439	4F7P
P04439	4F7T
P04439	4FTV
P04439	4GKN
P04439	4GKS
P04439	4HWZ
P04439	4HX1
P04439	4I48
P04439	4I4W
P04439	4JFD
P04439	4JFE
P04439	4JFF
P04439	4JFO
P04439	4JFP
P04439	4JFQ
P04439	4K7F
P04439	4L29
P04439	4L3C
P04439	4L3E
P04439	4MJ5
P04439	4MJ6
P04439	4MNQ
P04439	4N8V
P04439	4NNX
P04439	4NNY
P04439	4NO0
P04439	4NO2
P04439	4NO3
P04439	4NO5
P04439	4NQV
P04439	4NQX
P04439	4OV5
P04439	4QOK
P04439	4U6X
P04439	4U6Y
P04439	4UQ2
P04439	4UQ3
P04439	4WJ5
P04439	4WU5
P04439	4WU7
P04439	4WUU
P04439	5BRZ
P04439	5BS0
P04439	5C07
P04439	5C08
P04439	5C09
P04439	5C0A
P04439	5C0B
P04439	5C0C
P04439	5C0D
P04439	5C0E
P04439	5C0F
P04439	5C0G
P04439	5C0I
P04439	5C0J
P04439	5D2L
P04439	5D2N
P04439	5D9S
P04439	5DDH
P04439	5E00
P04439	5E6I
P04439	5E9D
P04439	5ENW
P04439	5EOT
P04439	5EU3
P04439	5EU4
P04439	5EU5
P04439	5EU6
P04439	5EUO
P04439	5F7D
P04439	5F9J
P04439	5FA3
P04439	5FA4
P04439	5FDW
P04439	5GRD
P04439	5GRG
P04439	5GSD
P04439	5HGA
P04439	5HGB
P04439	5HGD
P04439	5HGH
P04439	5HHM
P04439	5HHN
P04439	5HHO
P04439	5HHP
P04439	5HHQ
P04439	5HYJ
P04439	5IRO
P04439	5ISZ
P04439	5JHD
P04439	5JZI
P04439	5MEN
P04439	5MEO
P04439	5MEP
P04439	5MEQ
P04439	5MER
P04439	5N1Y
P04439	5N6B
P04439	5NHT
P04439	5NME
P04439	5NMF
P04439	5NMG
P04439	5NMH
P04439	5NMK
P04439	5NQK
P04439	5SWQ
P04439	5TEZ
P04439	5W1W
P04439	5WJL
P04439	5WJN
P04439	5WKF
P04439	5WKH
P04439	5WSH
P04439	5WWI
P04439	5WWJ
P04439	5WWU
P04439	5WXC
P04439	5WXD
P04439	5XOV
P04439	5YXN
P04439	5YXU
P04439	6AM5
P04439	6AMT
P04439	6AMU
P04439	6APN
P04439	6AT9
P04439	6D78
P04439	6D7G
P04439	6DKP
P04439	6EI2
P04439	6ENY
P04439	6EQA
P04439	6EQB
P04439	6EWA
P04439	6EWC
P04439	6EWO
P04439	6G3J
P04439	6G3K
P04439	6ID4
P04439	6J1W
P04439	6J29
P04439	6J2A
P04439	6JOZ
P04439	6JP3
P04439	6MPP
P04439	6NCA
P04439	6O9B
P04439	6O9C
P04439	6OPD
P04439	6PBH
P04439	6PTB
P04439	6PTE
P04439	6Q3K
P04439	6Q3S
P04439	6R2L
P04439	6RP9
P04439	6RPA
P04439	6RPB
P04439	6RSY
P04439	6SS7
P04439	6SS8
P04439	6SS9
P04439	6SSA
P04439	7L1B
P04439	7L1C
P04439	7L1D
P04439	7MLE
P04439	7PHR
P04439	7QPD
P04439	7RK7
P04439	7RM4
P04439	7RRG
P04439	7STF
P04439	7UC5
P04439	7UX3
P04439	8D4C
P04439	8D4D
P04439	8D4E
P04439	8D4F
P04439	8D4G
P04439	8D9R
P04439	8D9S
P04439	8D9T
P04439	8D9U
P04439	8D9V
P04439	8D9W
P04439	8DVG
P04439	8RYM
P04439	8RYO
P04439	8RYP
P04439	8UDR
P04439	8VR9
P04439	8VRA
Q8TF40	8JE2
P62987	2LJ5
P62987	2MBH
P62987	2MJB
P62987	2MUR
P62987	2N3U
P62987	2N3V
P62987	2N3W
P62987	2NBD
P62987	2NBE
P62987	2RSU
P62987	4HJK
P62987	4JIO
P62987	4P4H
P62987	4PIG
P62987	4PIH
P62987	4PIJ
P62987	4RF0
P62987	4RF1
P62987	4S1Z
P62987	4UG0
P62987	4V6X
P62987	4XKL
P62987	5AJ0
P62987	5GO7
P62987	5GO8
P62987	5GOB
P62987	5GOC
P62987	5GOD
P62987	5GOG
P62987	5GOH
P62987	5GOI
P62987	5GOJ
P62987	5GOK
P62987	5HPK
P62987	5HPL
P62987	5HPS
P62987	5HPT
P62987	5J26
P62987	5J8P
P62987	5JBV
P62987	5JBY
P62987	5LKS
P62987	5T2C
P62987	6IP5
P62987	6IP6
P62987	6IP8
P62987	6LQM
P62987	6OLE
P62987	6OLF
P62987	6OLG
P62987	6OLI
P62987	6OLZ
P62987	6OM0
P62987	6OM7
P62987	6QZP
P62987	6XA1
P62987	6Y0G
P62987	6Y2L
P62987	6Y57
P62987	6Y6X
P62987	6Z6L
P62987	6Z6M
P62987	6Z6N
P62987	6ZM7
P62987	6ZME
P62987	6ZMI
P62987	6ZMO
P62987	7AY1
P62987	7BHP
P62987	7F5S
P62987	7M3Q
P62987	7OWC
P62987	7UN3
P62987	7WFC
P62987	7XD0
P62987	7XNX
P62987	7XNY
P62987	7ZF1
P62987	7ZH3
P62987	7ZH4
P62987	8A3D
P62987	8IFD
P62987	8IFE
P62987	8IK6
P62987	8IKM
P62987	8IKT
P62987	8IKV
P62987	8IPJ
P62987	8JDJ
P62987	8JDK
P62987	8JDL
P62987	8JDM
P62987	8K2C
P62987	8OHD
P62987	8OJ0
P62987	8OJ5
P62987	8OJ8
P62987	8QFD
P62987	8QOI
P62987	8XSX
P62987	8XSY
P62987	8XSZ
P62987	8Y0W
P62987	8Y0X
P62987	8YOO
P62987	8YOP
P62987	9G8M
P62987	9GMO
P01889	1A1M
P01889	1A1N
P01889	1A1O
P01889	1A9B
P01889	1A9E
P01889	1AGB
P01889	1AGC
P01889	1AGD
P01889	1AGE
P01889	1AGF
P01889	1CG9
P01889	1E27
P01889	1E28
P01889	1HSA
P01889	1JGD
P01889	1JGE
P01889	1K5N
P01889	1M05
P01889	1M6O
P01889	1MI5
P01889	1N2R
P01889	1OF2
P01889	1OGT
P01889	1SYS
P01889	1SYV
P01889	1UXS
P01889	1UXW
P01889	1W0V
P01889	1W0W
P01889	1XH3
P01889	1XR8
P01889	1XR9
P01889	1ZHK
P01889	1ZHL
P01889	1ZSD
P01889	2A83
P01889	2AK4
P01889	2AXF
P01889	2AXG
P01889	2BSR
P01889	2BSS
P01889	2BST
P01889	2BVO
P01889	2BVP
P01889	2BVQ
P01889	2H6P
P01889	2HJL
P01889	2NW3
P01889	2NX5
P01889	2RFX
P01889	2YPK
P01889	2YPL
P01889	3B3I
P01889	3B6S
P01889	3BP4
P01889	3BP7
P01889	3BW9
P01889	3BWA
P01889	3C9N
P01889	3CZF
P01889	3D18
P01889	3DTX
P01889	3DX6
P01889	3DX7
P01889	3DX8
P01889	3DXA
P01889	3FFC
P01889	3HCV
P01889	3KPL
P01889	3KPM
P01889	3KPN
P01889	3KPO
P01889	3KPP
P01889	3KPQ
P01889	3KPR
P01889	3KPS
P01889	3KWW
P01889	3KXF
P01889	3L3D
P01889	3L3G
P01889	3L3I
P01889	3L3J
P01889	3L3K
P01889	3LKN
P01889	3LKO
P01889	3LKP
P01889	3LKQ
P01889	3LKR
P01889	3LKS
P01889	3LN4
P01889	3LN5
P01889	3LV3
P01889	3MV7
P01889	3MV8
P01889	3MV9
P01889	3SJV
P01889	3SKM
P01889	3SKO
P01889	3SPV
P01889	3UPR
P01889	3VCL
P01889	3VFS
P01889	3VFT
P01889	3VFU
P01889	3VFV
P01889	3VFW
P01889	3VH8
P01889	3VRI
P01889	3VRJ
P01889	3W39
P01889	3WUW
P01889	3X11
P01889	3X12
P01889	3X13
P01889	3X14
P01889	4G8G
P01889	4G8I
P01889	4G9D
P01889	4G9F
P01889	4JQV
P01889	4JQX
P01889	4LCY
P01889	4LNR
P01889	4MJI
P01889	4O2C
P01889	4O2E
P01889	4O2F
P01889	4PR5
P01889	4PRN
P01889	4QRP
P01889	4QRQ
P01889	4QRR
P01889	4QRS
P01889	4QRT
P01889	4QRU
P01889	4U1H
P01889	4U1I
P01889	4U1J
P01889	4U1K
P01889	4U1L
P01889	4U1M
P01889	4U1N
P01889	4U1S
P01889	4XXC
P01889	5B38
P01889	5B39
P01889	5DEF
P01889	5DEG
P01889	5EO0
P01889	5EO1
P01889	5IB1
P01889	5IB2
P01889	5IB3
P01889	5IB4
P01889	5IB5
P01889	5IEH
P01889	5IEK
P01889	5IM7
P01889	5INC
P01889	5IND
P01889	5T6W
P01889	5T6X
P01889	5T6Y
P01889	5T6Z
P01889	5T70
P01889	5TXS
P01889	5U98
P01889	5V5L
P01889	5V5M
P01889	5VUD
P01889	5VUE
P01889	5VUF
P01889	5VWD
P01889	5VWF
P01889	5VWH
P01889	5VWJ
P01889	5VZ5
P01889	5WMN
P01889	5WMO
P01889	5WMP
P01889	5WMQ
P01889	5WMR
P01889	5XOS
P01889	5XOT
P01889	6AT5
P01889	6AVF
P01889	6AVG
P01889	6BJ2
P01889	6BJ3
P01889	6BJ8
P01889	6BXP
P01889	6BXQ
P01889	6D29
P01889	6D2B
P01889	6D2R
P01889	6D2T
P01889	6MT3
P01889	6MT4
P01889	6MT5
P01889	6MT6
P01889	6MTL
P01889	6MTM
P01889	6P23
P01889	6P27
P01889	6P2C
P01889	6P2F
P01889	6P2S
P01889	6PYJ
P01889	6PYL
P01889	6PYV
P01889	6PYW
P01889	6PZ5
P01889	6UJ7
P01889	6UJ8
P01889	6UJ9
P01889	6VMX
P01889	7LFZ
P01889	7LG0
P01889	7LGD
P01889	7LGT
P01889	7RZD
P01889	7RZJ
P01889	7S79
P01889	7S7D
P01889	7S7E
P01889	7S7F
P01889	7S8A
P01889	7S8E
P01889	7S8F
P01889	8TUB
P01889	8TUH
P04746	1B2Y
P04746	1BSI
P04746	1CPU
P04746	1HNY
P04746	1KB3
P04746	1KBB
P04746	1KBK
P04746	1KGU
P04746	1KGW
P04746	1KGX
P04746	1U2Y
P04746	1U30
P04746	1U33
P04746	1XCW
P04746	1XCX
P04746	1XD0
P04746	1XD1
P04746	1XGZ
P04746	1XH0
P04746	1XH1
P04746	1XH2
P04746	2CPU
P04746	2QMK
P04746	2QV4
P04746	3BAI
P04746	3BAJ
P04746	3BAK
P04746	3BAW
P04746	3BAX
P04746	3BAY
P04746	3CPU
P04746	3IJ7
P04746	3IJ8
P04746	3IJ9
P04746	3OLD
P04746	3OLE
P04746	3OLG
P04746	3OLI
P04746	4GQQ
P04746	4GQR
P04746	4W93
P04746	4X9Y
P04746	5E0F
P04746	5EMY
P04746	5KEZ
P04746	5TD4
P04746	5U3A
P04746	5VA9
P04746	6OBX
P04746	6OCN
P04746	6Z8L
O75448	7EMF
O75448	7ENA
O75448	7ENC
O75448	7ENJ
O75448	7LBM
O75448	8GXQ
O75448	8GXS
O75448	8T9D
O75448	8TQW
O75448	8TRH
Q9UKV0	8Q9N
Q9UKV0	8Q9R
Q969G3	6LTH
Q969G3	6LTJ
Q969G3	7CYU
Q969G3	7VDV
Q969G3	7Y8R
P60709	3BYH
P60709	3D2U
P60709	3J82
P60709	3LUE
P60709	6ANU
P60709	6ICT
P60709	6ICV
P60709	6LTJ
P60709	6MBJ
P60709	6MBK
P60709	6MBL
P60709	6NBW
P60709	6OX0
P60709	6OX1
P60709	6OX2
P60709	6OX3
P60709	6OX4
P60709	6OX5
P60709	6V62
P60709	6V63
P60709	6WK1
P60709	6WK2
P60709	7AS4
P60709	7P1H
P60709	7QJ6
P60709	7QJ9
P60709	7VDV
P60709	7W28
P60709	7W29
P60709	7Y8R
P60709	7ZTC
P60709	7ZTD
P60709	8COG
P60709	8DNH
P60709	8IB8
P60709	8OI8
P60709	8OID
P60709	8QR1
P60709	8RTT
P60709	8RTY
P60709	8RU2
P60709	8VRD
P60709	8VRJ
P60709	8VRK
P60709	8X15
P60709	8X19
P60709	8X1C
P60709	8XVT
P60709	9C57
P60709	9C62
P60709	9C6N
P60709	9FJM
P11362	1AGW
P11362	1CVS
P11362	1EVT
P11362	1FGI
P11362	1FGK
P11362	1FQ9
P11362	1XR0
P11362	2CR3
P11362	2FGI
P11362	3C4F
P11362	3DPK
P11362	3GQI
P11362	3GQL
P11362	3JS2
P11362	3KRJ
P11362	3KRL
P11362	3KXX
P11362	3KY2
P11362	3OJV
P11362	3RHX
P11362	3TT0
P11362	4F63
P11362	4F64
P11362	4F65
P11362	4NK9
P11362	4NKA
P11362	4NKS
P11362	4RWI
P11362	4RWJ
P11362	4RWK
P11362	4RWL
P11362	4UWB
P11362	4UWC
P11362	4UWY
P11362	4V01
P11362	4V04
P11362	4V05
P11362	4WUN
P11362	4ZSA
P11362	5A46
P11362	5A4C
P11362	5AM6
P11362	5AM7
P11362	5B7V
P11362	5EW8
P11362	5FLF
P11362	5O49
P11362	5O4A
P11362	5UQ0
P11362	5UR1
P11362	5VND
P11362	5W21
P11362	5W59
P11362	5Z0S
P11362	5ZV2
P11362	6C18
P11362	6C19
P11362	6C1B
P11362	6C1C
P11362	6C1O
P11362	6ITJ
P11362	6MZQ
P11362	6MZW
P11362	6NVL
P11362	6P68
P11362	6P69
P11362	7OZB
P11362	7OZD
P11362	7OZF
P11362	7WCL
P11362	7YSH
P11362	8JMZ
P11362	8XLO
P11362	8XZ7
P11362	8Y22
P11362	8YKI
P11362	9CD5
Q8IYT8	6QAT
Q8IYT8	6QAU
Q8IYT8	6QAV
Q8IYT8	6YID
Q9P107	3QWE
Q9UBB9	8RO2
P55010	2E9H
P55010	2G2K
P55010	2IU1
P55010	8OZ0
P55010	8PJ2
P55010	8PJ3
Q9UJQ4	5XWR
Q9UJQ4	6UML
Q9UJQ4	7BQU
Q9UJQ4	7BQV
Q9UJQ4	7Y3I
Q9UJQ4	7Y3K
Q9UJQ4	7Y3M
Q9UJQ4	8CUC
Q9UJQ4	8U15
Q9UJQ4	8U16
Q9UJQ4	8U17
Q9P286	2F57
Q9P286	8C12
Q92674	7PB4
Q92674	7PKN
Q92674	7QOO
Q92674	7R5S
Q92674	7R5V
Q92674	7XHN
Q92674	7XHO
Q92674	7YWX
Q92674	7YYH
O43169	3NER
Q9H9E3	3HR0
P13232	3DI2
P13232	3DI3
Q9NWS0	4PSF
Q9NWS0	4PSI
Q9NWS0	6GXZ
Q9NWS0	7AVC
Q9NWS0	8BDU
Q02543	4UG0
Q02543	4V6X
Q02543	5AJ0
Q02543	5LKS
Q02543	5T2C
Q02543	6IP5
Q02543	6IP6
Q02543	6IP8
Q02543	6LQM
Q02543	6LSR
Q02543	6LSS
Q02543	6LU8
Q02543	6OLE
Q02543	6OLF
Q02543	6OLG
Q02543	6OLI
Q02543	6OLZ
Q02543	6OM0
Q02543	6OM7
Q02543	6QZP
Q02543	6W6L
Q02543	6XA1
Q02543	6Y0G
Q02543	6Y2L
Q02543	6Y57
Q02543	6Y6X
Q02543	6Z6L
Q02543	6Z6M
Q02543	6Z6N
Q02543	6ZM7
Q02543	6ZME
Q02543	6ZMI
Q02543	6ZMO
Q02543	7BHP
Q02543	7F5S
Q02543	7OW7
Q02543	7QVP
Q02543	7XNX
Q02543	7XNY
Q02543	8A3D
Q02543	8FKP
Q02543	8FKQ
Q02543	8FKR
Q02543	8FKS
Q02543	8FKT
Q02543	8FKU
Q02543	8FKV
Q02543	8FKW
Q02543	8FKX
Q02543	8FKY
Q02543	8FKZ
Q02543	8FL0
Q02543	8FL2
Q02543	8FL3
Q02543	8FL4
Q02543	8FL6
Q02543	8FL7
Q02543	8FL9
Q02543	8FLA
Q02543	8FLB
Q02543	8FLC
Q02543	8FLD
Q02543	8FLE
Q02543	8FLF
Q02543	8G5Y
Q02543	8G5Z
Q02543	8G60
Q02543	8G61
Q02543	8G6J
Q02543	8GLP
Q02543	8IDT
Q02543	8IDY
Q02543	8IE3
Q02543	8IFD
Q02543	8IFE
Q02543	8INE
Q02543	8INF
Q02543	8INK
Q02543	8IPD
Q02543	8IPX
Q02543	8IPY
Q02543	8IR1
Q02543	8IR3
Q02543	8JDJ
Q02543	8JDK
Q02543	8JDL
Q02543	8JDM
Q02543	8K2C
Q02543	8OHD
Q02543	8OJ0
Q02543	8OJ5
Q02543	8OJ8
Q02543	8QFD
Q02543	8QOI
Q02543	8XSX
Q02543	8XSY
Q02543	8XSZ
Q02543	8Y0W
Q02543	8Y0X
Q02543	8YOO
Q02543	8YOP
Q02543	9G8M
Q02543	9GMO
P48307	1ZR0
Q96C10	2RQA
Q96C10	2W4R
Q96C10	3EQT
P15328	4KM6
P15328	4KM7
P15328	4KMX
P15328	4LRH
P15328	5IZQ
Q92504	8GZE
Q9NV96	6K7G
Q9NV96	6K7H
Q9NV96	6K7I
Q9NV96	6K7J
Q9NV96	6K7K
Q9NV96	6K7L
Q9NV96	6K7M
Q9NV96	6K7N
Q9NV96	6LKN
Q9NV96	7BSP
Q9NV96	7BSQ
Q9NV96	7BSS
Q9NV96	7BSU
Q9NV96	7BSV
Q9NV96	7BSW
Q9NV96	7PY4
Q9NV96	7VGI
Q9NV96	7VGJ
Q9NV96	7VSG
Q9NV96	7VSH
Q9NV96	8OX4
Q9NV96	8OX5
Q9NV96	8OX6
Q9NV96	8OX7
Q9NV96	8OX8
Q9NV96	8OX9
Q9NV96	8OXA
Q9NV96	8OXB
Q9NV96	8OXC
P18564	4UM8
P18564	4UM9
P18564	5FFG
P18564	5FFO
P18564	5NEM
P18564	5NER
P18564	5NET
P18564	5NEU
P18564	8TCG
Q9H165	5VTB
Q9H165	6KI6
Q9H165	6U9Q
Q9H165	8DTN
Q9H165	8DTU
Q9H165	8THO
Q9H165	8TLO
Q9H165	9BV0
O43390	2DK2
P06132	1JPH
P06132	1JPI
P06132	1JPK
P06132	1R3Q
P06132	1R3R
P06132	1R3S
P06132	1R3T
P06132	1R3V
P06132	1R3W
P06132	1R3Y
P06132	1URO
P06132	2Q6Z
P06132	2Q71
P06132	3GVQ
P06132	3GVR
P06132	3GVV
P06132	3GVW
P06132	3GW0
P06132	3GW3
P15882	2OSA
P15882	3CXL
Q9H4Q4	3EP0
Q9Y312	7PJH
Q92609	5GTU
O94851	2E9K
O94851	5SZH
O94851	5SZI
O94851	5SZJ
O94851	5SZK
P50613	1UA2
P50613	6O9L
P50613	6XBZ
P50613	6XD3
P50613	7B5O
P50613	7B5Q
P50613	7EGB
P50613	7EGC
P50613	7ENA
P50613	7ENC
P50613	7LBM
P50613	7NVR
P50613	8BVW
P50613	8BYQ
P50613	8GXQ
P50613	8GXS
P50613	8ORM
P50613	8P4Z
P50613	8P6V
P50613	8P6W
P50613	8P6X
P50613	8P6Y
P50613	8P6Z
P50613	8P70
P50613	8P71
P50613	8P72
P50613	8P73
P50613	8P74
P50613	8P75
P50613	8P76
P50613	8P77
P50613	8P78
P50613	8P79
P50613	8P7L
P50613	8PLZ
P50613	8PYR
P50613	8R99
P50613	8R9A
P50613	8R9B
P50613	8R9O
P50613	8R9S
P50613	8R9U
P46977	6S7O
P46977	8B6L
P46977	8PN9
P42680	2LUL
Q8IWT6	5ZSU
Q8IWT6	6DJB
Q8IWT6	7XZH
Q8IWT6	8DXN
Q8IWT6	8DXO
Q8IWT6	8DXP
Q8IWT6	8DXQ
Q8IWT6	8DXR
P62847	4UG0
P62847	4V6X
P62847	5A2Q
P62847	5AJ0
P62847	5FLX
P62847	5LKS
P62847	5OA3
P62847	5T2C
P62847	5VYC
P62847	6FEC
P62847	6G18
P62847	6G4S
P62847	6G4W
P62847	6G51
P62847	6G53
P62847	6G5H
P62847	6G5I
P62847	6IP5
P62847	6IP6
P62847	6IP8
P62847	6MTD
P62847	6MTE
P62847	6OLE
P62847	6OLF
P62847	6OLG
P62847	6OLI
P62847	6OLZ
P62847	6OM0
P62847	6OM7
P62847	6QZP
P62847	6XA1
P62847	6Y0G
P62847	6Y2L
P62847	6Y57
P62847	6YBW
P62847	6Z6L
P62847	6Z6M
P62847	6Z6N
P62847	6ZLW
P62847	6ZM7
P62847	6ZME
P62847	6ZMI
P62847	6ZMO
P62847	6ZMT
P62847	6ZMW
P62847	6ZN5
P62847	6ZOJ
P62847	6ZOK
P62847	6ZON
P62847	6ZP4
P62847	6ZUO
P62847	6ZV6
P62847	6ZVH
P62847	6ZXD
P62847	6ZXE
P62847	6ZXF
P62847	6ZXG
P62847	6ZXH
P62847	7K5I
P62847	7MQ8
P62847	7MQ9
P62847	7MQA
P62847	7QP6
P62847	7QP7
P62847	7QVP
P62847	7R4X
P62847	7TQL
P62847	7WTS
P62847	7WTT
P62847	7WTU
P62847	7WTV
P62847	7WTW
P62847	7WTX
P62847	7WTZ
P62847	7WU0
P62847	7XNX
P62847	7XNY
P62847	8G5Y
P62847	8G5Z
P62847	8G60
P62847	8G61
P62847	8G6J
P62847	8GLP
P62847	8IFD
P62847	8IFE
P62847	8JDJ
P62847	8JDK
P62847	8JDL
P62847	8JDM
P62847	8K2C
P62847	8OZ0
P62847	8PJ1
P62847	8PJ2
P62847	8PJ3
P62847	8PJ4
P62847	8PJ5
P62847	8PJ6
P62847	8PPK
P62847	8PPL
P62847	8QOI
P62847	8T4S
P62847	8XSX
P62847	8XSY
P62847	8XSZ
P62847	8XXL
P62847	8XXM
P62847	8XXN
P62847	8Y0W
P62847	8Y0X
P62847	8YOO
P62847	8YOP
P62847	9BKD
P62847	9BLN
P62847	9G8M
Q9NQX1	6XAZ
Q9UHW9	6M1Y
Q9UHW9	6M22
Q9UHW9	6Y5R
Q9UHW9	6Y5V
Q9UHW9	7AIN
Q9UHW9	7AIO
Q9UHW9	7D90
Q9UHW9	7NGB
Q10471	2FFU
Q10471	2FFV
Q10471	4D0T
Q10471	4D0Z
Q10471	4D11
Q10471	5AJN
Q10471	5AJO
Q10471	5AJP
Q10471	5FV9
Q10471	5NDF
Q10471	6E7I
Q10471	6EGS
Q10471	6NQT
P27986	1A0N
P27986	1AZG
P27986	1H9O
P27986	1PBW
P27986	1PHT
P27986	1PIC
P27986	1PKS
P27986	1PKT
P27986	2IUG
P27986	2IUH
P27986	2IUI
P27986	2RD0
P27986	2V1Y
P27986	3HHM
P27986	3HIZ
P27986	3I5R
P27986	3I5S
P27986	4A55
P27986	4JPS
P27986	4L1B
P27986	4L23
P27986	4L2Y
P27986	4OVU
P27986	4OVV
P27986	4WAF
P27986	4YKN
P27986	4ZOP
P27986	5AUL
P27986	5FI4
P27986	5GJI
P27986	5ITD
P27986	5M6U
P27986	5SW8
P27986	5SWG
P27986	5SWO
P27986	5SWP
P27986	5SWR
P27986	5SWT
P27986	5SX8
P27986	5SX9
P27986	5SXA
P27986	5SXB
P27986	5SXC
P27986	5SXD
P27986	5SXE
P27986	5SXF
P27986	5SXI
P27986	5SXJ
P27986	5SXK
P27986	5UBT
P27986	5UK8
P27986	5UKJ
P27986	5UL1
P27986	5VLR
P27986	5XGH
P27986	5XGI
P27986	5XGJ
P27986	6NCT
P27986	6PYR
P27986	6PYU
P27986	7CIO
P27986	7LM2
P27986	7LQ1
P27986	7MYN
P27986	7MYO
P27986	7PG5
P27986	7PG6
P27986	7RNS
P27986	7TZ7
P27986	8AM0
P27986	8DCP
P27986	8DCX
P27986	8DD4
P27986	8DD8
P27986	8GUB
P27986	8H36
P27986	8H37
P27986	8ILR
P27986	8ILS
P27986	8ILV
P27986	8SBC
P27986	8SBJ
P27986	8TDU
P27986	8TGD
P27986	8TS7
P27986	8TS8
P27986	8TS9
P27986	8TSA
P27986	8TSB
P27986	8TSC
P27986	8TSD
P27986	8TU6
P27986	8V8H
P27986	8V8I
P27986	8V8J
P27986	8V8U
P27986	8V8V
P27986	8W9A
P27986	8W9B
Q9NSN8	7PC7
Q9NSN8	7PC8
Q9NSN8	7QQN
Q9NV23	4XJV
Q9HBL8	2EXX
Q9HBL8	2WM3
Q9HBL8	2WMD
Q9HBL8	3DXF
Q9HBL8	3E5M
Q9H6L5	7BRQ
Q9H6L5	7FB5
Q8NEZ3	8BBF
Q8NEZ3	8BBG
Q8NEZ3	8FGW
Q8NEZ3	8FH3
Q8WXE1	4IGK
Q8WXE1	4NB3
Q8WXE1	5YZ0
Q8WXE1	7XV4
P14625	4NH9
P14625	7ULL
Q9UHB9	4P3E
Q9UHB9	4P3F
Q9UHB9	5M72
Q9UHB9	5M73
Q9UHB9	5WRV
Q9UHB9	7NFX
Q9UHB9	7QWQ
Q9UHB9	8QVW
Q15545	4RGW
Q15545	5FUR
Q15545	6MZL
Q15545	6MZM
Q15545	7EDX
Q15545	7EG7
Q15545	7EG8
Q15545	7EG9
Q15545	7EGA
Q15545	7EGB
Q15545	7EGC
Q15545	7EGD
Q15545	7EGE
Q15545	7EGH
Q15545	7EGI
Q15545	7EGJ
Q15545	7ENA
Q15545	7ENC
Q15545	8GXQ
Q15545	8GXS
Q15545	8WAK
Q15545	8WAL
Q15545	8WAN
Q15545	8WAO
Q15545	8WAP
Q15545	8WAQ
Q15545	8WAR
Q15545	8WAS
Q9Y5Z0	2EWY
Q9Y5Z0	3ZKG
Q9Y5Z0	3ZKI
Q9Y5Z0	3ZKM
Q9Y5Z0	3ZKN
Q9Y5Z0	3ZKQ
Q9Y5Z0	3ZKS
Q9Y5Z0	3ZKX
Q9Y5Z0	3ZL7
Q9Y5Z0	3ZLQ
Q9Y5Z0	4BEL
Q9Y5Z0	4BFB
Q9Y5Z0	6JSZ
Q9Y5Z0	6UJ0
Q9Y5Z0	6UJ1
Q9Y5Z0	7D5B
Q9Y5Z0	7D5U
Q9Y5Z0	7F1G
Q9Y5Z0	7N4N
O14964	2D3G
O14964	3F1I
O14964	3OBQ
O14964	3ZYQ
O14964	4AVX
Q86Y78	6GBI
Q86Y78	6IB6
Q5VUG0	1WJR
P18615	1X5P
P18615	2BZ2
P18615	2JX2
P18615	5OOB
P18615	6GML
P18615	7YCX
P18615	8JJ6
P18615	8UHA
P18615	8UHD
P18615	8UHG
P18615	8UI0
P18615	8W8E
P05156	2XRC
P05156	5O32
O75489	5XTB
O75489	5XTD
O75489	5XTH
O75489	5XTI
A4D126	4CVH
O75390	5UZP
O75390	5UZQ
O75390	5UZR
Q15120	1Y8N
Q15120	1Y8O
Q15120	1Y8P
Q15120	2PNR
Q15120	2Q8I
O95602	7OB9
O95602	7OBA
O95602	7OBB
O95602	7VBA
O95602	7VBB
O95602	7VBC
O95602	8A43
O43639	1U5S
O43639	1WX6
O43639	1Z3K
O43639	2B86
O43639	2CIA
O43639	2FRW
O43639	2FRY
O43639	2JXB
O43639	4E6R
Q9Y6R1	6CAA
Q14697	8D43
Q14697	8EMR
Q8N5Z5	5A6R
Q14894	2I99
Q9UJY4	1MHQ
P62491	1OIV
P62491	1OIW
P62491	1OIX
P62491	1YZK
P62491	2D7C
P62491	2GZD
P62491	2GZH
P62491	2HV8
P62491	4C4P
P62491	4D0L
P62491	4D0M
P62491	4LWZ
P62491	4LX0
P62491	4UJ3
P62491	4UJ4
P62491	4UJ5
P62491	5C46
P62491	5C4G
P62491	5EUQ
P62491	5EZ5
P62491	5FBL
P62491	5FBQ
P62491	5FBR
P62491	5FBV
P62491	5FBW
P62491	5JCZ
P62491	6DJL
P62491	6IXV
P62491	8VOF
O00151	1X62
O00151	2PKT
Q9BY84	2VSW
Q9BY84	3TG3
Q9BY84	4YR8
P56597	8J07
P52298	1H2T
P52298	1H2U
P52298	1H2V
P52298	1H6K
P52298	1N52
P52298	1N54
P52298	3FEX
P52298	3FEY
P52298	5OO6
P52298	5OOB
P52298	6D0Y
P52298	7ABG
P52298	8BY6
P52298	8PMP
P52298	8PNT
P52298	8SRR
P52298	8SUY
Q96DR7	6MYE
Q96DR7	7YKG
P01286	5BQM
P01286	7CZ5
P01286	7V9M
P15374	1UCH
P15374	1XD3
P15374	6ISU
P15374	6QML
P15374	7YV4
Q14258	4CFG
Q14258	4LTB
Q14258	5EYA
Q14258	5FER
Q14258	5NT1
Q14258	5NT2
Q14258	6FLM
Q14258	6FLN
Q9UPQ7	1UHP
Q9UPQ7	1WH1
P00505	5AX8
P00505	8SKR
P30044	1H4O
P30044	1HD2
P30044	1OC3
P30044	1URM
P30044	2VL2
P30044	2VL3
P30044	2VL9
P30044	3MNG
P30044	4K7I
P30044	4K7N
P30044	4K7O
P30044	4MMM
O60704	3AP1
O60704	3AP2
O60704	3AP3
Q9ULG1	6HTS
Q9ULG1	7ZI4
P14314	8D43
P14314	8EMR
Q9NVW2	6W7Z
Q9NVW2	6W9A
Q9NVW2	6W9D
O43678	1S3A
O43678	5XTB
O43678	5XTD
O43678	5XTH
O43678	5XTI
Q13136	1N7F
P27352	2PMV
P27352	3KQ4
Q00987	1RV1
Q00987	1T4E
Q00987	1T4F
Q00987	1YCR
Q00987	1Z1M
Q00987	2AXI
Q00987	2C6A
Q00987	2C6B
Q00987	2F1Y
Q00987	2FOP
Q00987	2GV2
Q00987	2HDP
Q00987	2LZG
Q00987	2M86
Q00987	2MPS
Q00987	2RUH
Q00987	2VJE
Q00987	2VJF
Q00987	3EQS
Q00987	3G03
Q00987	3IUX
Q00987	3IWY
Q00987	3JZK
Q00987	3JZR
Q00987	3JZS
Q00987	3LBK
Q00987	3LBL
Q00987	3LNJ
Q00987	3LNZ
Q00987	3MQS
Q00987	3TJ2
Q00987	3TPX
Q00987	3TU1
Q00987	3V3B
Q00987	3VBG
Q00987	3VZV
Q00987	3W69
Q00987	4DIJ
Q00987	4ERE
Q00987	4ERF
Q00987	4HBM
Q00987	4HFZ
Q00987	4HG7
Q00987	4JV7
Q00987	4JV9
Q00987	4JVE
Q00987	4JVR
Q00987	4JWR
Q00987	4MDN
Q00987	4MDQ
Q00987	4OAS
Q00987	4OBA
Q00987	4OCC
Q00987	4ODE
Q00987	4ODF
Q00987	4OGN
Q00987	4OGT
Q00987	4OGV
Q00987	4OQ3
Q00987	4QO4
Q00987	4QOC
Q00987	4UD7
Q00987	4UE1
Q00987	4UMN
Q00987	4WT2
Q00987	4XXB
Q00987	4ZFI
Q00987	4ZGK
Q00987	4ZYC
Q00987	4ZYF
Q00987	4ZYI
Q00987	5AFG
Q00987	5C5A
Q00987	5HMH
Q00987	5HMI
Q00987	5HMK
Q00987	5J7F
Q00987	5J7G
Q00987	5LAV
Q00987	5LAW
Q00987	5LAY
Q00987	5LAZ
Q00987	5LN2
Q00987	5MNJ
Q00987	5OAI
Q00987	5OC8
Q00987	5SWK
Q00987	5TRF
Q00987	5UMM
Q00987	5VK0
Q00987	5WTS
Q00987	5XXK
Q00987	5Z02
Q00987	5ZXF
Q00987	6AAW
Q00987	6GGN
Q00987	6H22
Q00987	6HFA
Q00987	6I29
Q00987	6I3S
Q00987	6IM9
Q00987	6KZU
Q00987	6Q96
Q00987	6Q9H
Q00987	6Q9L
Q00987	6Q9O
Q00987	6SQO
Q00987	6T2D
Q00987	6T2E
Q00987	6T2F
Q00987	6Y4Q
Q00987	6YR6
Q00987	7AD0
Q00987	7AI0
Q00987	7AI1
Q00987	7AYE
Q00987	7BIR
Q00987	7BIT
Q00987	7BIV
Q00987	7BJ0
Q00987	7BJ6
Q00987	7BMG
Q00987	7KJM
Q00987	7NA1
Q00987	7NA2
Q00987	7NA3
Q00987	7NA4
Q00987	7NUS
Q00987	7QDQ
Q00987	8AEU
Q00987	8BGU
Q00987	8EI9
Q00987	8EIA
Q00987	8EIB
Q00987	8EIC
Q00987	8F0Z
Q00987	8F10
Q00987	8F12
Q00987	8F13
Q00987	8GCG
Q00987	8J81
Q00987	8P0D
Q00987	8PWC
P15104	2OJW
P15104	2QC8
P15104	7EVT
P15104	8DNU
O75369	2DI8
O75369	2DI9
O75369	2DIA
O75369	2DIB
O75369	2DIC
O75369	2DJ4
O75369	2DLG
O75369	2DMB
O75369	2DMC
O75369	2E9I
O75369	2E9J
O75369	2EE6
O75369	2EE9
O75369	2EEA
O75369	2EEB
O75369	2EEC
O75369	2EED
O75369	2WA5
O75369	2WA6
O75369	2WA7
O75369	3FER
O75369	4B7L
O75369	5DCP
Q5MNZ6	6IYY
Q5MNZ6	6KLR
O94813	2V70
O94813	2V9S
O94813	2V9T
O94813	2WFH
Q9ULV3	7X39
Q03393	3I2B
P0CG48	1C3T
P0CG48	1CMX
P0CG48	1D3Z
P0CG48	1F9J
P0CG48	1FXT
P0CG48	1G6J
P0CG48	1GJZ
P0CG48	1NBF
P0CG48	1OGW
P0CG48	1Q5W
P0CG48	1S1Q
P0CG48	1SIF
P0CG48	1TBE
P0CG48	1UBI
P0CG48	1UBQ
P0CG48	1UD7
P0CG48	1XD3
P0CG48	1XQQ
P0CG48	1YX5
P0CG48	1YX6
P0CG48	1ZGU
P0CG48	2AYO
P0CG48	2BGF
P0CG48	2DEN
P0CG48	2FUH
P0CG48	2G45
P0CG48	2GBJ
P0CG48	2GBK
P0CG48	2GBM
P0CG48	2GBN
P0CG48	2GBR
P0CG48	2GMI
P0CG48	2HTH
P0CG48	2IBI
P0CG48	2J7Q
P0CG48	2JF5
P0CG48	2JRI
P0CG48	2JY6
P0CG48	2JZZ
P0CG48	2K25
P0CG48	2K6D
P0CG48	2K8B
P0CG48	2K8C
P0CG48	2KDF
P0CG48	2KHW
P0CG48	2KJH
P0CG48	2KLG
P0CG48	2KN5
P0CG48	2KX0
P0CG48	2L3Z
P0CG48	2LD9
P0CG48	2LVO
P0CG48	2LVP
P0CG48	2LVQ
P0CG48	2LZ6
P0CG48	2MBO
P0CG48	2MBQ
P0CG48	2MCN
P0CG48	2MI8
P0CG48	2MJ5
P0CG48	2MOR
P0CG48	2MRE
P0CG48	2MWS
P0CG48	2N2K
P0CG48	2NR2
P0CG48	2O6V
P0CG48	2OJR
P0CG48	2PE9
P0CG48	2PEA
P0CG48	2RR9
P0CG48	2RU6
P0CG48	2W9N
P0CG48	2WDT
P0CG48	2XEW
P0CG48	2Y5B
P0CG48	2Z59
P0CG48	2ZCB
P0CG48	2ZVN
P0CG48	2ZVO
P0CG48	3A33
P0CG48	3ALB
P0CG48	3AUL
P0CG48	3B08
P0CG48	3B0A
P0CG48	3BY4
P0CG48	3C0R
P0CG48	3DVG
P0CG48	3DVN
P0CG48	3EEC
P0CG48	3EFU
P0CG48	3EHV
P0CG48	3H7P
P0CG48	3H7S
P0CG48	3HM3
P0CG48	3I3T
P0CG48	3IFW
P0CG48	3IHP
P0CG48	3JSV
P0CG48	3JVZ
P0CG48	3JW0
P0CG48	3K9O
P0CG48	3K9P
P0CG48	3KVF
P0CG48	3KW5
P0CG48	3LDZ
P0CG48	3MHS
P0CG48	3MTN
P0CG48	3N30
P0CG48	3N32
P0CG48	3N3K
P0CG48	3NS8
P0CG48	3O65
P0CG48	3OFI
P0CG48	3OJ3
P0CG48	3OJ4
P0CG48	3ONS
P0CG48	3PRM
P0CG48	3PT2
P0CG48	3PTF
P0CG48	3Q3F
P0CG48	3RUL
P0CG48	3TMP
P0CG48	3U30
P0CG48	3UGB
P0CG48	3V6C
P0CG48	3V6E
P0CG48	3VFK
P0CG48	3VUW
P0CG48	3VUX
P0CG48	3VUY
P0CG48	3WXE
P0CG48	3WXF
P0CG48	3ZLZ
P0CG48	3ZNH
P0CG48	3ZNI
P0CG48	3ZNZ
P0CG48	4AP4
P0CG48	4AUQ
P0CG48	4BOS
P0CG48	4BOZ
P0CG48	4BVU
P0CG48	4DDG
P0CG48	4DDI
P0CG48	4DHJ
P0CG48	4DHZ
P0CG48	4FJV
P0CG48	4HK2
P0CG48	4HXD
P0CG48	4I6L
P0CG48	4I6N
P0CG48	4IG7
P0CG48	4IUM
P0CG48	4JQW
P0CG48	4K1R
P0CG48	4K7S
P0CG48	4K7U
P0CG48	4K7W
P0CG48	4KSK
P0CG48	4KSL
P0CG48	4LCD
P0CG48	4LDT
P0CG48	4MDK
P0CG48	4MM3
P0CG48	4MSM
P0CG48	4MSQ
P0CG48	4NQK
P0CG48	4UN2
P0CG48	4V3K
P0CG48	4V3L
P0CG48	4WZP
P0CG48	4XOK
P0CG48	4XOL
P0CG48	4ZQS
P0CG48	5A5B
P0CG48	5AF4
P0CG48	5AF5
P0CG48	5AF6
P0CG48	5AIT
P0CG48	5AIU
P0CG48	5B83
P0CG48	5C7J
P0CG48	5C7M
P0CG48	5E6J
P0CG48	5H07
P0CG48	5NL4
P0CG48	5NLF
P0CG48	5NLI
P0CG48	5NMC
P0CG48	5OE7
P0CG48	5OHV
P0CG48	5OXH
P0CG48	5OXI
P0CG48	5UDH
P0CG48	5WQ4
P0CG48	5ZQ3
P0CG48	5ZQ4
P0CG48	5ZQ5
P0CG48	5ZQ6
P0CG48	5ZQ7
P0CG48	6A43
P0CG48	6A44
P0CG48	6AQR
P0CG48	6B7M
P0CG48	6B7O
P0CG48	6EQI
P0CG48	6K2U
P0CG48	6KBE
P0CG48	6N13
P0CG48	6N6R
P0CG48	6NQA
P0CG48	6NXK
P0CG48	6OI4
P0CG48	6P5B
P0CG48	6Q00
P0CG48	6QML
P0CG48	6RYA
P0CG48	6S53
P0CG48	6SQR
P0CG48	6T7F
P0CG48	6T9L
P0CG48	6TNF
P0CG48	6TTU
P0CG48	6TUV
P0CG48	6TXB
P0CG48	6ULH
P0CG48	6UMP
P0CG48	6UMS
P0CG48	6UPU
P0CG48	6V5D
P0CG48	6VAE
P0CG48	6VAF
P0CG48	6VEN
P0CG48	6W9D
P0CG48	6W9R
P0CG48	6W9S
P0CG48	6WJD
P0CG48	6WKR
P0CG48	6WTG
P0CG48	6Z7V
P0CG48	7B5L
P0CG48	7B5M
P0CG48	7B5N
P0CG48	7BBD
P0CG48	7BBF
P0CG48	7BXG
P0CG48	7EAL
P0CG48	7EAO
P0CG48	7EB9
P0CG48	7JXV
P0CG48	7K6P
P0CG48	7K6Q
P0CG48	7KEO
P0CG48	7M4M
P0CG48	7M4N
P0CG48	7M4O
P0CG48	7MEX
P0CG48	7MIC
P0CG48	7MYF
P0CG48	7NPI
P0CG48	7OWD
P0CG48	7R70
P0CG48	7TV4
P0CG48	7UV5
P0CG48	7UYH
P0CG48	7YUI
P0CG48	7ZJ3
P0CG48	8A9J
P0CG48	8A9K
P0CG48	8ADB
P0CG48	8AMS
P0CG48	8B3G
P0CG48	8B3I
P0CG48	8E7O
P0CG48	8EAZ
P0CG48	8EB0
P0CG48	8FTQ
P0CG48	8OFF
P0CG48	8PJN
P0CG48	8PMQ
P0CG48	8PQL
P0CG48	8Q7R
P0CG48	8R5H
P0CG48	8RX0
P0CG48	8SSI
P0CG48	8ST7
P0CG48	8ST8
P0CG48	8ST9
P0CG48	8SVF
P0CG48	8T48
P0CG48	8U5H
P0CG48	9FCI
P0CG48	9FCJ
P0CG48	9FJ3
P0CG48	9FJ4
Q5VST9	1V1C
Q5VST9	2CR6
Q5VST9	2DKU
Q5VST9	2DM7
Q5VST9	2E7B
Q5VST9	2EDF
Q5VST9	2EDH
Q5VST9	2EDL
Q5VST9	2EDQ
Q5VST9	2EDR
Q5VST9	2EDT
Q5VST9	2EDW
Q5VST9	2ENY
Q5VST9	2EO1
Q5VST9	2GQH
Q5VST9	2MWC
Q5VST9	2N56
Q5VST9	2YZ8
Q5VST9	4C4K
Q5VST9	4RSV
Q5VST9	4UOW
Q5VST9	5TZM
Q5VST9	6MG9
Q5VST9	7R67
Q5VST9	7R68
Q13620	2DO7
Q13620	4A0C
Q13620	4A0L
Q13620	4A64
Q13620	8EI1
P42331	1V89
Q9H6S1	5EP6
Q9H6S1	5Z7G
Q9H6S1	5Z7L
Q9H6S1	7EA2
Q9H6S1	7EA7
O95059	6AHR
O95059	6AHU
Q9BUT1	2AG5
Q8TBG4	6TOR
O95997	7NJ0
O95997	7NJ1
O60469	6ZR7
Q7Z3B1	6DLD
Q7Z3B1	6U6T
Q9H0W7	2D8R
P47813	1D7Q
P47813	3ZJY
P47813	4KZY
P47813	4KZZ
P47813	6YBW
P47813	6ZMW
P47813	6ZP4
P47813	7A09
P47813	7QP6
P47813	7QP7
P47813	7SYQ
P47813	7SYR
P47813	7SYS
P47813	7SYV
P47813	7SYW
P47813	7SYX
P47813	7TQL
P47813	8OZ0
P47813	8PJ1
P47813	8PJ2
P47813	8PJ3
P47813	8PJ4
P47813	8PJ5
P47813	8PJ6
P47813	8PPL
P36544	2MAW
P36544	5AFH
P36544	5AFJ
P36544	5AFK
P36544	5AFL
P36544	5AFM
P36544	5AFN
P36544	7EKI
P36544	7EKP
P36544	7EKT
P36544	7KOO
P36544	7KOQ
P36544	7KOX
P36544	7RPM
P36544	8C9X
P36544	8CAU
P36544	8CE4
P36544	8CI1
P36544	8CI2
P36544	8F4V
P36544	8P1H
P36544	8UT1
P36544	8UTB
P36544	8UZJ
P36544	8V80
P36544	8V82
P36544	8V86
P36544	8V88
P36544	8V89
P36544	8V8A
P36544	8V8C
P36544	8V8D
P23560	1B8M
P23560	1BND
Q9Y285	3L4G
Q9H0F6	4EMO
Q9H0F6	5X0W
Q9H0F6	8K6P
Q8WYJ6	6WBE
Q9P121	6DLF
P20062	2BB5
P20062	4ZRP
P20062	4ZRQ
P20062	5NO0
P20062	5NP4
P20062	5NRP
P20062	5NSA
P20062	7QBD
P20062	7QBE
P20062	7QBF
P20062	7QBG
Q99447	3ELB
Q99447	4XSV
P27449	6WLW
P27449	6WM2
P27449	6WM3
P27449	6WM4
P27449	7U4T
P27449	7UNF
Q9BXJ8	7CXR
Q9BXJ8	7F3T
Q9BXJ8	7F3U
Q9BXJ8	7F6V
Q9BXJ8	7N7P
P08949	1C98
P08949	1C9A
P08949	8H0P
Q9BXY0	8FKP
Q9BXY0	8FKR
Q9BXY0	8FKT
Q9BXY0	8FKV
Q9BZL1	1P0R
Q9BZL1	4PYU
Q9BZL1	6AHD
Q9BZL1	7AAV
Q9BZL1	7ABF
Q9BZL1	7ABG
Q9BZL1	7ABI
Q9BZL1	8H6K
Q9BZL1	8Q7N
Q9BZL1	8QO9
O95825	7ND2
O95825	8A3O
Q96GD0	2CFR
Q96GD0	2CFS
Q96GD0	2CFT
Q96GD0	2OYC
Q96GD0	2P27
Q96GD0	2P69
Q96GD0	5GYN
Q96GD0	8S8A
Q96GD0	9EM1
Q8IX05	2NAN
Q7RTP6	2D88
Q7RTP6	5SZG
Q7RTP6	6ICI
P0DPD7	2PXX
P42768	1CEE
P42768	1EJ5
P42768	1T84
P42768	2A3Z
P42768	2K42
P42768	2OT0
Q92887	8IZR
Q92887	8JX7
Q92887	8JXQ
Q92887	8JXU
Q92887	8JY4
Q92887	8JY5
P29320	2GSF
P29320	2QO2
P29320	2QO7
P29320	2QO9
P29320	2QOB
P29320	2QOC
P29320	2QOD
P29320	2QOF
P29320	2QOI
P29320	2QOK
P29320	2QOL
P29320	2QON
P29320	2QOO
P29320	2QOQ
P29320	3DZQ
P29320	3FXX
P29320	3FY2
P29320	4G2F
P29320	4GK2
P29320	4GK3
P29320	4GK4
P29320	4L0P
P29320	4P4C
P29320	4P5Q
P29320	4P5Z
P29320	4TWN
P29320	4TWO
P29320	6IN0
O14775	7EWP
O14775	7EWR
O14775	8SG8
O14775	8SG9
O14775	8SGC
O14775	8SGL
O14775	8SH9
O14775	8SHA
O14775	8SHD
O14775	8SHE
O14775	8SHF
O14775	8SHG
O14775	8SHL
O14775	8SHN
O14775	8SHO
O14775	8SHP
O14775	8SHQ
O14775	8SHT
Q15020	2DO4
Q15020	5CTQ
Q15020	5CTR
Q15020	5CTT
Q15020	5JJW
Q15020	5JJX
Q15020	5JPZ
Q15020	7XX8
Q15020	7XX9
P43121	6LYN
P09382	1GZW
P09382	1W6M
P09382	1W6N
P09382	1W6O
P09382	1W6P
P09382	1W6Q
P09382	2KM2
P09382	2ZKN
P09382	3OY8
P09382	3OYW
P09382	3T2T
P09382	3W58
P09382	3W59
P09382	4Q1P
P09382	4Q1R
P09382	4Q26
P09382	4Q27
P09382	4Q2F
P09382	4XBL
P09382	4Y1U
P09382	4Y1V
P09382	4Y1X
P09382	4Y1Y
P09382	4Y1Z
P09382	4Y20
P09382	4Y22
P09382	4Y24
P09382	5MWT
P09382	5MWX
P09382	6B94
P09382	6F83
P09382	6M5Y
P09382	7LTA
P09382	7NML
P09382	8B0W
P09382	8B0Z
P09382	8OJP
P09382	8R74
Q96EK6	2HUZ
Q96EK6	2O28
Q96EK6	3CXP
Q96EK6	3CXQ
Q96EK6	3CXS
Q9H237	7URA
Q9H237	7URC
Q9H237	7URD
Q9H237	7URE
O75822	2KRB
O75822	3BPJ
O75822	6YBW
O75822	6ZMW
O75822	6ZVJ
Q09013	1WT6
Q09013	2VD5
P51693	3PMR
P51693	3Q7G
P51693	3Q7L
P51693	3QMK
P51693	4RD9
P51693	4RDA
P10644	5KJX
P10644	5KJY
P10644	5KJZ
Q9UNS1	4XHT
Q9UNS1	4XHU
Q9UNS1	4XHW
Q9UNS1	5MQI
Q9UNS1	6T9Q
Q9UNS1	6TAZ
Q9UNS1	7PFO
Q9UNS1	7PLO
Q9UNS1	8B9D
Q9NWX6	3OTB
Q9NWX6	3OTC
Q9NWX6	3OTD
Q9NWX6	3OTE
Q9NWX6	7CV1
Q9Y243	2X18
Q9BQP7	5ZYT
Q9BQP7	5ZYU
Q9BQP7	5ZYV
Q9BQP7	5ZYW
Q9BQP7	8XA9
P49721	4R3O
P49721	4R67
P49721	5A0Q
P49721	5GJQ
P49721	5GJR
P49721	5L4G
P49721	5LE5
P49721	5LEX
P49721	5LEY
P49721	5LEZ
P49721	5LF0
P49721	5LF1
P49721	5LF3
P49721	5LF4
P49721	5LF6
P49721	5LF7
P49721	5LN3
P49721	5M32
P49721	5T0C
P49721	5T0G
P49721	5T0H
P49721	5T0I
P49721	5T0J
P49721	5VFO
P49721	5VFP
P49721	5VFQ
P49721	5VFR
P49721	5VFS
P49721	5VFT
P49721	5VFU
P49721	6AVO
P49721	6E5B
P49721	6KWY
P49721	6MSB
P49721	6MSD
P49721	6MSE
P49721	6MSG
P49721	6MSH
P49721	6MSJ
P49721	6MSK
P49721	6R70
P49721	6REY
P49721	6RGQ
P49721	6WJD
P49721	6WJN
P49721	6XMJ
P49721	7AWE
P49721	7B12
P49721	7LXV
P49721	7NAN
P49721	7NAO
P49721	7NAP
P49721	7NAQ
P49721	7NHT
P49721	7PG9
P49721	7QXN
P49721	7QXP
P49721	7QXU
P49721	7QXW
P49721	7QXX
P49721	7QY7
P49721	7QYA
P49721	7QYB
P49721	7V5G
P49721	7V5M
P49721	7W37
P49721	7W38
P49721	7W39
P49721	7W3A
P49721	7W3B
P49721	7W3C
P49721	7W3F
P49721	7W3G
P49721	7W3H
P49721	7W3I
P49721	7W3J
P49721	7W3K
P49721	7W3M
P49721	8BZL
P49721	8CVR
P49721	8CVS
P49721	8CVT
P49721	8CXB
P49721	8QYM
P49721	8QYN
P49721	8QYO
P49721	8QYS
P49721	8QZ9
P49721	8TM4
P49721	8TM5
P49721	8TM6
P49721	8UD9
O60259	5MS3
O60259	5MS4
Q9UBL3	3RSN
Q9UBL3	3S32
Q9UBL3	3TOJ
Q9UBL3	4RIQ
Q9UBL3	4X8N
Q9UBL3	4X8P
Q9UBL3	5F6K
Q9UBL3	5F6L
Q9UBL3	6E2H
Q9UBL3	6KIU
Q9UBL3	6KIV
Q9UBL3	6KIW
Q9UBL3	6KIX
Q9UBL3	6KIZ
Q9UBL3	6PWV
Q9UBL3	6W5I
Q9UBL3	6W5M
Q9UBL3	6W5N
Q9UBL3	7BRE
Q9UBL3	7MBM
Q9UBL3	7MBN
Q9UBL3	7UD5
Q9UBL3	7W67
Q9UBL3	7W6A
Q9UBL3	7W6I
Q9UBL3	7W6J
Q9UBL3	7W6L
O15230	5XAU
O15230	7CEC
Q5VV41	1X6B
Q9UBN4	8WPL
Q9UBN4	8WPM
Q9UBN4	8WPN
P19087	6N84
P19087	6N85
O14545	2D9K
P82933	3J9M
P82933	6NU2
P82933	6NU3
P82933	6RW4
P82933	6RW5
P82933	6VLZ
P82933	6VMI
P82933	6ZM5
P82933	6ZM6
P82933	6ZS9
P82933	6ZSA
P82933	6ZSB
P82933	6ZSC
P82933	6ZSD
P82933	6ZSE
P82933	6ZSG
P82933	7A5F
P82933	7A5G
P82933	7A5I
P82933	7A5K
P82933	7L08
P82933	7OG4
P82933	7P2E
P82933	7PNX
P82933	7PNY
P82933	7PNZ
P82933	7PO0
P82933	7PO1
P82933	7PO2
P82933	7PO3
P82933	7QI4
P82933	7QI5
P82933	7QI6
P82933	8ANY
P82933	8CSP
P82933	8CSQ
P82933	8CSR
P82933	8CSS
P82933	8CST
P82933	8CSU
P82933	8K2A
P82933	8OIR
P82933	8OIS
P82933	8QRK
P82933	8QRL
P82933	8QRM
P82933	8QRN
P82933	8XT0
P82933	8XT2
Q9Y6C2	2KA3
Q9Y6C2	2OII
Q02083	6DXW
Q02083	6DXX
Q13619	2HYE
Q13619	4A0K
Q13619	7OKQ
Q13619	7OPC
Q13619	7OPD
Q13619	8B3G
Q13619	8B3I
Q9NVI1	6VAA
Q9NVI1	6VAD
Q9NVI1	6VAE
Q9NVI1	6VAF
Q9NVI1	7AY1
Q9NVI1	7ZF1
Q9NVI1	8A9J
Q9NVI1	8A9K
P59046	2L6A
P59046	4XHS
P59046	5H7N
Q99469	2DL4
Q99469	6B25
O14960	5B0H
O14960	7N2I
O14960	8G2V
Q96N11	8RBX
Q96N11	8RBZ
Q96N11	8RC4
Q96N11	9EOF
Q96N11	9EP1
Q96N11	9EP4
Q96N11	9FA4
Q96N11	9FA7
Q86UY5	4URJ
P42771	1A5E
P42771	1BI7
P42771	1DC2
P42771	2A5E
P42771	7OZT
O75794	8PHD
O75794	8PHV
Q15369	1LM8
Q15369	1LQB
Q15369	1VCB
Q15369	2C9W
Q15369	2IZV
Q15369	2MA9
Q15369	3DCG
Q15369	3ZKJ
Q15369	3ZNG
Q15369	3ZRC
Q15369	3ZRF
Q15369	3ZTC
Q15369	3ZTD
Q15369	3ZUN
Q15369	4AJY
Q15369	4AWJ
Q15369	4B95
Q15369	4B9K
Q15369	4BKS
Q15369	4BKT
Q15369	4N9F
Q15369	4W9C
Q15369	4W9D
Q15369	4W9E
Q15369	4W9F
Q15369	4W9G
Q15369	4W9H
Q15369	4W9I
Q15369	4W9J
Q15369	4W9K
Q15369	4W9L
Q15369	4WQO
Q15369	5BO4
Q15369	5LLI
Q15369	5N4W
Q15369	5NVV
Q15369	5NVW
Q15369	5NVX
Q15369	5NVY
Q15369	5NVZ
Q15369	5NW0
Q15369	5NW1
Q15369	5NW2
Q15369	5T35
Q15369	6BVB
Q15369	6C5X
Q15369	6FMI
Q15369	6FMJ
Q15369	6FMK
Q15369	6GFX
Q15369	6GFY
Q15369	6GFZ
Q15369	6GMN
Q15369	6GMQ
Q15369	6GMR
Q15369	6GMX
Q15369	6HAX
Q15369	6HAY
Q15369	6HR2
Q15369	6I4X
Q15369	6I5J
Q15369	6I5N
Q15369	6I7R
Q15369	6P59
Q15369	6R7F
Q15369	6R7H
Q15369	6R7N
Q15369	6SIS
Q15369	6V9H
Q15369	6ZHC
Q15369	7CJB
Q15369	7JTO
Q15369	7JTP
Q15369	7KHH
Q15369	7M6T
Q15369	7PI4
Q15369	7PLO
Q15369	7Q2J
Q15369	7S4E
Q15369	7UPN
Q15369	7Z6L
Q15369	7Z76
Q15369	7Z77
Q15369	7ZLM
Q15369	7ZLN
Q15369	7ZLO
Q15369	7ZLP
Q15369	7ZLR
Q15369	7ZLS
Q15369	7ZNT
Q15369	8BB2
Q15369	8BB3
Q15369	8BB4
Q15369	8BB5
Q15369	8BDI
Q15369	8BDJ
Q15369	8BDL
Q15369	8BDM
Q15369	8BDN
Q15369	8BDO
Q15369	8BDS
Q15369	8BDT
Q15369	8BDX
Q15369	8BEB
Q15369	8C13
Q15369	8CQE
Q15369	8CQK
Q15369	8CQL
Q15369	8CX0
Q15369	8CX1
Q15369	8CX2
Q15369	8EBN
Q15369	8EI3
Q15369	8EWV
Q15369	8FVI
Q15369	8FVJ
Q15369	8FY0
Q15369	8FY1
Q15369	8FY2
Q15369	8G1P
Q15369	8G1Q
Q15369	8IJ1
Q15369	8JAL
Q15369	8JAQ
Q15369	8JAR
Q15369	8JAS
Q15369	8JAU
Q15369	8JAV
Q15369	8JE1
Q15369	8JE2
Q15369	8OEV
Q15369	8OEW
Q15369	8OF0
Q15369	8OKX
Q15369	8OL1
Q15369	8P0F
Q15369	8PC2
Q15369	8PQL
Q15369	8Q7R
Q15369	8QJR
Q15369	8QJS
Q15369	8QU8
Q15369	8QVU
Q15369	8QW6
Q15369	8QW7
Q15369	8R5H
Q15369	8SH2
Q15369	8SZK
Q15369	8VL9
Q15369	8VLB
Q15369	8WQA
Q15369	8WQB
Q15369	8WQC
Q15369	8WQE
Q15369	8WQF
Q15369	8WQG
Q15369	8WQH
Q15369	9BJU
Q15369	9BOL
Q15369	9EQJ
Q15369	9EQM
P98073	4DGJ
P98073	6ZOV
P98073	7WQX
P18859	8H9G
P18859	8H9K
P18859	8H9N
P18859	8H9R
P18859	8H9S
P18859	8H9T
P18859	8H9U
P18859	8H9V
P18859	8KI3
P21283	6WM2
P21283	6WM3
P21283	6WM4
P21283	7U4T
P21283	7UNF
Q13009	2D8I
Q13009	3KZD
Q13009	3KZE
Q13009	4GVC
Q13009	4GVD
Q13009	4K2O
Q13009	4K2P
Q13009	4NXP
Q13009	4NXQ
Q13009	4NXR
Q6ZW49	3SQD
Q01130	2KN4
Q01130	2LEA
Q01130	2LEB
Q01130	2LEC
P55089	2RMF
P55089	3N96
P55089	6PB0
P55089	6PB1
P55089	7TRY
P55089	7TS0
Q9BQS8	5CX3
Q9BQS8	5D94
Q9BQS8	7BQI
P08758	1ANW
P08758	1ANX
P08758	1AVH
P08758	1AVR
P08758	1HAK
P08758	1HVD
P08758	1HVE
P08758	1HVF
P08758	1HVG
P08758	1SAV
P08758	2XO2
P08758	2XO3
P08758	6K22
P08758	6K25
P08758	8GYC
P08758	8H0J
P08758	8H9Z
Q63HQ2	7ZC9
Q63HQ2	7ZCB
Q63HQ2	8D1B
Q8NEN9	7F6J
Q13586	2K60
Q13586	2MAJ
Q13586	2MAK
Q13586	3TEQ
Q13586	4O9B
Q13586	6YEL
Q9NX09	3LQ9
Q9NX09	7MOP
Q15019	2QA5
Q15019	2QAG
Q15019	2QNR
Q15019	6UPA
Q15019	6UPQ
Q15019	6UPR
Q15019	7M6J
Q8WYH8	3C6W
Q8WYH8	5ME8
Q8WYH8	5MTO
P51692	6MBW
P51692	6MBZ
Q9H4I2	2DA5
Q9H4I2	2DN0
P53990	3FRR
P53990	3FRS
P53990	3JC1
P53990	4U7E
P53990	4U7I
P53990	4U7Y
P53990	4WZX
P53990	6E8G
P53990	6TZ4
P53990	6TZ5
P53990	6TZA
P53990	7S7J
P53990	8UC6
P63261	5JLH
P63261	6CXI
P63261	6CXJ
P63261	6G2T
P63261	6V62
P63261	6V63
P63261	6WK1
P63261	6WK2
P63261	7NVM
P63261	8DNF
Q96P65	8WZ2
Q96P65	8ZH8
P49789	1FHI
P49789	1FIT
P49789	2FHI
P49789	2FIT
P49789	3FIT
P49789	4FIT
P49789	5FIT
P49789	6FIT
P49789	7P8P
P46597	4A6D
P46597	4A6E
Q9Y2Q3	1YZX
Q9Y2Q3	3RPN
Q9Y2Q3	3RPP
Q9NQT8	2COW
Q9NQT8	3FM8
Q9NQT8	3GBJ
Q9NQT8	3MDB
Q9Y2H1	5XQZ
A0A2R8Y7D0	7MRJ
O95868	7S4G
P22304	5FQL
P22304	6IOZ
O60449	7JPT
O60449	7JPU
O60449	8HBC
O60449	8K8H
P08754	2IHB
P08754	2ODE
P08754	2V4Z
P08754	4G5O
P08754	4G5R
P08754	4G5S
P08754	7E9H
P08754	7KH0
P08754	7RA3
P08754	7RGP
P08754	7T10
P08754	7T11
P08754	7X6I
P08754	8GVX
P08754	8JD6
P08754	8K9L
P08754	8OY1
P08754	8SZH
P08754	8SZI
P08754	9AVL
P17947	8E3K
P17947	8E3R
P17947	8E4H
P17947	8E5Y
P17947	8EBH
P17947	8EE9
P17947	8EJ6
P17947	8EJ8
P17947	8EK3
P17947	8EK8
P17947	8EKJ
P17947	8EKU
P17947	8EKV
P17947	8EKZ
P17947	8EM9
P17947	8EMD
P17947	8ENG
P17947	8EO1
P17947	8EO4
P17947	8EQG
P17947	8EQK
P17947	8EQL
P17947	8T9U
P17947	8UFF
P17947	8UFK
P17947	8UFZ
P17947	8UHK
P17947	8V9N
P17947	8VDH
P17947	8VDI
Q9GZY6	3MAZ
Q9Y5X3	1SYS
Q9Y5X3	5TGH
Q9Y5X3	5TGI
Q9Y5X3	5TGJ
Q9Y5X3	5WY2
Q9Y5X3	6N5X
Q9Y5X3	6N5Y
Q9Y5X3	6N5Z
Q9Y5X3	8A1G
Q9Y5X3	8ABQ
Q9Y5X3	8AFZ
O00311	4F99
O00311	4F9A
O00311	4F9B
O00311	4F9C
O00311	5UWQ
O00311	5UWR
O00311	6YA6
O00311	6YA7
O00311	6YA8
Q9H1I8	2DI0
Q9H1I8	6YXQ
Q9H3E2	5WOE
Q9H3E2	7SR1
Q9H3E2	7SR2
O14776	2DK7
O14776	2DOD
O14776	2DOE
O14776	2DOF
O14776	2E71
O14776	2KIQ
O14776	2KIS
O14776	2MW9
O14776	2MWA
O14776	2MWB
O14776	2MWD
O14776	2MWE
O14776	2MWF
O14776	2N4R
O14776	2N4S
O14776	2N4T
O14776	2N4U
O14776	2N4V
O14776	2N4W
O14776	2NNT
O14776	3HFH
O14776	3Q1I
O14776	4FQG
O14776	7ABF
O14776	7ABG
O14776	8Q7N
O14776	8QO9
P41182	1R28
P41182	1R29
P41182	1R2B
P41182	2EN2
P41182	2EOS
P41182	2LCE
P41182	2YRM
P41182	3BIM
P41182	3E4U
P41182	3LBZ
P41182	4CP3
P41182	4U2M
P41182	5H7G
P41182	5H7H
P41182	5MW2
P41182	5MW6
P41182	5MWD
P41182	5N1X
P41182	5N1Z
P41182	5N20
P41182	5N21
P41182	5X4M
P41182	5X4N
P41182	5X4O
P41182	5X4P
P41182	5X4Q
P41182	5X9O
P41182	5X9P
P41182	6C3L
P41182	6C3N
P41182	6CQ1
P41182	6EW6
P41182	6EW7
P41182	6EW8
P41182	6TBT
P41182	6TCJ
P41182	6TOF
P41182	6TOG
P41182	6TOH
P41182	6TOI
P41182	6TOJ
P41182	6TOK
P41182	6TOL
P41182	6TOM
P41182	6TON
P41182	6TOO
P41182	6XMX
P41182	6XWF
P41182	6XXS
P41182	6XYX
P41182	6XZZ
P41182	6Y17
P41182	6ZBU
P41182	7BDE
P41182	7LWE
P41182	7LWF
P41182	7LWG
P41182	7LZQ
P41182	7LZR
P41182	7LZS
P41182	7OKD
P41182	7OKE
P41182	7OKF
P41182	7OKG
P41182	7OKH
P41182	7OKI
P41182	7OKJ
P41182	7OKK
P41182	7OKL
P41182	7OKM
P41182	7Q7R
P41182	7Q7S
P41182	7Q7T
P41182	7Q7U
P41182	7Q7V
P41182	7QK0
P41182	7RUW
P41182	7RUX
P41182	7RUY
P41182	7RUZ
P41182	7RV0
P41182	7RV1
P41182	7RV2
P41182	7RV3
P41182	7RV4
P41182	7RV5
P41182	7RV6
P41182	7RV7
P41182	7RV8
P41182	7RV9
P41182	7T0S
P41182	7T0T
P41182	7T0U
P41182	7ZWN
P41182	7ZWO
P41182	7ZWP
P41182	7ZWQ
P41182	7ZWR
P41182	7ZWS
P41182	7ZWT
P41182	7ZWU
P41182	7ZWV
P41182	7ZWW
P41182	7ZWX
P41182	7ZWY
P41182	7ZWZ
P41182	8AS9
P41182	8C78
P83731	4UG0
P83731	4V6X
P83731	5A2Q
P83731	5AJ0
P83731	5LKS
P83731	5T2C
P83731	6IP5
P83731	6IP6
P83731	6IP8
P83731	6LQM
P83731	6LSR
P83731	6OLE
P83731	6OLF
P83731	6OLG
P83731	6OLI
P83731	6OLZ
P83731	6OM0
P83731	6OM7
P83731	6QZP
P83731	6W6L
P83731	6XA1
P83731	6Y0G
P83731	6Y2L
P83731	6Y57
P83731	6Y6X
P83731	6Z6L
P83731	6Z6M
P83731	6Z6N
P83731	6ZM7
P83731	6ZME
P83731	6ZMI
P83731	6ZMO
P83731	7BHP
P83731	7F5S
P83731	7OW7
P83731	7XNX
P83731	7XNY
P83731	8A3D
P83731	8G5Y
P83731	8G60
P83731	8G61
P83731	8G6J
P83731	8GLP
P83731	8IFD
P83731	8IFE
P83731	8JDJ
P83731	8JDK
P83731	8JDL
P83731	8JDM
P83731	8K2C
P83731	8OHD
P83731	8OJ0
P83731	8OJ5
P83731	8OJ8
P83731	8QFD
P83731	8QOI
P83731	8XSX
P83731	8XSY
P83731	8XSZ
P83731	8Y0W
P83731	8Y0X
P83731	8YOO
P83731	8YOP
P83731	9G8M
P83731	9GMO
O00141	2R5T
O00141	3HDM
O00141	3HDN
O00141	7PUE
Q9HD23	8IP3
Q9HD23	8IP4
Q9HD23	8IP5
Q9HD23	8IP6
Q9HD23	8TS1
Q9HD23	8TS2
Q9HD23	8TS3
Q9HD23	8TUL
Q9HD23	8TUP
O15541	5Z56
O15541	5Z58
O15541	6FF4
O15541	6FF7
O15541	7DVQ
O15541	7QTT
O15541	8CH6
O15541	8I0R
O15541	8I0S
O15541	8I0T
O15541	8I0U
P16435	1B1C
P16435	3FJO
P16435	3QE2
P16435	3QFC
P16435	3QFR
P16435	3QFS
P16435	3QFT
P16435	5EMN
P16435	5FA6
Q5RL73	7DVQ
P17752	1MLW
P17752	3HF6
P17752	3HF8
P17752	3HFB
P17752	5J6D
P17752	5L01
P17752	5TPG
P17752	7ZIF
P17752	7ZIG
P17752	7ZIH
P17752	7ZII
P17752	7ZIJ
P17752	7ZIK
P17752	8CJI
P17752	8CJJ
P17752	8CJK
P17752	8CJL
P17752	8CJM
P17752	8CJN
P17752	8CJO
P50461	2O10
P50461	2O13
P61803	6S7O
P61803	6S7T
P61803	8B6L
P61803	8PN9
P61353	4UG0
P61353	4V6X
P61353	5AJ0
P61353	5LKS
P61353	5T2C
P61353	6IP5
P61353	6IP6
P61353	6IP8
P61353	6LQM
P61353	6LSR
P61353	6LSS
P61353	6LU8
P61353	6OLE
P61353	6OLF
P61353	6OLG
P61353	6OLI
P61353	6OLZ
P61353	6OM0
P61353	6OM7
P61353	6QZP
P61353	6W6L
P61353	6XA1
P61353	6Y0G
P61353	6Y2L
P61353	6Y57
P61353	6Y6X
P61353	6Z6L
P61353	6Z6M
P61353	6Z6N
P61353	6ZM7
P61353	6ZME
P61353	6ZMI
P61353	6ZMO
P61353	7BHP
P61353	7F5S
P61353	7OW7
P61353	8A3D
P61353	8FKY
P61353	8FKZ
P61353	8FL2
P61353	8FL3
P61353	8FL4
P61353	8FL6
P61353	8FL7
P61353	8FL9
P61353	8FLA
P61353	8FLB
P61353	8FLC
P61353	8FLD
P61353	8FLE
P61353	8FLF
P61353	8G5Y
P61353	8G5Z
P61353	8G60
P61353	8G61
P61353	8G6J
P61353	8GLP
P61353	8IDT
P61353	8IDY
P61353	8IE3
P61353	8IFD
P61353	8IFE
P61353	8INE
P61353	8INF
P61353	8INK
P61353	8IPD
P61353	8IPX
P61353	8IPY
P61353	8IR1
P61353	8IR3
P61353	8JDJ
P61353	8JDK
P61353	8JDL
P61353	8JDM
P61353	8K2C
P61353	8OHD
P61353	8OJ0
P61353	8OJ5
P61353	8OJ8
P61353	8QFD
P61353	8QOI
P61353	8XSX
P61353	8XSY
P61353	8XSZ
P61353	8Y0W
P61353	8Y0X
P61353	8YOO
P61353	8YOP
P61353	9G8M
P61353	9GMO
Q9UKK6	1JKG
Q9UKK6	1JN5
Q9UKK6	4WYK
Q9UKK6	6E5U
P57735	2OIL
P57735	3TSO
Q14896	1GXE
Q14896	1PD6
Q14896	2AVG
Q14896	2K1M
Q14896	2MQ0
Q14896	2MQ3
Q14896	2V6H
Q14896	3CX2
Q14896	5K6P
Q14896	6CXI
Q14896	6CXJ
Q14896	6G2T
Q14896	7LRG
Q14896	7TIJ
Q14896	7TIT
Q14896	7TJ7
Q14896	8G4L
O75348	6WLZ
O75348	6WM2
O75348	6WM3
O75348	6WM4
O75348	7U4T
O75348	7UNF
P01106	1A93
P01106	1EE4
P01106	1MV0
P01106	1NKP
P01106	2A93
P01106	2OR9
P01106	4Y7R
P01106	5I4Z
P01106	5I50
P01106	6C4U
P01106	6E16
P01106	6E24
P01106	6G6J
P01106	6G6K
P01106	6G6L
P01106	7T1Y
P01106	7T1Z
P01106	8J2Q
P01106	8OTS
P01106	8OTT
P01106	8Q1N
P01106	8WLG
P01106	8X8S
P01106	8X8V
Q8N9N2	8TLY
P12429	1AII
P12429	1AXN
P49458	1E8O
P49458	1E8S
P49458	1RY1
P49458	4UYJ
P49458	4UYK
P49458	5AOX
P49458	7NFX
Q9Y5M8	7NFX
P48995	8WPL
P48995	8WPM
Q96PU4	1WY8
Q96PU4	1Z6U
Q96PU4	2E6S
Q96PU4	3OLN
Q96PU4	4PW5
Q96PU4	4PW6
Q96PU4	4PW7
Q96PU4	4TVR
Q96PU4	5YCO
Q96E11	6NU2
Q96E11	6ZS9
Q96E11	7L08
Q96E11	7L20
Q96E11	7NSH
Q96E11	7NSI
Q155Q3	3PZ7
Q9H974	7NQ4
Q9H974	8OMR
Q01543	1FLI
Q01543	1X66
Q01543	2YTU
Q01543	5E8G
Q01543	5E8I
Q01543	5JVT
Q01543	6VG2
Q01543	6VG8
Q01543	6VGD
Q15678	2BZL
Q15678	6IWD
Q15678	6JJW
Q15118	2Q8F
Q15118	2Q8G
Q15118	2Q8H
Q969Q1	2D8U
Q969Q1	3DDT
Q969Q1	4M3L
O60318	4DHX
Q6IQ20	4QN9
Q6IQ20	8P90
Q6IQ20	8P96
Q6IQ20	8PC4
P14207	4KMY
P14207	4KMZ
P14207	4KN0
P14207	4KN1
P14207	4KN2
Q6QEF8	7KYX
P23919	1E2D
P23919	1E2E
P23919	1E2F
P23919	1E2G
P23919	1E2Q
P23919	1E98
P23919	1E99
P23919	1E9A
P23919	1E9B
P23919	1E9C
P23919	1E9D
P23919	1E9E
P23919	1E9F
P23919	1NMX
P23919	1NMY
P23919	1NMZ
P23919	1NN0
P23919	1NN1
P23919	1NN3
P23919	1NN5
P23919	2XX3
Q9UK73	6LBF
Q9UK73	7CNG
Q9UK73	7EL6
Q9UK73	8IJ1
Q9UK73	8JE1
Q9UK73	8JE2
Q9UK73	8WQA
Q9UK73	8WQB
Q9UK73	8WQC
Q9UK73	8WQD
Q9UK73	8WQE
Q9UK73	8WQF
Q9UK73	8WQG
Q9UK73	8WQH
Q9UK73	8WQI
P47897	4R3Z
P47897	4YE6
P47897	4YE8
P47897	4YE9
Q99731	2MP1
Q99731	7STA
Q9ULJ3	1WJP
P04818	1HVY
P04818	1HW3
P04818	1HW4
P04818	1HZW
P04818	1I00
P04818	1JU6
P04818	1JUJ
P04818	1YPV
P04818	2ONB
P04818	2RD8
P04818	2RDA
P04818	3EAW
P04818	3EBU
P04818	3ED7
P04818	3EDW
P04818	3EF9
P04818	3EGY
P04818	3EHI
P04818	3EJL
P04818	3GG5
P04818	3GH0
P04818	3GH2
P04818	3H9K
P04818	3HB8
P04818	3N5E
P04818	3N5G
P04818	3OB7
P04818	4E28
P04818	4FGT
P04818	4G2O
P04818	4G6W
P04818	4GD7
P04818	4GYH
P04818	4H1I
P04818	4JEF
P04818	4KPW
P04818	4O1U
P04818	4O1X
P04818	4UP1
P04818	5HS3
P04818	5WRN
P04818	5X4W
P04818	5X4X
P04818	5X4Y
P04818	5X5A
P04818	5X5D
P04818	5X5Q
P04818	5X66
P04818	5X67
P04818	5X69
P04818	6OJU
P04818	6OJV
P04818	6PF3
P04818	6PF4
P04818	6PF5
P04818	6PF6
P04818	6QXG
P04818	6QXH
P04818	6QYQ
P04818	6R2E
P04818	6ZXO
Q8TD84	1VA9
P15391	6AL5
P15391	7JIC
P15391	7URV
P15391	7URX
Q5T5X7	5JNO
Q5T5X7	7W27
Q9H4P4	2FZP
Q9H4P4	2GWF
Q5T890	6HQ9
Q5T890	8COB
Q7RTR0	6Z2G
Q7RTR0	7BSO
P21333	2AAV
P21333	2BP3
P21333	2BRQ
P21333	2J3S
P21333	2JF1
P21333	2K3T
P21333	2K7P
P21333	2K7Q
P21333	2MTP
P21333	2W0P
P21333	2WFN
P21333	3CNK
P21333	3HOC
P21333	3HOP
P21333	3HOR
P21333	3ISW
P21333	3RGH
P21333	4M9P
P21333	4P3W
P21333	5XR1
P21333	6D8C
P21333	6EW1
P21333	7SC4
P21333	7SFT
Q14203	1TXQ
Q14203	2COY
Q14203	2HKN
Q14203	2HKQ
Q14203	2HL3
Q14203	2HL5
Q14203	2HQH
Q14203	3E2U
Q14203	3TQ7
A8MYU2	4HPF
O75340	2ZN8
O75340	2ZN9
O75340	2ZND
O75340	2ZNE
O75340	2ZRS
O75340	2ZRT
O75340	3AAJ
O75340	3AAK
O75340	3WXA
O75340	5GQQ
Q9UHF4	4DOH
Q9NRX4	2AI6
Q9NRX4	2HW4
Q9NRX4	2NMM
Q9NRX4	2OZW
Q9NRX4	2OZX
Q9Y2X3	7MQ8
Q9Y2X3	7MQ9
Q9Y2X3	7MQA
P23588	1WI8
P23588	2J76
P23588	6FEC
Q8TBB1	3B76
Q8TBB1	5H7R
Q8TBB1	5H7S
Q14966	6SXW
O60307	1V9V
O60307	3KHF
P09601	1N3U
P09601	1N45
P09601	1NI6
P09601	1OYK
P09601	1OYL
P09601	1OZE
P09601	1OZL
P09601	1OZR
P09601	1OZW
P09601	1S13
P09601	1S8C
P09601	1T5P
P09601	1TWN
P09601	1TWR
P09601	1XJZ
P09601	1XK0
P09601	1XK1
P09601	1XK2
P09601	1XK3
P09601	3CZY
P09601	3HOK
P09601	3K4F
P09601	3TGM
P09601	4WD4
P09601	5BTQ
P09601	6EHA
O75150	8GUI
O75150	8GUJ
O75150	8IEJ
Q9NVM6	2D9O
Q9Y2H9	2M9X
Q9Y2H9	3PS4
Q9H0W8	6L54
Q9H0W8	6SYT
Q9H0W8	6Z3R
Q9H0W8	7PW4
Q9H0W8	7PW5
Q9H0W8	7PW7
Q9H0W8	7PW8
Q9H0W8	7PW9
Q9H0W8	8FE7
Q9UNL4	2K1J
Q9UNL4	2M1R
Q9UNL4	2PNX
Q9UNL4	2VNF
Q9UNL4	4AFL
P11488	3RBQ
O00482	1YOK
O00482	1YUC
O00482	1ZDU
O00482	2A66
O00482	3PLZ
O00482	3TX7
O00482	4DOR
O00482	4DOS
O00482	4IS8
O00482	4ONI
O00482	4PLD
O00482	4PLE
O00482	4RWV
O00482	5L0M
O00482	5L11
O00482	5SYZ
O00482	5UNJ
O00482	6OQX
O00482	6OQY
O00482	6OR1
O00482	6VC2
O00482	6VIF
O00482	7JYD
O00482	7JYE
O00482	7TT8
O00482	8F8M
O00482	8PKI
P82914	3J9M
P82914	6NU2
P82914	6NU3
P82914	6RW4
P82914	6RW5
P82914	6VLZ
P82914	6VMI
P82914	6ZM5
P82914	6ZM6
P82914	6ZS9
P82914	6ZSA
P82914	6ZSB
P82914	6ZSC
P82914	6ZSD
P82914	6ZSE
P82914	6ZSG
P82914	7A5F
P82914	7A5G
P82914	7A5I
P82914	7A5K
P82914	7L08
P82914	7OG4
P82914	7P2E
P82914	7PNX
P82914	7PNY
P82914	7PNZ
P82914	7PO0
P82914	7PO1
P82914	7PO2
P82914	7PO3
P82914	7QI4
P82914	7QI5
P82914	7QI6
P82914	8ANY
P82914	8CSP
P82914	8CSQ
P82914	8CSR
P82914	8CSS
P82914	8CST
P82914	8CSU
P82914	8K2A
P82914	8OIR
P82914	8OIS
P82914	8QRK
P82914	8QRL
P82914	8QRM
P82914	8QRN
P82914	8XT0
P82914	8XT2
P0CE72	1TTX
Q15398	7ZX4
Q15398	8X9P
Q96RI0	2ZPK
Q96RI0	3QDZ
P58004	5CUF
P58004	5DJ4
P58004	5T0N
P58004	6N0M
Q7L5Y1	4A35
O60894	2YX8
O60894	3N7P
O60894	3N7R
O60894	3N7S
O60894	4RWG
O60894	5V6Y
O60894	6D1U
O60894	6E3Y
O60894	6UMG
O60894	6ZHO
O60894	6ZIS
O60894	7KNT
O60894	7KNU
O60894	7P0F
O60894	7P0I
O60894	7TYF
O60894	7TYW
O60894	8AX5
O60894	8AX6
O60894	8AX7
O60894	9AUC
Q8N0X7	2DL1
Q8N0X7	4U7I
Q9BZP6	2YBT
Q9BZP6	2YBU
Q9BZP6	3FXY
Q9BZP6	3FY1
Q9BZP6	3RM4
Q9BZP6	3RM8
Q9BZP6	3RM9
Q9BZP6	3RME
Q13285	1YOW
Q13285	1ZDT
Q13285	4QJR
Q13285	4QK4
Q13285	7KHT
Q13285	8DAF
Q6ZT98	4YLR
Q6ZT98	4YLS
Q9BYV2	3Q1D
Q96JP0	6LBG
Q96JP0	6LBN
Q96JP0	6LDP
Q96JP0	6LE6
Q96JP0	6LEN
Q96JP0	6LEY
Q96JP0	6LF0
Q96JP0	6XKC
Q96JP0	7JYA
Q96JP0	8PQL
Q96JP0	8Q7R
P21281	6WLZ
P21281	6WM2
P21281	6WM3
P21281	6WM4
P21281	7U4T
P21281	7UNF
Q12778	3CO6
Q12778	3CO7
Q12778	3COA
Q12778	4LG0
Q12778	5DUI
Q12778	6LBI
Q12778	6QVW
Q12778	6QZR
Q12778	6QZS
Q12778	8A62
Q12778	8A65
Q13503	7EMF
Q13503	7ENA
Q13503	7ENC
Q13503	7ENJ
Q13503	7LBM
Q13503	7NVR
Q13503	8GXQ
Q13503	8GXS
Q13503	8T9D
Q13503	8TQW
Q13503	8TRH
Q13239	2CUD
P45844	7FDV
P45844	7OZ1
P45844	7R8C
P45844	7R8D
P45844	7R8E
Q01081	1JMT
P15538	6M7X
P15538	7E7F
P53582	2B3H
P53582	2B3K
P53582	2B3L
P53582	2G6P
P53582	2GZ5
P53582	2NQ6
P53582	2NQ7
P53582	4FLI
P53582	4FLJ
P53582	4FLK
P53582	4FLL
P53582	4HXX
P53582	4IKR
P53582	4IKS
P53582	4IKT
P53582	4IKU
P53582	4IU6
P53582	4U1B
P53582	4U69
P53582	4U6C
P53582	4U6E
P53582	4U6J
P53582	4U6W
P53582	4U6Z
P53582	4U70
P53582	4U71
P53582	4U73
P53582	4U75
P53582	4U76
P53582	5YKP
P53582	5YR4
P53582	5YR5
P53582	5YR6
P53582	5YR7
P53582	6LZB
P53582	6LZC
P53582	8P2K
P53582	9F1C
P53582	9F1D
P53582	9FQ0
Q13257	1DUJ
Q13257	1GO4
Q13257	1KLQ
Q13257	1S2H
Q13257	2QYF
Q13257	2V64
Q13257	2VFX
Q13257	3GMH
Q13257	5KHU
Q13257	5LCW
Q13257	6F0X
Q13257	6TLJ
Q969S9	7L20
Q969S9	7NSH
Q96LW7	4DWN
Q96LW7	4FH0
Q96JQ0	8EGW
Q96JQ0	8EGX
Q92817	4QMD
Q9H1J1	2L08
Q9H1J1	7QG6
Q53H47	3BO5
Q53H47	3F2K
Q53H47	3K9J
Q53H47	3K9K
Q53H47	7S03
P99999	1J3S
P99999	2N3Y
P99999	2N9I
P99999	2N9J
P99999	3NWV
P99999	3ZCF
P99999	3ZOO
P99999	5EXQ
P99999	5O10
P99999	5TY3
P99999	6DUJ
P99999	6ECJ
P99999	6XNK
P62879	9AVL
Q12983	2J5D
Q12983	2KA1
Q12983	2KA2
Q86UU9	2MOC
Q9Y2K5	1WHR
P18754	1A12
P18754	1I2M
P18754	5E1B
P18754	5E1D
P18754	5E1M
P18754	5E1O
P18754	5E2A
P18754	5E2B
P18754	5TBK
P18754	6DUB
P18754	8UX1
Q495A1	3Q0H
Q495A1	3RQ3
Q495A1	3UCR
Q495A1	3UDW
Q495A1	5V52
Q495A1	7VYT
Q495A1	8JEL
Q495A1	8JEN
Q495A1	8JEO
Q495A1	8SZY
P35523	6COY
P35523	6COZ
P35523	6QV6
P35523	6QVB
P35523	6QVC
P35523	6QVD
P35523	6QVU
A0PK00	7F73
Q12797	5APA
Q12797	5JQY
Q12797	5JTC
Q12797	5JZ6
Q12797	5JZ8
Q12797	5JZA
Q12797	5JZU
Q12797	6Q9F
Q12797	6Q9I
Q12797	6QA5
Q12797	6RK9
Q12797	6YYU
Q12797	6YYV
Q12797	6YYW
Q12797	6YYX
Q12797	6YYY
Q12797	6Z6Q
Q12797	6Z6R
Q12797	7BMI
Q12797	7BMJ
Q12797	7E6J
Q12797	7YB8
Q12797	7YB9
Q12797	7YBA
Q12797	7YBB
Q12797	7YBC
P29972	1FQY
P29972	1H6I
P29972	1IH5
P29972	4CSK
P29972	6POJ
P29972	7UZE
P29972	8CT2
P29972	8CTE
Q8NA31	5WIR
Q8NA31	5XUP
Q8NA31	6J07
Q14241	4HFX
Q14241	6ZUZ
Q14241	8OEV
Q14241	8OEW
Q14241	8OF0
Q9UL62	6YSN
Q9UL62	7D4P
Q9UL62	7D4Q
Q9UL62	7E4T
Q9UL62	7WDB
Q9UL62	7X6C
Q9UL62	7X6I
Q9UL62	8GVW
Q9UL62	8GVX
P54105	6V0O
Q6ZRS2	6IGM
Q6ZRS2	8X15
Q6ZRS2	8X19
Q6ZRS2	8X1C
Q9NWU5	3J7Y
Q9NWU5	5OOL
Q9NWU5	5OOM
Q9NWU5	6NU2
Q9NWU5	6NU3
Q9NWU5	6ZM5
Q9NWU5	6ZM6
Q9NWU5	6ZSA
Q9NWU5	6ZSB
Q9NWU5	6ZSC
Q9NWU5	6ZSD
Q9NWU5	6ZSE
Q9NWU5	6ZSG
Q9NWU5	7A5F
Q9NWU5	7A5G
Q9NWU5	7ODR
Q9NWU5	7ODS
Q9NWU5	7ODT
Q9NWU5	7OF0
Q9NWU5	7OF2
Q9NWU5	7OF3
Q9NWU5	7OF4
Q9NWU5	7OF5
Q9NWU5	7OF6
Q9NWU5	7OF7
Q9NWU5	7OG4
Q9NWU5	7OI6
Q9NWU5	7OI7
Q9NWU5	7OI8
Q9NWU5	7OI9
Q9NWU5	7OIA
Q9NWU5	7OIB
Q9NWU5	7OIC
Q9NWU5	7OID
Q9NWU5	7OIE
Q9NWU5	7PD3
Q9NWU5	7PO4
Q9NWU5	7QH6
Q9NWU5	7QH7
Q9NWU5	7QI4
Q9NWU5	7QI5
Q9NWU5	7QI6
Q9NWU5	8ANY
Q9NWU5	8OIR
Q9NWU5	8OIT
Q9NWU5	8PK0
Q9NWU5	8QSJ
Q9NWU5	8QU1
Q9NWU5	8QU5
P21953	1DTW
P21953	1OLS
P21953	1OLU
P21953	1OLX
P21953	1U5B
P21953	1V11
P21953	1V16
P21953	1V1M
P21953	1V1R
P21953	1WCI
P21953	1X7W
P21953	1X7X
P21953	1X7Y
P21953	1X7Z
P21953	1X80
P21953	2BEU
P21953	2BEV
P21953	2BEW
P21953	2BFB
P21953	2BFC
P21953	2BFD
P21953	2BFE
P21953	2BFF
P21953	2J9F
Q8NDL9	8V3M
Q8NDL9	8V3N
Q8NDL9	8V3O
Q8NDL9	8V3P
Q8NDL9	8V3Q
Q8NDL9	8V3R
Q8NDL9	8V3S
Q8NDL9	8V4K
Q8NDL9	8V4L
Q8NDL9	8V4M
O14782	3B6V
O95696	2KU3
O95696	2L43
O95696	2LQ6
O95696	3LYI
O95696	3RCW
O95696	4Z02
O95696	5AME
O95696	5AMF
O95696	5FG6
O95696	5GK9
O95696	5N49
O95696	5PNX
O95696	5PNY
O95696	5PNZ
O95696	5PO0
O95696	5PO1
O95696	5PO2
O95696	5PO3
O95696	5PO4
O95696	5PO5
O95696	5PO6
O95696	5PO7
O95696	5PO8
O95696	5PO9
O95696	5POA
O95696	5POB
O95696	5POC
O95696	5POD
O95696	5POE
O95696	5POF
O95696	5POG
O95696	5POH
O95696	5POI
O95696	5POJ
O95696	5POK
O95696	5POL
O95696	5POM
O95696	5PON
O95696	5POO
O95696	5POP
O95696	5POQ
O95696	5POR
O95696	5POS
O95696	5POT
O95696	5POU
O95696	5POV
O95696	5POW
O95696	5POX
O95696	5POY
O95696	5POZ
O95696	5PP0
O95696	5PP1
O95696	5PP2
O95696	5PP3
O95696	5PP4
O95696	5PP5
O95696	5PP6
O95696	5PP7
O95696	5PP8
O95696	5PP9
O95696	5PPA
O95696	5PPB
O95696	5PPC
O95696	5PPD
O95696	5PPE
O95696	5PPF
O95696	5PPG
O95696	5PPH
O95696	5PPI
O95696	5PPJ
O95696	5PPK
O95696	5PPL
O95696	5PPM
O95696	5PPN
O95696	5PPO
O95696	5PPP
O95696	5PPQ
O95696	5PPR
O95696	5PPS
O95696	5PPT
O95696	5PPU
O95696	5PPV
O95696	5PPW
O95696	5PPX
O95696	5PPY
O95696	5PPZ
O95696	5PQ0
O95696	5PQ1
O95696	5PQ2
O95696	5PQ3
O95696	5PQ4
O95696	5PQ5
O95696	5PQ6
O95696	5PQ7
O95696	5PQ8
O95696	5PQ9
O95696	5PQA
O95696	5PQB
O95696	5PQC
O95696	5PQD
O95696	5PQE
O95696	5PQF
O95696	5PQG
O95696	5PQH
O95696	5PQI
O95696	5PQJ
O95696	5PQK
O95696	5PQL
O95696	5PQM
O95696	5PQN
O95696	5PQO
O95696	5PQP
O95696	5PQQ
O95696	5PQR
O95696	5PQS
O95696	5PQT
O95696	5PQU
O95696	5PQV
O95696	5PQW
O95696	5PQX
O95696	5PQY
O95696	5PQZ
O95696	5PR0
O95696	5PR1
O95696	5PR2
O95696	5PR4
O95696	5PR5
O95696	5PR6
O95696	5PR7
O95696	5PR8
O95696	5PR9
O95696	5PRA
O95696	5PRB
O95696	5PRD
O95696	5PRE
O95696	5PRF
O95696	5PRG
O95696	5PRH
O95696	5PRI
O95696	5PRJ
O95696	5PRK
O95696	5PRL
O95696	5PRM
O95696	5PRO
O95696	5PRP
O95696	5PRQ
O95696	5PRR
O95696	5PRS
O95696	5PRT
O95696	5PRU
O95696	5PRV
O95696	5PRW
O95696	5PRX
O95696	5PRY
O95696	5PRZ
O95696	5PS0
O95696	5PS1
O95696	5PS2
O95696	5PS3
O95696	5PS4
O95696	5PS5
O95696	5PS6
O95696	5PS7
O95696	5PS8
O95696	5PS9
O95696	5PSA
O95696	5PSB
O95696	5PSC
O95696	5PSD
O95696	5PSE
O95696	5PSF
O95696	5PSG
O95696	5PSH
O95696	5PSI
O95696	5PSJ
O95696	5PSK
O95696	5PSL
O95696	5PSM
O95696	5PSN
O95696	5PSO
O95696	5PSP
O95696	5PSQ
O95696	5PSR
O95696	5PSS
O95696	5PST
O95696	5PSU
O95696	5PSV
O95696	5PSW
O95696	5PSX
O95696	5PSY
O95696	5PSZ
O95696	5PT0
O95696	5PT1
O95696	5PT2
O95696	5PT3
O95696	5PT4
O95696	5PT5
O95696	5PT6
O95696	5PT7
O95696	5PT8
O95696	5PT9
O95696	5PTA
O95696	5PTB
O95696	5PTC
O95696	5PTE
O95696	5PTF
O95696	5PTG
O95696	5PTH
O95696	5PTJ
O95696	5PTK
O95696	5PTL
O95696	5PTM
O95696	5PTN
O95696	5PTO
O95696	5PTQ
O95696	5PTR
O95696	5PTS
O95696	5PTT
O95696	5PTU
O95696	5PTV
O95696	5PTW
O95696	5PTX
O95696	5PTY
O95696	5PTZ
O95696	5PU0
O95696	5PU1
O95696	5PU2
O95696	5PU3
O95696	5PU4
O95696	5PU5
O95696	5PU6
O95696	5PU7
O95696	5PU8
O95696	5PU9
O95696	5PUA
O95696	5PUB
O95696	5PUC
O95696	5PUD
O95696	5PUE
O95696	5PUF
O95696	5PUG
O95696	5PUH
O95696	5PUI
O95696	5PUJ
O95696	5PUK
O95696	5PUL
O95696	5PUM
O95696	5PUN
O95696	5PUO
O95696	5PUP
O95696	5PUQ
O95696	5PUR
O95696	5PUS
O95696	5PUT
O95696	5PUU
O95696	5PUV
O95696	5PUW
O95696	5PUX
O95696	5PUY
O95696	5PUZ
O95696	5PV0
O95696	5PV1
O95696	5PV2
O95696	5PV3
O95696	5PV4
O95696	5PV5
O95696	5PV6
O95696	5PV7
O95696	5PV8
O95696	5PV9
O95696	5PVA
O95696	5PVB
O95696	5PVC
O95696	5PVD
O95696	5PVE
O95696	5PVF
O95696	5PVG
O95696	5PVH
O95696	5PVI
O95696	5PVJ
O95696	5PVK
O95696	5PVL
O95696	5PVM
O95696	5PVN
O95696	5PVO
O95696	5PVP
O95696	5PVQ
O95696	5PVR
O95696	5PVS
O95696	5PVT
O95696	5PVU
O95696	5PVV
O95696	5PVW
O95696	5PVX
O95696	5PVY
O95696	5PVZ
O95696	5PW0
O95696	5PW1
O95696	5PW2
O95696	5PW3
O95696	5PW4
O95696	5PW5
O95696	5PW6
O95696	5PW7
O95696	5PW8
O95696	5PW9
O95696	5PWA
O95696	5PWB
O95696	6IN2
O95696	6MAJ
O95696	6MAK
O95696	7D0O
O95696	7D0P
O95696	7D0Q
O95696	7D0R
O95696	7D0S
O95696	7LH9
Q07890	6EIE
Q07890	8T5G
Q07890	8T5M
Q07890	8T5R
Q07890	8UC9
Q07890	8UF2
Q07890	8UH0
Q9NQP4	6NR8
Q9NQP4	6NR9
Q9NQP4	6NRB
Q9NQP4	6NRC
Q9NQP4	6NRD
Q9NQP4	7WU7
O15553	2MPC
O15553	2WL1
O15553	4CG4
O15553	8C28
O15553	8C2Y
O15553	8C30
O15553	8SDJ
P24864	1W98
P24864	5L2W
P24864	7KJS
P24864	7XQK
P24864	8H4R
P24864	8H6P
P24864	8H6T
P24864	8VQ3
P24864	8VQ4
Q9NWW6	2P0E
Q9NWW6	2QG6
Q9NWW6	2QL6
Q9NWW6	2QSY
Q9NWW6	2QSZ
Q9NWW6	2QT0
Q9NWW6	2QT1
P36894	1ES7
P36894	1REW
P36894	2GOO
P36894	2H62
P36894	2H64
P36894	2K3G
P36894	2QJ9
P36894	2QJA
P36894	2QJB
P36894	3NH7
P36894	3QB4
Q04756	1YBW
Q04756	1YC0
Q04756	2R0K
Q04756	2R0L
Q04756	2WUB
Q04756	2WUC
Q04756	3K2U
P01579	1EKU
P01579	1FG9
P01579	1FYH
P01579	1HIG
P01579	3BES
P01579	6E3K
P01579	6E3L
O60671	3A1J
O60671	3G65
O60671	3GGR
O60671	6J8Y
O60671	7Z6H
O60671	8GNN
O60671	8WU8
Q9H0F7	2H57
O43524	2K86
O43524	2LQH
O43524	2LQI
O43524	2UZK
O43524	6MNL
O43524	7V9B
P61916	5KWY
P61916	6W5V
P14735	2G47
P14735	2G48
P14735	2G49
P14735	2G54
P14735	2G56
P14735	2JBU
P14735	2JG4
P14735	2WBY
P14735	2WC0
P14735	2WK3
P14735	2YPU
P14735	3CWW
P14735	3E4A
P14735	3E4Z
P14735	3E50
P14735	3H44
P14735	3HGZ
P14735	3N56
P14735	3N57
P14735	3OFI
P14735	3QZ2
P14735	4DTT
P14735	4DWK
P14735	4GS8
P14735	4GSC
P14735	4GSF
P14735	4IFH
P14735	4IOF
P14735	4LTE
P14735	4M1C
P14735	4NXO
P14735	4PES
P14735	4PF7
P14735	4PF9
P14735	4PFC
P14735	4QIA
P14735	4RAL
P14735	4RE9
P14735	5CJO
P14735	5UOE
P14735	5WOB
P14735	6B3Q
P14735	6B70
P14735	6B7Y
P14735	6B7Z
P14735	6BF6
P14735	6BF7
P14735	6BF8
P14735	6BF9
P14735	6BFC
P14735	6BYZ
P14735	6EDS
P14735	6MQ3
P14735	7K1D
P14735	7K1E
P14735	7K1F
P14735	7RZE
P14735	7RZF
P14735	7RZG
P14735	7RZH
P14735	7RZI
O75691	7MQ8
O75691	7MQ9
O75691	7MQA
Q9BRR9	2P0D
Q9BRR9	2P0F
Q9BRR9	2P0H
Q9H2X9	6M23
Q9H2X9	7D8Z
P56381	8H9F
P56381	8H9J
P56381	8H9M
P56381	8H9Q
P56381	8H9S
P56381	8H9T
P56381	8H9U
P56381	8H9V
P56381	8KHF
P56381	8KI3
Q00604	4MY2
Q00604	5BPU
Q00604	5BQ8
Q00604	5BQB
Q00604	5BQC
Q00604	5BQE
Q00604	5CL1
O75818	6AHR
O75818	6AHU
O75818	6AHV
Q01518	1K8F
Q9UL19	2LKT
Q9UL19	2MY9
Q9UL19	7ZOT
O60343	3QYB
O60343	7NIX
O75334	3TAC
O75334	3TAD
O75334	6IUH
O75334	7D2E
O75334	7D2G
O75334	7D2H
Q99963	2EW3
Q99963	2Z0V
O76095	2KJX
P68133	7RNS
P68133	7RNU
P68133	7RNV
P68133	9DUU
P68133	9DUV
P06730	1IPB
P06730	1IPC
P06730	1WKW
P06730	2GPQ
P06730	2V8W
P06730	2V8X
P06730	2V8Y
P06730	2W97
P06730	3AM7
P06730	3TF2
P06730	3U7X
P06730	4AZA
P06730	4BEA
P06730	4DT6
P06730	4DUM
P06730	4TPW
P06730	4TQB
P06730	4TQC
P06730	4UED
P06730	5EHC
P06730	5EI3
P06730	5EIR
P06730	5EKV
P06730	5GW6
P06730	5T46
P06730	5ZJY
P06730	5ZJZ
P06730	5ZK5
P06730	5ZK7
P06730	5ZK9
P06730	5ZML
P06730	7D6Y
P06730	7D8B
P06730	7EZW
P06730	7F07
P06730	7MEU
P06730	7XTP
P06730	8SX4
Q9HAU5	1UW4
Q9HAU5	2WJV
Q9HAU5	4CEK
Q9HAU5	4CEM
Q9HAU5	7NWU
Q9HAU5	7QG6
P29353	1MIL
P29353	1N3H
P29353	1OY2
P29353	1QG1
P29353	1SHC
P29353	1TCE
P29353	2L1C
P29353	4JMH
P29353	4XWX
P29353	5CZI
P29353	6DM4
Q8NHX9	6NQ0
Q8NHX9	6NQ1
Q8NHX9	6NQ2
Q8NHX9	8OUO
Q9BWU0	4H87
Q9NX20	3IY9
Q9NX20	3J7Y
Q9NX20	3J9M
Q9NX20	5OOL
Q9NX20	5OOM
Q9NX20	6I9R
Q9NX20	6NU2
Q9NX20	6NU3
Q9NX20	6VLZ
Q9NX20	6VMI
Q9NX20	6ZM5
Q9NX20	6ZM6
Q9NX20	6ZS9
Q9NX20	6ZSA
Q9NX20	6ZSB
Q9NX20	6ZSC
Q9NX20	6ZSD
Q9NX20	6ZSE
Q9NX20	6ZSG
Q9NX20	7A5F
Q9NX20	7A5G
Q9NX20	7A5H
Q9NX20	7A5I
Q9NX20	7A5J
Q9NX20	7A5K
Q9NX20	7L08
Q9NX20	7L20
Q9NX20	7O9K
Q9NX20	7O9M
Q9NX20	7ODR
Q9NX20	7ODS
Q9NX20	7ODT
Q9NX20	7OF0
Q9NX20	7OF2
Q9NX20	7OF3
Q9NX20	7OF4
Q9NX20	7OF5
Q9NX20	7OF6
Q9NX20	7OF7
Q9NX20	7OG4
Q9NX20	7OI6
Q9NX20	7OI7
Q9NX20	7OI8
Q9NX20	7OI9
Q9NX20	7OIA
Q9NX20	7OIB
Q9NX20	7OIC
Q9NX20	7OID
Q9NX20	7OIE
Q9NX20	7PD3
Q9NX20	7PO4
Q9NX20	7QH6
Q9NX20	7QH7
Q9NX20	7QI4
Q9NX20	7QI5
Q9NX20	7QI6
Q9NX20	8ANY
Q9NX20	8K2A
Q9NX20	8K2B
Q9NX20	8OIR
Q9NX20	8OIT
Q9NX20	8PK0
Q9NX20	8QSJ
Q9NX20	8QU1
Q9NX20	8QU5
Q9NX20	8XT0
Q9NX20	8XT1
Q9NX20	8XT2
Q9NX20	8XT3
Q9BW91	1Q33
Q9BW91	1QVJ
Q9BYD1	3J7Y
Q9BYD1	3J9M
Q9BYD1	5OOL
Q9BYD1	5OOM
Q9BYD1	6I9R
Q9BYD1	6NU2
Q9BYD1	6NU3
Q9BYD1	6VLZ
Q9BYD1	6VMI
Q9BYD1	6ZM5
Q9BYD1	6ZM6
Q9BYD1	6ZS9
Q9BYD1	6ZSA
Q9BYD1	6ZSB
Q9BYD1	6ZSC
Q9BYD1	6ZSD
Q9BYD1	6ZSE
Q9BYD1	6ZSG
Q9BYD1	7A5F
Q9BYD1	7A5G
Q9BYD1	7A5H
Q9BYD1	7A5I
Q9BYD1	7A5J
Q9BYD1	7A5K
Q9BYD1	7L08
Q9BYD1	7L20
Q9BYD1	7O9K
Q9BYD1	7O9M
Q9BYD1	7ODR
Q9BYD1	7ODS
Q9BYD1	7ODT
Q9BYD1	7OF0
Q9BYD1	7OF2
Q9BYD1	7OF3
Q9BYD1	7OF4
Q9BYD1	7OF5
Q9BYD1	7OF6
Q9BYD1	7OF7
Q9BYD1	7OG4
Q9BYD1	7OI6
Q9BYD1	7OI7
Q9BYD1	7OI8
Q9BYD1	7OI9
Q9BYD1	7OIA
Q9BYD1	7OIB
Q9BYD1	7OIC
Q9BYD1	7OID
Q9BYD1	7OIE
Q9BYD1	7PD3
Q9BYD1	7PO4
Q9BYD1	7QH6
Q9BYD1	7QH7
Q9BYD1	7QI4
Q9BYD1	7QI5
Q9BYD1	7QI6
Q9BYD1	8ANY
Q9BYD1	8K2A
Q9BYD1	8K2B
Q9BYD1	8OIR
Q9BYD1	8OIT
Q9BYD1	8PK0
Q9BYD1	8QSJ
Q9BYD1	8QU1
Q9BYD1	8QU5
Q9BYD1	8XT0
Q9BYD1	8XT1
Q9BYD1	8XT2
Q9BYD1	8XT3
Q5QGZ9	8JAH
Q5QGZ9	8W8T
Q5QGZ9	8W9J
Q6ZTN6	7RMA
Q86Y39	5XTC
Q86Y39	5XTD
Q86Y39	5XTH
Q86Y39	5XTI
Q9HAC7	9BR6
Q9HAC7	9BR7
O60543	2EEL
P34896	1BJ4
P34896	6FL5
P34896	6M5W
P34896	7RJL
P34896	7RJP
P34896	8A11
P34896	8R7H
O75398	2JW6
O75398	4A24
O75398	5UWW
P50052	5UNF
P50052	5UNG
P50052	5UNH
P50052	5XJM
P50052	6JOD
P50052	7C6A
P50052	7JNI
O75907	6VP0
O75907	6VYI
O75907	6VZ1
O75907	8ESM
O75907	8ETM
Q01718	8GY7
Q68DK7	4B7Y
Q68DK7	4B86
Q68DK7	4DNC
Q9NPJ4	4B6H
Q9NPJ4	5KQ1
Q9NPJ4	5KQ4
Q8TC59	3O7X
Q8TC59	3QIR
Q8TC59	7YFX
Q8N2Y8	6IF2
P17693	1YDP
P17693	2D31
P17693	2DYP
P17693	3BZE
P17693	3CDG
P17693	3CII
P17693	3KYN
P17693	3KYO
P17693	6AEE
P17693	6K60
O95484	6OV2
O95484	6OV3
O14907	2KG2
O14907	2L4S
O14907	2L4T
O14907	2VZ5
O14907	3GJ9
O14907	3SFJ
O14907	4E3B
O14907	4NNL
O14907	4NNM
Q96PK6	2DNP
P30988	5II0
P30988	5UZ7
P30988	6NIY
P30988	6PFO
P30988	6PGQ
P30988	7TYF
P30988	7TYH
P30988	7TYI
P30988	7TYL
P30988	7TYN
P30988	7TYO
P30988	7TYW
P30988	7TYX
P30988	7TYY
P30988	7TZF
P30988	8F0J
P30988	8F0K
P30988	8F2A
P30988	8F2B
P30988	9AUC
P42679	1JWO
P42679	1X6G
P42679	3US4
Q9BS26	2R2J
Q9BS26	5GU6
Q9BS26	5GU7
Q9BS26	5HQP
Q9BS26	5XWM
Q99959	3TT9
Q16513	4CRS
Q16513	4RRV
Q16513	6CCY
Q16513	6GBE
Q9BVW5	7PFO
Q9BVW5	7PLO
Q9BVW5	8B9D
P13051	1AKZ
P13051	1DPU
P13051	1EMH
P13051	1EMJ
P13051	1Q3F
P13051	1SSP
P13051	1UGH
P13051	1YUO
P13051	2HXM
P13051	2OXM
P13051	2OYT
P13051	2SSP
P13051	3FCF
P13051	3FCI
P13051	3FCK
P13051	3FCL
P13051	3TKB
P13051	4SKN
P13051	5AYR
P13051	5JK7
P13051	6VBA
P13051	7V7C
Q00653	1A3Q
Q00653	2D96
Q00653	3DO7
Q00653	4OT9
Q00653	5ZMC
Q00653	7CLI
Q00653	7VUP
Q00653	7VUQ
Q00653	7W7L
Q00653	8G8Q
Q00653	8G8S
Q9HCJ0	2DKL
Q9HCJ0	2X04
Q9HCJ0	3KTP
Q9HCJ0	7RUQ
O76038	8BAV
Q5VZK9	3LK2
Q5VZK9	3LK3
P15291	2AE7
P15291	2AEC
P15291	2AES
P15291	2AGD
P15291	2AH9
P15291	2FY7
P15291	2FYA
P15291	2FYB
P15291	3EE5
P15291	4EE3
P15291	4EE4
P15291	4EE5
P15291	4EEA
P15291	4EEG
P15291	4EEM
P15291	4EEO
P15291	4L41
P15291	6FWT
P15291	6FWU
O14791	7L6K
O14791	7LF7
O14791	7LFA
O14791	7LFB
O14791	7LFD
Q8NCC3	4X90
Q8NCC3	4X91
Q8NCC3	4X92
Q8NCC3	4X93
Q8NCC3	4X94
Q8NCC3	4X95
Q8NCC3	4X97
Q8NCC3	6MTW
O14737	1YYB
O14737	2CRU
O14737	2K6B
O00459	2KT1
O00459	2XS6
O00459	3MTT
O00459	3O5Z
O00459	6OX7
O00459	6U28
O00459	7RCH
O00459	7RNU
Q03426	2R3V
P05091	1CW3
P05091	1NZW
P05091	1NZX
P05091	1NZZ
P05091	1O00
P05091	1O01
P05091	1O02
P05091	1O04
P05091	1O05
P05091	1ZUM
P05091	2ONM
P05091	2ONN
P05091	2ONO
P05091	2ONP
P05091	2VLE
P05091	3INJ
P05091	3INL
P05091	3N80
P05091	3N81
P05091	3N82
P05091	3N83
P05091	3SZ9
P05091	4FQF
P05091	4FR8
P05091	4KWF
P05091	4KWG
P05091	5L13
P05091	8DR9
P05091	8SHS
Q03181	1GWX
Q03181	1Y0S
Q03181	2AWH
Q03181	2B50
Q03181	2BAW
Q03181	2ENV
Q03181	2GWX
Q03181	2J14
Q03181	2Q5G
Q03181	2XYJ
Q03181	2XYW
Q03181	2XYX
Q03181	2ZNP
Q03181	2ZNQ
Q03181	3D5F
Q03181	3DY6
Q03181	3ET2
Q03181	3GWX
Q03181	3GZ9
Q03181	3OZ0
Q03181	3PEQ
Q03181	3SP9
Q03181	3TKM
Q03181	5U3Q
Q03181	5U3R
Q03181	5U3S
Q03181	5U3T
Q03181	5U3U
Q03181	5U3V
Q03181	5U3W
Q03181	5U3X
Q03181	5U3Y
Q03181	5U3Z
Q03181	5U40
Q03181	5U41
Q03181	5U42
Q03181	5U43
Q03181	5U44
Q03181	5U45
Q03181	5U46
Q03181	5XMX
Q03181	5Y7X
Q03181	5ZXI
Q03181	6A6P
Q03181	7F80
Q03181	7VWE
Q03181	7VWF
Q03181	7VWG
Q03181	7VWH
Q03181	7W0G
Q03181	7WGL
Q03181	7WGN
Q03181	8HF8
Q03181	8HUL
Q03181	8HUO
P84103	2I2Y
P84103	2I38
P84103	9ASQ
Q13523	4IAN
Q13523	4IFC
Q13523	4IIR
Q13523	4IJP
Q13523	6CNH
Q13523	6PJJ
Q13523	6PK6
Q13523	6QX9
Q13523	8H6E
Q13523	8H6J
Q13523	8QXD
Q13523	8R08
Q13523	8R0A
Q13523	8Y6O
Q7KYR7	8DFW
Q7KYR7	8DFX
Q7KYR7	8DFY
Q7KYR7	8JYC
Q7KYR7	8JYE
Q92878	5GOX
P30414	2HE9
O94806	2D9Z
P23510	2HEV
O60437	4Q28
P17081	2ATX
P22061	1I1N
P22061	1KR5
P33241	3BH8
P33241	4NO0
P33241	4NO2
P14902	2D0T
P14902	2D0U
P14902	4PK5
P14902	4PK6
P14902	4U72
P14902	4U74
P14902	5EK2
P14902	5EK3
P14902	5EK4
P14902	5ETW
P14902	5WHR
P14902	5WMU
P14902	5WMV
P14902	5WMW
P14902	5WMX
P14902	5WN8
P14902	5XE1
P14902	6AZU
P14902	6AZV
P14902	6AZW
P14902	6CXU
P14902	6CXV
P14902	6DPQ
P14902	6DPR
P14902	6E35
P14902	6E40
P14902	6E41
P14902	6E42
P14902	6E43
P14902	6E44
P14902	6E45
P14902	6E46
P14902	6F0A
P14902	6KOF
P14902	6KPS
P14902	6KW7
P14902	6MQ6
P14902	6O3I
P14902	6PU7
P14902	6PZ1
P14902	6R63
P14902	6UBP
P14902	6V52
P14902	6WJY
P14902	6WPE
P14902	6X5Y
P14902	7A62
P14902	7AH4
P14902	7AH5
P14902	7AH6
P14902	7B1O
P14902	7E0O
P14902	7E0P
P14902	7E0Q
P14902	7E0S
P14902	7E0T
P14902	7E0U
P14902	7M63
P14902	7M7D
P14902	7NGE
P14902	7P0N
P14902	7P0R
P14902	7RRB
P14902	7RRC
P14902	7RRD
P14902	7YXT
P14902	7Z2L
P14902	7ZV3
P14902	8ABX
P14902	8FUR
P14902	8I7L
Q6GPH4	2LXW
P01138	1SG1
P01138	1WWW
P01138	2IFG
P01138	4EDW
P01138	4EDX
P01138	4ZBN
P01138	5JZ7
P01138	6YW8
Q8NG31	3SI5
Q8NG31	4A1G
Q8NG31	4NF9
Q8NG31	4NFA
Q8NG31	6CZO
Q8NG31	8PPR
Q8NG31	8Q5H
Q13427	2GW2
Q13427	2WFI
Q13427	2WFJ
Q13427	5YZG
P98160	3SH4
P98160	3SH5
Q12913	2CFV
Q12913	2DLE
Q12913	2NZ6
Q12913	7U01
Q12913	7U08
Q96IV0	2CCQ
Q96IV0	2CM0
Q96PC3	4HMY
Q96PC3	6CM9
Q96PC3	6CRI
Q96PC3	6D83
Q96PC3	6D84
Q96PC3	6DFF
Q96PC3	7R4H
Q96PC3	7UX3
Q96PC3	8D4C
Q96PC3	8D4D
Q96PC3	8D4E
Q96PC3	8D4F
Q96PC3	8D4G
Q96PC3	8D9R
Q96PC3	8D9S
Q96PC3	8D9T
Q96PC3	8D9U
Q96PC3	8D9V
Q96PC3	8D9W
O43521	1F95
O43521	2K7W
O43521	2NL9
O43521	2V6Q
O43521	2VM6
O43521	2WH6
O43521	2YQ6
O43521	2YQ7
O43521	3D7V
O43521	3FDL
O43521	3IO8
O43521	3IO9
O43521	3KJ0
O43521	3KJ1
O43521	3KJ2
O43521	4A1U
O43521	4A1W
O43521	4B4S
O43521	4D2M
O43521	4QVF
O43521	4UF3
O43521	4YJ4
O43521	4ZIE
O43521	4ZIF
O43521	4ZIH
O43521	5AGW
O43521	5AGX
O43521	5C3G
O43521	5VWV
O43521	5VWW
O43521	5VWX
O43521	5VWY
O43521	5VWZ
O43521	5VX0
O43521	5VX2
O43521	5VX3
O43521	5WOS
O43521	6QFI
O43521	6RJP
O43521	6TQQ
O43521	6UA3
O43521	6UAB
O43521	6VBX
O43521	6X8O
O43521	8T5E
Q9P0U4	3QMB
Q9P0U4	3QMC
Q9P0U4	3QMD
Q9P0U4	3QMG
Q9P0U4	3QMH
Q9P0U4	3QMI
Q6ZUJ8	5FOR
Q6ZUJ8	6SWS
O14933	1WZV
O14933	1WZW
O14933	2KJH
O14933	8OIF
O14933	8SE9
O14933	8SEA
O14933	8SEB
O14933	8SV8
P55735	3BG0
P55735	3BG1
P55735	5A9Q
P55735	7PEQ
P55735	7R5J
P55735	7R5K
P55735	7UHY
Q9Y692	1OQJ
Q96HR3	7EMF
Q96HR3	7ENA
Q96HR3	7ENC
Q96HR3	7ENJ
Q96HR3	7LBM
Q96HR3	7NVR
Q96HR3	8GXQ
Q96HR3	8GXS
Q96HR3	8T9D
Q96HR3	8TQW
Q96HR3	8TRH
Q86U44	5IL0
Q86U44	5IL1
Q86U44	5IL2
Q86U44	5K7M
Q86U44	5K7U
Q86U44	5K7W
Q86U44	5L6D
Q86U44	5L6E
Q86U44	5TEY
Q86U44	5YZ9
Q86U44	6TTP
Q86U44	6TTT
Q86U44	6TTV
Q86U44	6TTW
Q86U44	6TTX
Q86U44	6TU1
Q86U44	6Y4G
Q86U44	7ACD
Q86U44	7NHG
Q86U44	7NHH
Q86U44	7NHI
Q86U44	7NHJ
Q86U44	7NHV
Q86U44	7NI7
Q86U44	7NI8
Q86U44	7NI9
Q86U44	7NIA
Q86U44	7NID
Q86U44	7O08
Q86U44	7O09
Q86U44	7O0L
Q86U44	7O0M
Q86U44	7O0P
Q86U44	7O0Q
Q86U44	7O0R
Q86U44	7O27
Q86U44	7O28
Q86U44	7O29
Q86U44	7O2E
Q86U44	7O2F
Q86U44	7O2H
Q86U44	7O2I
Q86U44	7O2X
Q86U44	7OED
Q86U44	7OEE
Q86U44	7OEF
Q86U44	7OEG
Q86U44	7OEH
Q86U44	7OEI
Q86U44	7OEJ
Q86U44	7OEK
Q86U44	7OEL
Q86U44	7OEM
Q86U44	7OQL
Q86U44	7OQO
Q86U44	7OQP
Q86U44	7RX6
Q86U44	7RX7
Q86U44	7RX8
Q86U44	8BN8
Q86U44	8PW8
Q86U44	8PW9
Q86U44	8PWA
Q86U44	8PWB
Q96NA2	1YHN
Q96FW1	2ZFY
Q96FW1	3VON
Q96FW1	4DDG
Q96FW1	4DDI
Q96FW1	4DHZ
Q96FW1	4I6L
Q96FW1	4LDT
Q8TBN0	4LI0
P29459	1F45
P29459	3HMX
P29459	8XRP
P29459	8YI7
Q9UMS0	2LTM
Q9UMS0	2M5O
Q15797	1KHU
Q15797	2LAW
Q15797	2LAX
Q15797	2LAY
Q15797	2LAZ
Q15797	2LB0
Q15797	2LB1
Q15797	3Q47
Q15797	3Q4A
Q15797	5ZOK
Q6PCB8	7YR5
Q9UDY8	2G7R
Q9UDY8	3BFO
Q9UDY8	3K0W
Q9UDY8	3UO8
Q9UDY8	3UOA
Q9UDY8	3V4O
Q9UDY8	3V55
Q9UDY8	4I1P
Q9UDY8	4I1R
Q9UDY8	6F7I
Q9UDY8	6GK2
Q9UDY8	6H4A
Q9UDY8	6YN8
Q9UDY8	6YN9
Q9UDY8	7A41
Q9UDY8	7AK0
Q9UDY8	7AK1
Q9UDY8	7PAV
Q9UDY8	7PAW
Q9UDY8	8CZO
Q9UDY8	8J5I
Q9UDY8	8V4X
Q6UXL0	4DOH
Q6UXL0	6DF3
Q8IYV9	5F4E
Q8IYV9	5F4T
Q8IYV9	5F4V
Q8IYV9	5JK9
Q8IYV9	5JKC
Q8IYV9	5JKD
Q8IYV9	5JKE
P20592	4WHJ
P20592	4X0R
P20592	5UOT
Q96MU8	5FWS
Q96MU8	5FWT
Q96MU8	5FWU
Q96MU8	5FWV
Q96MU8	5FWW
Q96MU8	7BZT
Q96MU8	7BZU
Q8IVF2	4CN0
Q9H5P4	2EEH
Q9H5P4	7PC5
P19235	1CN4
P19235	1EBA
P19235	1EBP
P19235	1EER
P19235	1ERN
P19235	2JIX
P19235	2MV6
P19235	4Y5V
P19235	4Y5X
P19235	4Y5Y
P19235	6E2Q
P19235	6I4X
P19235	6MOE
P19235	6MOF
P19235	6MOH
P19235	6MOI
P19235	6MOJ
P19235	6MOK
P19235	6MOL
P19235	8VUI
P19235	8VVM
P19235	8VVO
P04085	3MJK
Q9Y5S2	3QFV
Q9Y5S2	3TKU
Q9Y5S2	4UAK
Q9Y5S2	4UAL
Q9Y5S2	5OTE
Q9Y5S2	5OTF
Q68CZ6	6PTB
Q68CZ6	6PTE
Q68CZ6	7SQK
Q9UBX2	5Z2S
Q9UBX2	5Z2T
Q9UBX2	5Z6Z
Q9UBX2	5ZFW
Q9UBX2	5ZFY
Q9UBX2	5ZFZ
Q9UBX2	6A8R
Q9UBX2	6DFY
Q9UBX2	6E8C
Q9UBX2	6U81
Q9UBX2	6U82
Q6GQQ9	5LRU
Q6GQQ9	5LRV
Q6GQQ9	5LRW
P08138	2N80
P08138	2N83
P08138	2N97
P08138	3EWV
P08138	5ZGG
P08138	7CSQ
P08138	8X8T
Q9NR50	6CAJ
Q9NR50	6EZO
Q9NR50	6K71
Q9NR50	6K72
Q9NR50	6O81
Q9NR50	6O85
Q9NR50	6O9Z
Q9NR50	7D43
Q9NR50	7D44
Q9NR50	7D45
Q9NR50	7D46
Q9NR50	7F64
Q9NR50	7F66
Q9NR50	7F67
Q9NR50	7KMF
Q9NR50	7L70
Q9NR50	7L7G
Q9NR50	7RLO
Q9NR50	7TRJ
Q9NR50	7VLK
Q9NR50	8TQO
Q9NR50	8TQZ
Q14247	1X69
Q14247	2D1X
P19634	1Y4E
P19634	2BEC
P19634	2E30
P19634	2HTG
P19634	2KBV
P19634	2L0E
P19634	2MDF
P19634	2YGG
P19634	6BJF
P19634	6NUC
P19634	6NUF
P19634	6NUU
P19634	6ZBI
P19634	7DSV
P19634	7DSW
P19634	7DSX
P78406	3MMY
P78406	4OWR
P78406	7F60
P78406	7F90
P78406	7VPG
P78406	7VPH
Q16698	1W6U
Q16698	1W73
Q16698	1W8D
O00170	2LKN
O00170	4AIF
O00170	4APO
O00170	7ZUB
O00170	8QMO
P55285	5VEB
P05112	1BBN
P05112	1BCN
P05112	1CYL
P05112	1HIJ
P05112	1HIK
P05112	1HZI
P05112	1IAR
P05112	1ITI
P05112	1ITL
P05112	1ITM
P05112	1RCB
P05112	2B8U
P05112	2B8X
P05112	2B8Y
P05112	2B8Z
P05112	2B90
P05112	2B91
P05112	2CYK
P05112	2D48
P05112	2INT
P05112	3BPL
P05112	3BPN
P05112	3QB7
P05112	4YDY
P05112	5FHX
P05112	6OEL
P05112	8A4F
P05112	8CGF
P05112	8CH7
Q9UL40	2MKD
Q9UL40	2MKN
O15527	1EBM
O15527	1FN7
O15527	1HU0
O15527	1KO9
O15527	1LWV
O15527	1LWW
O15527	1LWY
O15527	1M3H
O15527	1M3Q
O15527	1N39
O15527	1N3A
O15527	1N3C
O15527	1YQK
O15527	1YQL
O15527	1YQM
O15527	1YQR
O15527	2I5W
O15527	2NOB
O15527	2NOE
O15527	2NOF
O15527	2NOH
O15527	2NOI
O15527	2NOL
O15527	2NOZ
O15527	2XHI
O15527	3IH7
O15527	3KTU
O15527	5AN4
O15527	6RLW
O15527	6W0M
O15527	6W0R
O15527	6W13
O15527	7AYY
O15527	8VX4
O15527	8VX6
Q15057	6IF3
P04899	6D9H
P04899	7F8V
P04899	7LD3
P04899	7LD4
P04899	7WV9
P04899	7WVV
P04899	7WVW
P04899	7WVX
P04899	7WVY
P04899	7XXI
P04899	7YJ4
P04899	7YK6
P04899	7YK7
P04899	8K6M
P04899	8K6N
P04899	8K6O
P04899	8THK
P04899	8THL
P18827	4GVC
P18827	4GVD
P18827	6EJE
P32929	2NMP
P32929	3COG
P32929	3ELP
P32929	5EIG
P32929	5TSU
P32929	5TT2
P32929	6NBA
P32929	6OVG
P15927	1DPU
P15927	1L1O
P15927	1QUQ
P15927	1Z1D
P15927	2PI2
P15927	2PQA
P15927	2Z6K
P15927	3KDF
P15927	4MQV
P15927	4OU0
P15927	8RK2
Q13115	3EZZ
P21399	2B3X
P21399	2B3Y
P26992	1UC6
P26992	8D74
P26992	8D7E
P26992	8D7H
P26992	8D7R
P41968	8IOC
Q969U7	8QYJ
Q969U7	8QYL
Q969U7	8QYM
Q969U7	8QYN
Q969U7	8QYS
Q969U7	8QZ9
Q969U7	8TM3
Q969U7	8TM4
Q969U7	8TM5
Q969U7	8TM6
Q13868	2NN6
Q13868	6D6Q
Q13868	6D6R
Q13868	6H25
Q13868	9G8M
P02743	1GYK
P02743	1LGN
P02743	1SAC
P02743	2A3W
P02743	2A3X
P02743	2A3Y
P02743	2W08
P02743	3D5O
P02743	3KQR
P02743	4AVS
P02743	4AVT
P02743	4AVV
P02743	4AYU
Q9H1K1	5KZ5
Q9H1K1	5WKP
Q9H1K1	5WLW
Q9H1K1	6NZU
Q9H1K1	6UXE
Q9H1K1	6W1D
Q9H1K1	6WI2
Q9H1K1	6WIH
Q9H1K1	7RTK
Q9H1K1	8PK8
Q9H1K1	8PK9
Q9H1K1	8PKA
Q9H1K1	8TVT
P56962	4WY4
P56962	7BV4
P56962	7BV6
P54098	3IKM
P54098	4ZTU
P54098	4ZTZ
P54098	5C51
P54098	5C52
P54098	5C53
P54098	8D33
P54098	8D37
P54098	8D3R
P54098	8D42
P54098	8G5I
P54098	8G5J
P54098	8G5K
P54098	8G5L
P54098	8G5M
P54098	8G5N
P54098	8G5O
P54098	8G5P
P54098	8T7E
P54098	8UDK
P54098	8UDL
P54098	8V54
P54098	8V55
P54098	8V5D
P54098	8V5R
O43314	3T54
O43314	3T7A
O43314	3T99
O43314	3T9A
O43314	3T9B
O43314	3T9C
O43314	3T9D
O43314	3T9E
O43314	3T9F
O43314	4HN2
O43314	4NZM
O43314	4NZN
O43314	4NZO
O43314	4Q4C
O43314	4Q4D
O43314	5BYA
O43314	5BYB
O43314	5DGH
O43314	5DGI
O43314	6N5C
O43314	8G9E
Q9UF56	6W66
Q9UF56	6WCQ
Q5T848	7EWL
Q5T848	7EWP
Q5T848	7EWR
Q5T848	7SHE
Q5T848	7SHF
Q5MJ70	5UQ1
Q5MJ70	5UQ2
Q5MJ70	5UQ3
Q5MJ70	7E34
Q8NEJ0	2ESB
P68402	1VYH
P11177	1NI4
P11177	2OZL
P11177	3EXE
P11177	3EXF
P11177	3EXG
P11177	3EXH
P11177	3EXI
P11177	6CER
P11177	6CFO
Q8WVQ1	1S18
Q8WVQ1	1S1D
Q8WVQ1	2H2N
Q8WVQ1	2H2U
Q9NY99	7QQL
Q9UPP1	2WWU
Q9UPP1	3K3N
Q9UPP1	3K3O
Q9UPP1	3KV4
Q9UPP1	4DO0
Q9UPP1	7CMZ
P14923	3IFQ
Q9H2U1	2N16
Q9H2U1	2N21
Q9H2U1	6Q6R
P51812	4D9T
P51812	4D9U
P51812	4JG6
P51812	4JG7
P51812	4JG8
P51812	4NUS
P51812	4NW5
P51812	4NW6
P51812	5D9K
P51812	5D9L
P51812	7OPO
P51812	8EQ5
P51812	8XEY
P51812	8XFY
Q8IVW8	7YUB
Q8IVW8	7YUD
Q8IVW8	7YUF
Q8IVW8	8EX4
Q8IVW8	8EX5
Q8IVW8	8EX6
Q8IVW8	8EX7
Q8IVW8	8EX8
Q8IVW8	8G92
Q8IVW8	8JHQ
Q8IVW8	8JHR
Q8IVW8	8KAE
Q86SG5	4AQI
P35789	7Z36
Q68D85	3PV6
Q68D85	3PV7
Q68D85	4ZSO
Q68D85	6YJP
Q86UR1	7CFZ
P0C6T2	2LAT
P0C6T2	6S7O
P0C6T2	6S7T
P0C6T2	8B6L
P0C6T2	8PN9
P60508	1Y4M
P60508	6RX3
P60508	7OIX
Q9NP84	2EQP
Q9NP84	2KMZ
Q9NP84	2RPJ
Q06187	1AWW
Q06187	1AWX
Q06187	1B55
Q06187	1BTK
Q06187	1BWN
Q06187	1K2P
Q06187	1QLY
Q06187	2GE9
Q06187	2Z0P
Q06187	3GEN
Q06187	3K54
Q06187	3OCS
Q06187	3OCT
Q06187	3P08
Q06187	3PIX
Q06187	3PIY
Q06187	3PIZ
Q06187	3PJ1
Q06187	3PJ2
Q06187	3PJ3
Q06187	4NWM
Q06187	4OT5
Q06187	4OT6
Q06187	4OTF
Q06187	4OTQ
Q06187	4OTR
Q06187	4RFY
Q06187	4RFZ
Q06187	4RG0
Q06187	4RX5
Q06187	4YHF
Q06187	4Z3V
Q06187	4ZLY
Q06187	4ZLZ
Q06187	5BPY
Q06187	5BQ0
Q06187	5FBN
Q06187	5FBO
Q06187	5J87
Q06187	5JRS
Q06187	5KUP
Q06187	5P9F
Q06187	5P9G
Q06187	5P9H
Q06187	5P9I
Q06187	5P9J
Q06187	5P9K
Q06187	5P9L
Q06187	5P9M
Q06187	5T18
Q06187	5U9D
Q06187	5VFI
Q06187	5VGO
Q06187	5XYZ
Q06187	5ZZ4
Q06187	6AUA
Q06187	6AUB
Q06187	6BIK
Q06187	6BKE
Q06187	6BKH
Q06187	6BKW
Q06187	6BLN
Q06187	6DI0
Q06187	6DI1
Q06187	6DI3
Q06187	6DI5
Q06187	6DI9
Q06187	6E4F
Q06187	6EP9
Q06187	6HRP
Q06187	6HRT
Q06187	6HTF
Q06187	6J6M
Q06187	6N9P
Q06187	6NFH
Q06187	6NFI
Q06187	6NZM
Q06187	6O8I
Q06187	6OMU
Q06187	6S90
Q06187	6TFP
Q06187	6TSE
Q06187	6TT2
Q06187	6TUH
Q06187	6TVN
Q06187	6VXQ
Q06187	6W06
Q06187	6W07
Q06187	6W7O
Q06187	6W8I
Q06187	6X3N
Q06187	6X3O
Q06187	6X3P
Q06187	6XE4
Q06187	6YYF
Q06187	6YYG
Q06187	6YYK
Q06187	7KXL
Q06187	7KXM
Q06187	7KXN
Q06187	7KXO
Q06187	7KXP
Q06187	7KXQ
Q06187	7L5O
Q06187	7L5P
Q06187	7LTY
Q06187	7LTZ
Q06187	7N4Q
Q06187	7N4R
Q06187	7N4S
Q06187	7N5O
Q06187	7N5R
Q06187	7N5X
Q06187	7N5Y
Q06187	7R60
Q06187	7R61
Q06187	7YC9
Q06187	8DSO
Q06187	8E2M
Q06187	8EJB
Q06187	8FLG
Q06187	8FLH
Q06187	8FLL
Q06187	8FLN
Q06187	8FLV
Q06187	8GC7
Q06187	8GC8
Q06187	8TU3
Q06187	8TU4
Q06187	8TU5
Q06187	8U2D
Q06187	8U2E
Q06187	8YVV
Q9Y5A7	1WJU
Q9NS18	2CQ9
Q9NS18	2FLS
Q9NS18	2HT9
P25789	4R3O
P25789	4R67
P25789	5A0Q
P25789	5GJQ
P25789	5GJR
P25789	5L4G
P25789	5LE5
P25789	5LEX
P25789	5LEY
P25789	5LEZ
P25789	5LF0
P25789	5LF1
P25789	5LF3
P25789	5LF4
P25789	5LF6
P25789	5LF7
P25789	5LN3
P25789	5M32
P25789	5T0C
P25789	5T0G
P25789	5T0H
P25789	5T0I
P25789	5T0J
P25789	5VFO
P25789	5VFP
P25789	5VFQ
P25789	5VFR
P25789	5VFS
P25789	5VFT
P25789	5VFU
P25789	6AVO
P25789	6E5B
P25789	6KWY
P25789	6MSB
P25789	6MSD
P25789	6MSE
P25789	6MSG
P25789	6MSH
P25789	6MSJ
P25789	6MSK
P25789	6R70
P25789	6REY
P25789	6RGQ
P25789	6WJD
P25789	6WJN
P25789	6XMJ
P25789	7AWE
P25789	7B12
P25789	7LXV
P25789	7NAN
P25789	7NAO
P25789	7NAP
P25789	7NAQ
P25789	7NHT
P25789	7PG9
P25789	7QXN
P25789	7QXP
P25789	7QXU
P25789	7QXW
P25789	7QXX
P25789	7QY7
P25789	7QYA
P25789	7QYB
P25789	7V5G
P25789	7V5M
P25789	7W37
P25789	7W38
P25789	7W39
P25789	7W3A
P25789	7W3B
P25789	7W3C
P25789	7W3F
P25789	7W3G
P25789	7W3H
P25789	7W3I
P25789	7W3J
P25789	7W3K
P25789	7W3M
P25789	8BZL
P25789	8CVR
P25789	8CVS
P25789	8CVT
P25789	8CXB
P25789	8QYJ
P25789	8QYL
P25789	8QYM
P25789	8QYN
P25789	8QYO
P25789	8QYS
P25789	8QZ9
P25789	8TM3
P25789	8TM4
P25789	8TM5
P25789	8TM6
P25789	8UD9
Q92729	6SUB
Q92729	6SUC
P55011	6PZT
P55011	7D10
P55011	7MXO
P55011	7N3N
P55011	7S1X
P55011	7S1Y
P55011	7S1Z
P55011	7SFL
P55011	7SMP
P55011	7ZGO
P55011	8STE
O00167	3GEB
O00167	3HB0
O00167	3HB1
O00167	4EGC
O00167	5ZMA
O00167	7F8G
O00167	7F8H
Q92917	7DVQ
Q92917	7QTT
Q92917	8CH6
P36956	1AM9
Q92823	1UEN
Q92823	1UEY
Q9UGB7	2IBN
P57764	5NH1
P57764	5WQT
P57764	6AO4
P57764	6KN0
P57764	6N9O
P57764	6VFE
P57764	7Z1X
Q9ULV4	7STY
P04150	1M2Z
P04150	1NHZ
P04150	1P93
P04150	3BQD
P04150	3CLD
P04150	3E7C
P04150	3H52
P04150	3K22
P04150	3K23
P04150	4CSJ
P04150	4HN5
P04150	4HN6
P04150	4LSJ
P04150	4MDD
P04150	4P6W
P04150	4P6X
P04150	4UDC
P04150	4UDD
P04150	5CBX
P04150	5CBY
P04150	5CBZ
P04150	5CC1
P04150	5E69
P04150	5E6A
P04150	5E6B
P04150	5E6C
P04150	5E6D
P04150	5EMC
P04150	5EMP
P04150	5EMQ
P04150	5G3J
P04150	5G5W
P04150	5NFP
P04150	5NFT
P04150	5UC1
P04150	5UC3
P04150	5VA0
P04150	5VA7
P04150	6BQU
P04150	6CFN
P04150	6DXK
P04150	6EL6
P04150	6EL7
P04150	6EL9
P04150	6X6D
P04150	6X6E
P04150	6YMO
P04150	6YO8
P04150	6YOS
P04150	7KRJ
P04150	7KW7
P04150	7PRV
P04150	7PRW
P04150	7PRX
P04150	8A9G
P04150	8FFV
P04150	8FFW
P04150	8VKZ
Q9C086	6HTS
Q9C086	7ZI4
Q07889	1AWE
Q07889	1BKD
Q07889	1DBH
Q07889	1NVU
Q07889	1NVV
Q07889	1NVW
Q07889	1NVX
Q07889	1Q9C
Q07889	1XD2
Q07889	1XD4
Q07889	1XDV
Q07889	2II0
Q07889	3KSY
Q07889	4NYI
Q07889	4NYJ
Q07889	4NYM
Q07889	4URU
Q07889	4URV
Q07889	4URW
Q07889	4URX
Q07889	4URY
Q07889	4URZ
Q07889	4US0
Q07889	4US1
Q07889	4US2
Q07889	5OVD
Q07889	5OVE
Q07889	5OVF
Q07889	5OVG
Q07889	5OVH
Q07889	5OVI
Q07889	5WFO
Q07889	5WFP
Q07889	5WFQ
Q07889	5WFR
Q07889	6BVI
Q07889	6BVJ
Q07889	6BVK
Q07889	6BVL
Q07889	6BVM
Q07889	6CUO
Q07889	6CUP
Q07889	6CUR
Q07889	6D55
Q07889	6D56
Q07889	6D59
Q07889	6D5E
Q07889	6D5G
Q07889	6D5H
Q07889	6D5J
Q07889	6D5L
Q07889	6D5M
Q07889	6D5V
Q07889	6D5W
Q07889	6EPL
Q07889	6EPM
Q07889	6EPN
Q07889	6EPO
Q07889	6EPP
Q07889	6F08
Q07889	6SCM
Q07889	6SFR
Q07889	6V94
Q07889	6V9F
Q07889	6V9J
Q07889	6V9L
Q07889	6V9M
Q07889	6V9N
Q07889	6V9O
Q07889	6Y44
Q07889	7AVI
Q07889	7AVL
Q07889	7AVS
Q07889	7AVT
Q07889	7AVU
Q07889	7AVV
Q07889	7KFZ
Q07889	7UKR
Q07889	7UKS
Q07889	8BE2
Q07889	8BE4
Q07889	8BE5
Q07889	8BE6
Q07889	8BE7
Q07889	8BE8
Q07889	8BE9
Q07889	8BEA
Q07889	8XJJ
O43414	2XRI
O43414	7K05
O43414	7K06
O43414	7K07
O43414	7LPY
O43414	7LPZ
O43414	7LQ0
Q15418	2WNT
Q15418	2Z7Q
Q15418	2Z7R
Q15418	2Z7S
Q15418	3RNY
Q15418	3TEI
Q15418	4H3P
Q15418	4NIF
Q15418	5CSF
Q15418	5CSI
Q15418	5CSJ
Q15418	5CSN
Q15418	5N7D
Q15418	5N7F
Q15418	5N7G
Q15418	5V61
Q15418	5V62
Q15418	6TWY
Q15418	7P74
Q15418	7PC8
Q15418	7QQL
Q15418	8WF4
Q15418	8XOV
P05089	1WVA
P05089	1WVB
P05089	2AEB
P05089	2PHA
P05089	2PHO
P05089	2PLL
P05089	2ZAV
P05089	3DJ8
P05089	3E6K
P05089	3E6V
P05089	3F80
P05089	3GMZ
P05089	3GN0
P05089	3KV2
P05089	3LP4
P05089	3LP7
P05089	3MFV
P05089	3MFW
P05089	3MJL
P05089	3SJT
P05089	3SKK
P05089	3TF3
P05089	3TH7
P05089	3THE
P05089	3THH
P05089	3THJ
P05089	4FCI
P05089	4FCK
P05089	4GSM
P05089	4GSV
P05089	4GSZ
P05089	4GWC
P05089	4GWD
P05089	4HWW
P05089	4HXQ
P05089	4IE1
P05089	6Q92
P05089	6Q9P
P05089	6QAF
P05089	6V7C
P05089	6V7D
P05089	6V7E
P05089	6V7F
P05089	7K4G
P05089	7K4H
P05089	7K4I
P05089	7K4J
P05089	7K4K
P05089	7KLK
P05089	7KLL
P05089	7KLM
P05089	7LEX
P05089	7LEY
P05089	7LEZ
P05089	7LF0
P05089	7LF1
P05089	7LF2
P05089	8AUP
P05089	8E5M
P05089	8E5N
Q5FWF4	5MKW
Q5FWF4	5MLO
Q5FWF4	5MLW
Q5FWF4	5YD8
Q7Z2G1	8JCC
Q7Z2G1	8JCD
P16083	1QR2
P16083	1SG0
P16083	1XI2
P16083	1ZX1
P16083	2BZS
P16083	2QMY
P16083	2QMZ
P16083	2QR2
P16083	2QWX
P16083	2QX4
P16083	2QX6
P16083	2QX8
P16083	2QX9
P16083	3FW1
P16083	3G5M
P16083	3GAM
P16083	3NFR
P16083	3NHF
P16083	3NHJ
P16083	3NHK
P16083	3NHL
P16083	3NHP
P16083	3NHR
P16083	3NHS
P16083	3NHU
P16083	3NHW
P16083	3NHY
P16083	3O2N
P16083	3O73
P16083	3OVM
P16083	3OWH
P16083	3OWX
P16083	3OX1
P16083	3OX2
P16083	3OX3
P16083	3TE7
P16083	3TEM
P16083	3TZB
P16083	3UXE
P16083	3UXH
P16083	4FGJ
P16083	4FGK
P16083	4FGL
P16083	4GQI
P16083	4GR9
P16083	4QOD
P16083	4QOE
P16083	4QOF
P16083	4QOG
P16083	4QOH
P16083	4QOI
P16083	4QOJ
P16083	4U7F
P16083	4U7G
P16083	4U7H
P16083	4XDG
P16083	4XDH
P16083	4ZVK
P16083	4ZVL
P16083	4ZVM
P16083	4ZVN
P16083	5BUC
P16083	5LBT
P16083	5LBU
P16083	5LBW
P16083	5LBY
P16083	5LBZ
P16083	7O4D
Q96S15	7UHY
Q8NEJ9	7MQ8
Q15843	1NDD
Q15843	1R4M
Q15843	1R4N
Q15843	1XT9
Q15843	2BKR
Q15843	2KO3
Q15843	2N7K
Q15843	2NVU
Q15843	3DBH
Q15843	3DBL
Q15843	3DBR
Q15843	3DQV
Q15843	3GZN
Q15843	4F8C
Q15843	4FBJ
Q15843	4HCP
Q15843	4P5O
Q15843	6R7F
Q15843	6R7I
Q15843	6TTU
Q15843	7B5L
Q15843	7B5N
Q15843	7ONI
Q15843	8B3G
Q15843	8B3I
Q15843	8CAF
Q15843	8H38
Q15843	8Q7H
Q15843	8RX0
Q15843	8WQC
Q15843	8WQG
Q15843	8WZN
Q15843	8WZO
O96013	2BVA
O96013	2CDZ
O96013	2J0I
O96013	2OV2
O96013	2Q0N
O96013	2X4Z
O96013	4APP
O96013	4FIE
O96013	4FIF
O96013	4FIG
O96013	4FIH
O96013	4FII
O96013	4FIJ
O96013	4JDH
O96013	4JDI
O96013	4JDJ
O96013	4JDK
O96013	4L67
O96013	4NJD
O96013	4O0V
O96013	4O0X
O96013	4O0Y
O96013	4XBR
O96013	4XBU
O96013	5BMS
O96013	5I0B
O96013	5UPK
O96013	5UPL
O96013	5VED
O96013	5VEE
O96013	5VEF
O96013	5XVA
O96013	5XVF
O96013	5XVG
O96013	5ZJW
O96013	6WLX
O96013	6WLY
O96013	7CMB
O96013	7CP3
O96013	7CP4
O96013	7S46
O96013	7S47
O96013	7S48
O96013	8AHG
O96013	8AHH
O96013	8AHI
O96013	8YHK
Q9BY14	7BPR
P30990	2LNE
P30990	2LNF
P30990	2LNG
P30990	2LYW
P30990	2OYV
P30990	2OYW
P30990	3F6K
P30990	4PO7
P30990	5LUZ
P30990	6UP7
Q99467	3B2D
O00238	3MDY
Q8TBF4	2E5H
Q9NY43	8PM5
Q9NY43	8PM7
Q9NY43	8PMC
Q9NY43	8PMF
Q9NY43	8PMN
Q9NY43	8PMV
Q9NY43	8PN4
Q9NY43	8PNA
Q9NY43	8PNC
Q96PN6	4CLF
Q96PN6	4CLK
Q96PN6	4CLL
Q96PN6	4CLP
Q96PN6	4CLS
Q96PN6	4CLT
Q96PN6	4CLU
Q96PN6	4CLW
Q96PN6	4CLY
Q96PN6	4CLZ
Q96PN6	4CM0
Q96PN6	4CM2
Q96PN6	4OYA
Q96PN6	4OYB
Q96PN6	4OYI
Q96PN6	4OYM
Q96PN6	4OYO
Q96PN6	4OYP
Q96PN6	4OYW
Q96PN6	4OYX
Q96PN6	4OYZ
Q96PN6	4OZ2
Q96PN6	4OZ3
Q96PN6	4UST
Q96PN6	4USU
Q96PN6	4USV
Q96PN6	4USW
Q96PN6	5D0R
Q96PN6	5IV3
Q96PN6	5IV4
Q96PN6	7OVD
Q96PN6	8B75
Q96PN6	8CNH
Q96PN6	8CO7
Q96PN6	8COJ
Q96PN6	8COT
Q96PN6	8IL7
Q7Z2W7	8BDC
P14416	5AER
P14416	6CM4
P14416	6LUQ
P14416	6VMS
P14416	7DFP
P14416	7JVR
P14416	8IRS
P14416	8TZQ
P14416	8U02
Q14721	7RE5
Q14721	7SPD
P61254	4UG0
P61254	4V6X
P61254	5AJ0
P61254	5LKS
P61254	5T2C
P61254	6IP5
P61254	6IP6
P61254	6IP8
P61254	6LQM
P61254	6LSR
P61254	6LSS
P61254	6LU8
P61254	6OLE
P61254	6OLF
P61254	6OLG
P61254	6OLI
P61254	6OLZ
P61254	6OM0
P61254	6OM7
P61254	6QZP
P61254	6SXO
P61254	6W6L
P61254	6XA1
P61254	6Y0G
P61254	6Y2L
P61254	6Y57
P61254	6Y6X
P61254	6Z6L
P61254	6Z6M
P61254	6Z6N
P61254	6ZM7
P61254	6ZME
P61254	6ZMI
P61254	6ZMO
P61254	7BHP
P61254	7F5S
P61254	7OW7
P61254	7XNX
P61254	7XNY
P61254	8A3D
P61254	8FKP
P61254	8FKQ
P61254	8FKR
P61254	8FKS
P61254	8FKT
P61254	8FKU
P61254	8FKV
P61254	8FKW
P61254	8FKX
P61254	8FKY
P61254	8FKZ
P61254	8FL2
P61254	8FL3
P61254	8FL4
P61254	8FL6
P61254	8FL7
P61254	8FL9
P61254	8FLA
P61254	8FLB
P61254	8FLC
P61254	8FLD
P61254	8FLE
P61254	8FLF
P61254	8G5Y
P61254	8G5Z
P61254	8G60
P61254	8G61
P61254	8G6J
P61254	8GLP
P61254	8IDT
P61254	8IDY
P61254	8IE3
P61254	8IFD
P61254	8IFE
P61254	8INE
P61254	8INF
P61254	8INK
P61254	8IPD
P61254	8IPX
P61254	8IPY
P61254	8IR1
P61254	8IR3
P61254	8JDJ
P61254	8JDK
P61254	8JDL
P61254	8JDM
P61254	8K2C
P61254	8OHD
P61254	8OJ0
P61254	8OJ5
P61254	8OJ8
P61254	8ONY
P61254	8QFD
P61254	8QOI
P61254	8XSX
P61254	8XSY
P61254	8XSZ
P61254	8Y0W
P61254	8Y0X
P61254	8YOO
P61254	8YOP
P61254	9FPZ
P61254	9G8M
P61254	9GMO
O95154	2CLP
P80511	1E8A
P80511	1GQM
P80511	1ODB
P80511	2M9G
P80511	2WC8
P80511	2WCB
P80511	2WCE
P80511	2WCF
Q96BH1	2DAY
Q96BH1	2DMF
Q96BH1	5D1K
Q96BH1	5D1L
Q96BH1	5D1M
P17301	1AOX
P17301	1DZI
P17301	1V7P
P17301	4BJ3
P17301	5HJ2
P17301	5THP
P17301	6ND8
P17301	6ND9
P17301	6NDA
P17301	6NDB
P17301	6NDC
P17301	6NDD
P17301	6NDE
P17301	6NDF
P17301	6NDG
P17301	6NDH
Q5VTE6	6RVZ
Q5VTE6	6RW0
Q8N9N8	2DGY
Q8N9N8	6ZXF
Q8N9N8	6ZXG
Q8N9N8	6ZXH
Q9Y3E2	5LCI
Q14332	6C0B
Q14332	7N95
Q14332	7N97
Q14332	7N9S
Q14332	7X8P
P47895	5FHZ
P47895	6S6W
P47895	6TE5
P47895	6TGW
P47895	6TRY
P47895	7A6Q
P47895	7QK7
P47895	7QK8
P47895	7QK9
A6NFT4	8J07
Q9NZK7	5WZM
Q9NZK7	5WZO
Q9NZK7	5WZS
Q9NZK7	5WZT
Q9NZK7	5WZU
Q9NZK7	5WZV
Q9NZK7	5WZW
Q9NZK7	5Y5E
Q9NZK7	6KQU
O43681	6SO5
O43681	8CQZ
O43681	8CR1
O43681	8CR2
P30511	5IUE
P30511	5KNM
Q16654	2E0A
Q16654	2ZDX
Q16654	2ZDY
Q16654	2ZKJ
Q16654	3D2R
Q16654	7EAT
Q16654	7EBB
Q16654	7EBG
Q9NUY8	6JL7
Q9NUY8	6JM5
Q9NUY8	8JJ9
Q9NUY8	8QQF
Q9NUW8	1JY1
Q9NUW8	1MU7
Q9NUW8	1MU9
Q9NUW8	1NOP
Q9NUW8	1QZQ
Q9NUW8	1RFF
Q9NUW8	1RFI
Q9NUW8	1RG1
Q9NUW8	1RG2
Q9NUW8	1RGT
Q9NUW8	1RGU
Q9NUW8	1RH0
Q9NUW8	5NW9
Q9NUW8	5NWA
Q9NUW8	6DHU
Q9NUW8	6DIE
Q9NUW8	6DIH
Q9NUW8	6DIM
Q9NUW8	6DJD
Q9NUW8	6DJE
Q9NUW8	6DJF
Q9NUW8	6DJG
Q9NUW8	6DJH
Q9NUW8	6DJI
Q9NUW8	6DJJ
Q9NUW8	6MJ5
Q9NUW8	6MYZ
Q9NUW8	6MZ0
Q9NUW8	6N0D
Q9NUW8	6N0N
Q9NUW8	6N0O
Q9NUW8	6N0R
Q9NUW8	6N17
Q9NUW8	6N19
Q9NUW8	6W4R
Q9NUW8	6W7J
Q9NUW8	6W7K
Q9NUW8	6W7L
Q9NUW8	7UFY
Q9NUW8	7UFZ
Q9NUW8	8CVQ
Q9NUW8	8CW2
Q9NUW8	8UV1
Q9NUW8	8UZV
Q9NUW8	8UZZ
Q9NUW8	8V0B
Q9NUW8	8V0C
Q9NUW8	9B3B
Q9H2X6	6P5S
Q9H2X6	7NCF
Q00532	4AGU
P33240	1P1T
P33240	2J8P
P33240	6Q2I
P33240	6TZE
O15169	1DK8
O15169	1EMU
O15169	1O9U
O15169	3ZDI
O15169	4B7T
O15169	4NM0
O15169	4NM3
O15169	4NM5
O15169	4NM7
O15169	4NU1
O15169	5WZZ
O15169	6JCK
O15169	7SXF
O15169	7SXG
O15169	7SXH
O15169	7SXJ
O15169	7Y1P
O15169	8RU3
O15169	8RU4
O15169	8VMG
P62249	4UG0
P62249	4V6X
P62249	5A2Q
P62249	5AJ0
P62249	5FLX
P62249	5LKS
P62249	5OA3
P62249	5T2C
P62249	5VYC
P62249	6FEC
P62249	6G18
P62249	6G4S
P62249	6G4W
P62249	6G51
P62249	6G53
P62249	6G5H
P62249	6G5I
P62249	6IP5
P62249	6IP6
P62249	6IP8
P62249	6OLE
P62249	6OLF
P62249	6OLG
P62249	6OLI
P62249	6OLZ
P62249	6OM0
P62249	6OM7
P62249	6QZP
P62249	6XA1
P62249	6Y0G
P62249	6Y2L
P62249	6Y57
P62249	6YBS
P62249	6Z6L
P62249	6Z6M
P62249	6Z6N
P62249	6ZLW
P62249	6ZM7
P62249	6ZME
P62249	6ZMI
P62249	6ZMO
P62249	6ZMT
P62249	6ZMW
P62249	6ZN5
P62249	6ZOJ
P62249	6ZOL
P62249	6ZON
P62249	6ZP4
P62249	6ZUO
P62249	6ZV6
P62249	6ZVH
P62249	6ZVJ
P62249	6ZXD
P62249	6ZXE
P62249	6ZXF
P62249	6ZXG
P62249	6ZXH
P62249	7A09
P62249	7K5I
P62249	7MQ8
P62249	7MQ9
P62249	7MQA
P62249	7QP6
P62249	7QP7
P62249	7R4X
P62249	7TQL
P62249	7WTT
P62249	7WTU
P62249	7WTV
P62249	7WTW
P62249	7WTX
P62249	7WTZ
P62249	7WU0
P62249	7XNX
P62249	7XNY
P62249	8G5Y
P62249	8G60
P62249	8G61
P62249	8G6J
P62249	8GLP
P62249	8IFD
P62249	8IFE
P62249	8JDJ
P62249	8JDK
P62249	8JDL
P62249	8JDM
P62249	8K2C
P62249	8OZ0
P62249	8PJ1
P62249	8PJ2
P62249	8PJ3
P62249	8PJ4
P62249	8PJ5
P62249	8PJ6
P62249	8PPK
P62249	8PPL
P62249	8QOI
P62249	8T4S
P62249	8XSX
P62249	8XSY
P62249	8XSZ
P62249	8XXL
P62249	8XXM
P62249	8XXN
P62249	8Y0W
P62249	8Y0X
P62249	8YOO
P62249	8YOP
P62249	9BKD
P62249	9BLN
P62249	9G8M
P54802	4XWH
P13349	7Z5I
P13349	7Z5K
P08151	2GLI
P08151	4BLB
P08151	4KMD
P08151	5OM0
P08151	7T91
Q9UGC7	7NQH
Q9NRR4	2KHX
Q9NRR4	2NA2
Q9NRR4	5B16
Q9NRR4	6LXD
Q9NRR4	6LXE
Q9NRR4	6V5B
Q9NRR4	6V5C
Q9NRR4	9ASM
Q9NRR4	9ASN
Q9NRR4	9ASO
Q9NRR4	9ASP
Q9NRR4	9ASQ
Q16769	2AFM
Q16769	2AFO
Q16769	2AFS
Q16769	2AFU
Q16769	2AFW
Q16769	2AFX
Q16769	2AFZ
Q16769	2ZED
Q16769	2ZEE
Q16769	2ZEF
Q16769	2ZEG
Q16769	2ZEH
Q16769	2ZEL
Q16769	2ZEM
Q16769	2ZEN
Q16769	2ZEO
Q16769	2ZEP
Q16769	3PBB
Q16769	3PBE
Q16769	3SI0
Q16769	4YU9
Q16769	4YWY
Q16769	6GBX
Q16769	6YI1
Q16769	6YJY
Q16769	7CM0
Q16769	7COZ
Q16769	7CP0
Q16769	7D8E
Q16769	8HY3
Q16769	8XGB
Q16769	8XGT
Q16769	8XGY
Q9P0L2	2HAK
Q9P0L2	3OSE
Q9P0L2	6C9D
O14958	2VAF
O14958	6OWV
O14958	6OWW
O14958	7F05
Q63HK5	2DMI
P22736	2QW4
P22736	3V3E
P22736	3V3Q
P22736	4JGV
P22736	4KZI
P22736	4KZJ
P22736	4KZM
P22736	4RE8
P22736	4REE
P22736	4REF
P22736	4RZE
P22736	4RZF
P22736	4RZG
P22736	4WHF
P22736	4WHG
P22736	6KZ5
P22736	6LC1
P22736	8WUY
P22736	8Y7L
Q9UP95	6KKR
Q9UP95	6KKT
Q9UP95	6KKU
Q9UP95	7AIP
Q9UP95	7AIQ
Q9UP95	7AIR
Q9UP95	7TTH
Q9UP95	7TTI
Q5JSP0	2COC
Q9BQ48	3J7Y
Q9BQ48	3J9M
Q9BQ48	5OOL
Q9BQ48	5OOM
Q9BQ48	6I9R
Q9BQ48	6NU2
Q9BQ48	6NU3
Q9BQ48	6VLZ
Q9BQ48	6VMI
Q9BQ48	6ZM5
Q9BQ48	6ZM6
Q9BQ48	6ZS9
Q9BQ48	6ZSA
Q9BQ48	6ZSB
Q9BQ48	6ZSC
Q9BQ48	6ZSD
Q9BQ48	6ZSE
Q9BQ48	6ZSG
Q9BQ48	7A5F
Q9BQ48	7A5G
Q9BQ48	7A5H
Q9BQ48	7A5I
Q9BQ48	7A5J
Q9BQ48	7A5K
Q9BQ48	7L08
Q9BQ48	7L20
Q9BQ48	7O9K
Q9BQ48	7O9M
Q9BQ48	7ODR
Q9BQ48	7ODS
Q9BQ48	7ODT
Q9BQ48	7OF0
Q9BQ48	7OF2
Q9BQ48	7OF3
Q9BQ48	7OF4
Q9BQ48	7OF5
Q9BQ48	7OF6
Q9BQ48	7OF7
Q9BQ48	7OG4
Q9BQ48	7OI6
Q9BQ48	7OI7
Q9BQ48	7OI8
Q9BQ48	7OI9
Q9BQ48	7OIA
Q9BQ48	7OIB
Q9BQ48	7OIC
Q9BQ48	7OID
Q9BQ48	7OIE
Q9BQ48	7PD3
Q9BQ48	7PO4
Q9BQ48	7QH6
Q9BQ48	7QH7
Q9BQ48	7QI4
Q9BQ48	7QI5
Q9BQ48	7QI6
Q9BQ48	8ANY
Q9BQ48	8K2A
Q9BQ48	8K2B
Q9BQ48	8OIR
Q9BQ48	8OIT
Q9BQ48	8PK0
Q9BQ48	8QSJ
Q9BQ48	8QU1
Q9BQ48	8QU5
Q9BQ48	8XT0
Q9BQ48	8XT1
Q9BQ48	8XT2
Q9BQ48	8XT3
Q02779	2RF0
P13693	1YZ1
P13693	2HR9
P13693	3EBM
P13693	4Z9V
P13693	5O9L
P13693	5O9M
P13693	6IZB
P13693	6IZE
Q9H9L4	4CY2
P15880	4UG0
P15880	4V6X
P15880	5A2Q
P15880	5AJ0
P15880	5FLX
P15880	5LKS
P15880	5OA3
P15880	5T2C
P15880	5VYC
P15880	6G18
P15880	6G4S
P15880	6G51
P15880	6G53
P15880	6G5H
P15880	6G5I
P15880	6IP5
P15880	6IP6
P15880	6IP8
P15880	6OLE
P15880	6OLF
P15880	6OLG
P15880	6OLI
P15880	6OLZ
P15880	6OM0
P15880	6OM7
P15880	6QZP
P15880	6XA1
P15880	6Y0G
P15880	6Y2L
P15880	6Y57
P15880	6YBD
P15880	6YBW
P15880	6Z6L
P15880	6Z6M
P15880	6Z6N
P15880	6ZLW
P15880	6ZM7
P15880	6ZME
P15880	6ZMI
P15880	6ZMO
P15880	6ZMT
P15880	6ZMW
P15880	6ZN5
P15880	6ZOJ
P15880	6ZOK
P15880	6ZON
P15880	6ZP4
P15880	6ZUO
P15880	6ZV6
P15880	6ZVH
P15880	6ZVJ
P15880	6ZXD
P15880	6ZXE
P15880	6ZXF
P15880	6ZXG
P15880	6ZXH
P15880	7A09
P15880	7JQB
P15880	7JQC
P15880	7K5I
P15880	7QP6
P15880	7QP7
P15880	7QVP
P15880	7R4X
P15880	7TQL
P15880	7WTV
P15880	7WTW
P15880	7WTX
P15880	7WTZ
P15880	7WU0
P15880	7XNX
P15880	7XNY
P15880	8G5Y
P15880	8G5Z
P15880	8G60
P15880	8G61
P15880	8G6J
P15880	8GLP
P15880	8IFD
P15880	8IFE
P15880	8JDJ
P15880	8JDK
P15880	8JDL
P15880	8JDM
P15880	8K2C
P15880	8OZ0
P15880	8PJ1
P15880	8PJ2
P15880	8PJ3
P15880	8PJ4
P15880	8PJ5
P15880	8PJ6
P15880	8PPK
P15880	8PPL
P15880	8QOI
P15880	8T4S
P15880	8XSX
P15880	8XSY
P15880	8XSZ
P15880	8XXL
P15880	8XXM
P15880	8XXN
P15880	8Y0W
P15880	8Y0X
P15880	8YOO
P15880	8YOP
P15880	9BKD
P15880	9BLN
P15880	9G8M
Q13336	6QD5
Q13336	8BLP
P20930	4PCW
P20936	1WER
P20936	1WQ1
P20936	2GQI
P20936	2GSB
P20936	2J05
P20936	2J06
P20936	2M51
P20936	4FSS
P20936	6PXB
P20936	6PXC
P20936	6WAX
P20936	6WAY
P20936	8BOS
P20936	8DGQ
Q8WXD5	1Y96
Q8WXD5	7BBL
P09936	2ETL
P09936	2LEN
P09936	3IFW
P09936	3IRT
P09936	3KVF
P09936	3KW5
P09936	4DM9
P09936	4JKJ
P09936	7ZM0
P09936	8DY8
P09936	8EDE
P09936	8PW1
P09936	8XI7
P37802	1WYM
O43822	8AXR
Q9Y566	6CPI
Q9Y566	6YWZ
Q9Y566	6YX0
Q9Y566	6YX1
Q9Y566	6YX2
Q9Y566	7A00
Q9Y566	8S1R
Q9H078	7TTR
Q9H078	7TTS
Q9H078	7US2
Q9H078	7XBK
Q9H078	7XC5
Q9H078	8DEH
Q9H078	8FDS
Q13113	7VSI
Q13113	7WMV
Q13113	7YNI
Q13113	7YNJ
Q13113	7YNK
Q13113	8HB0
Q13113	8HDH
Q13113	8HEZ
Q13113	8HG7
Q13113	8HIN
P37173	1KTZ
P37173	1M9Z
P37173	1PLO
P37173	2PJY
P37173	3KFD
P37173	4P7U
P37173	4XJJ
P37173	5E8V
P37173	5E8Y
P37173	5E91
P37173	5E92
P37173	5QIN
P37173	5TX4
P37173	5TY4
P37173	7DV6
P37173	8G4K
P37173	8GDT
P37173	8YGZ
Q16568	1HY9
Q96NI6	5XNP
Q96NI6	5XNQ
Q96NI6	5XWS
Q96NI6	5XWT
P00167	2I96
O75947	8H9F
O75947	8H9G
O75947	8H9J
O75947	8H9K
O75947	8H9M
O75947	8H9N
O75947	8H9Q
O75947	8H9R
O75947	8H9S
O75947	8H9T
O75947	8H9U
O75947	8H9V
O75947	8KHF
O75947	8KI3
Q6P4R8	3U21
Q6P4R8	4UF5
Q6P4R8	4UF6
Q6P4R8	4WLP
P33032	8INR
P33032	8IOD
Q53GL7	2DHX
Q53GL7	3HKV
Q53GL7	5LX6
Q53GL7	6FXI
P00451	1CFG
P00451	1D7P
P00451	1FAC
P00451	1IQD
P00451	2R7E
P00451	3CDZ
P00451	3HNB
P00451	3HNY
P00451	3HOB
P00451	3J2Q
P00451	3J2S
P00451	4BDV
P00451	4KI5
P00451	4PT6
P00451	4XZU
P00451	5K8D
P00451	6MF0
P00451	6MF2
P00451	7K66
P00451	7KBT
P00451	7KWO
P00451	8G6I
P00451	8TY1
P00451	9D5D
Q93009	1NB8
Q93009	1NBF
Q93009	1YY6
Q93009	1YZE
Q93009	2F1W
Q93009	2F1X
Q93009	2F1Y
Q93009	2F1Z
Q93009	2FOJ
Q93009	2FOO
Q93009	2FOP
Q93009	2KVR
Q93009	2XXN
Q93009	2YLM
Q93009	3MQR
Q93009	3MQS
Q93009	4JJQ
Q93009	4KG9
Q93009	4M5W
Q93009	4M5X
Q93009	4PYZ
Q93009	4WPH
Q93009	4WPI
Q93009	4YOC
Q93009	4YSI
Q93009	4Z96
Q93009	4Z97
Q93009	5C56
Q93009	5C6D
Q93009	5FWI
Q93009	5GG4
Q93009	5J7T
Q93009	5JTJ
Q93009	5JTV
Q93009	5KYB
Q93009	5KYC
Q93009	5KYD
Q93009	5KYE
Q93009	5KYF
Q93009	5N9R
Q93009	5N9T
Q93009	5NGE
Q93009	5NGF
Q93009	5UQV
Q93009	5UQX
Q93009	5VS6
Q93009	5VSB
Q93009	5VSK
Q93009	5WHC
Q93009	6F5H
Q93009	6M1K
Q93009	6P5L
Q93009	6VN2
Q93009	6VN3
Q93009	6VN4
Q93009	6VN5
Q93009	6VN6
Q93009	7CM2
Q93009	7VIJ
Q93009	7XHH
Q93009	7XHK
Q93009	7XPY
Q93009	8D4Z
Q9UEW8	7O86
P62906	4UG0
P62906	4V6X
P62906	5AJ0
P62906	5LKS
P62906	5T2C
P62906	6IP5
P62906	6LQM
P62906	6LSR
P62906	6LU8
P62906	6OLG
P62906	6QZP
P62906	6Y6X
P62906	6Z6L
P62906	6Z6M
P62906	6Z6N
P62906	6ZM7
P62906	6ZME
P62906	6ZMI
P62906	6ZMO
P62906	8FKT
P62906	8FKU
P62906	8FKV
P62906	8FKW
P62906	8FKX
P62906	8FKY
P62906	8FL2
P62906	8FL3
P62906	8FL4
P62906	8G5Y
P62906	8G60
P62906	8G61
P62906	8G6J
P62906	8IDY
P62906	8IFD
P62906	8IFE
P62906	8INF
P62906	8K2C
P62906	8OHD
P62906	8OJ0
P62906	8OJ5
P62906	8OJ8
P62906	8QFC
P62906	8XSX
P62906	8XSY
P62906	8Y0W
P62906	8YOP
P21796	2JK4
P21796	2K4T
P21796	5JDP
P21796	5XDN
P21796	5XDO
P21796	6G6U
P21796	6G73
P21796	6TIQ
P21796	6TIR
P21796	7QI2
P21796	8J0O
P0DMC3	7W0N
P0DMC3	7W0O
P0DMC3	7W0P
P06746	1BPX
P06746	1BPY
P06746	1BPZ
P06746	1MQ2
P06746	1MQ3
P06746	1TV9
P06746	1TVA
P06746	1ZJM
P06746	1ZJN
P06746	1ZQA
P06746	1ZQB
P06746	1ZQC
P06746	1ZQD
P06746	1ZQE
P06746	1ZQF
P06746	1ZQG
P06746	1ZQH
P06746	1ZQI
P06746	1ZQJ
P06746	1ZQK
P06746	1ZQL
P06746	1ZQM
P06746	1ZQN
P06746	1ZQO
P06746	1ZQP
P06746	1ZQQ
P06746	1ZQR
P06746	1ZQS
P06746	1ZQT
P06746	2FMP
P06746	2FMQ
P06746	2FMS
P06746	2I9G
P06746	2ISO
P06746	2ISP
P06746	2P66
P06746	2PXI
P06746	3C2K
P06746	3C2L
P06746	3C2M
P06746	3GDX
P06746	3ISB
P06746	3ISC
P06746	3ISD
P06746	3JPN
P06746	3JPO
P06746	3JPP
P06746	3JPQ
P06746	3JPR
P06746	3JPS
P06746	3JPT
P06746	3LK9
P06746	3MBY
P06746	3OGU
P06746	3RH4
P06746	3RH5
P06746	3RH6
P06746	3RJE
P06746	3RJF
P06746	3RJG
P06746	3RJH
P06746	3RJI
P06746	3RJJ
P06746	3RJK
P06746	3TFR
P06746	3TFS
P06746	4DO9
P06746	4DOA
P06746	4DOB
P06746	4DOC
P06746	4F5N
P06746	4F5O
P06746	4F5P
P06746	4F5Q
P06746	4F5R
P06746	4GXI
P06746	4GXJ
P06746	4GXK
P06746	4JWM
P06746	4JWN
P06746	4KLD
P06746	4KLE
P06746	4KLF
P06746	4KLG
P06746	4KLH
P06746	4KLI
P06746	4KLJ
P06746	4KLL
P06746	4KLM
P06746	4KLO
P06746	4KLQ
P06746	4KLS
P06746	4KLT
P06746	4KLU
P06746	4LVS
P06746	4M2Y
P06746	4M47
P06746	4M9G
P06746	4M9H
P06746	4M9J
P06746	4M9L
P06746	4M9N
P06746	4MF2
P06746	4MF8
P06746	4MFA
P06746	4MFC
P06746	4MFF
P06746	4NLK
P06746	4NLN
P06746	4NLZ
P06746	4NM1
P06746	4NM2
P06746	4NXZ
P06746	4NY8
P06746	4O5C
P06746	4O5E
P06746	4O5K
P06746	4O9M
P06746	4P2H
P06746	4PGQ
P06746	4PGX
P06746	4PGY
P06746	4PH5
P06746	4PHA
P06746	4PHD
P06746	4PHE
P06746	4PHP
P06746	4PPX
P06746	4R63
P06746	4R64
P06746	4R65
P06746	4R66
P06746	4RPX
P06746	4RPY
P06746	4RPZ
P06746	4RQ0
P06746	4RQ1
P06746	4RQ2
P06746	4RQ3
P06746	4RQ4
P06746	4RQ5
P06746	4RQ6
P06746	4RQ7
P06746	4RQ8
P06746	4RT2
P06746	4RT3
P06746	4TUP
P06746	4TUQ
P06746	4TUR
P06746	4TUS
P06746	4UAW
P06746	4UAY
P06746	4UAZ
P06746	4UB1
P06746	4UB2
P06746	4UB3
P06746	4UB4
P06746	4UB5
P06746	4UBB
P06746	4UBC
P06746	4YMM
P06746	4YMN
P06746	4YMO
P06746	4YN4
P06746	4Z6C
P06746	4Z6D
P06746	4Z6E
P06746	4Z6F
P06746	5BOL
P06746	5BOM
P06746	5BPC
P06746	5DB6
P06746	5DB7
P06746	5DB8
P06746	5DB9
P06746	5DBA
P06746	5DBB
P06746	5DBC
P06746	5EOZ
P06746	5HHH
P06746	5HHI
P06746	5J0O
P06746	5J0P
P06746	5J0Q
P06746	5J0R
P06746	5J0S
P06746	5J0T
P06746	5J0U
P06746	5J0W
P06746	5J0X
P06746	5J0Y
P06746	5J29
P06746	5J2A
P06746	5J2B
P06746	5J2C
P06746	5J2D
P06746	5J2E
P06746	5J2F
P06746	5J2G
P06746	5J2H
P06746	5J2I
P06746	5J2J
P06746	5J2K
P06746	5TB8
P06746	5TB9
P06746	5TBA
P06746	5TBB
P06746	5TBC
P06746	5TZV
P06746	5U2R
P06746	5U2S
P06746	5U2T
P06746	5U8G
P06746	5U8H
P06746	5U8I
P06746	5U9H
P06746	5UGN
P06746	5UGO
P06746	5UGP
P06746	5V1F
P06746	5V1G
P06746	5V1H
P06746	5V1I
P06746	5V1J
P06746	5V1N
P06746	5V1O
P06746	5V1P
P06746	5V1R
P06746	5VEZ
P06746	5VRW
P06746	5VRX
P06746	5VRY
P06746	5VRZ
P06746	5VS0
P06746	5VS1
P06746	5VS2
P06746	5VS3
P06746	5VS4
P06746	5WNX
P06746	5WNY
P06746	5WNZ
P06746	5WO0
P06746	6BEL
P06746	6BEM
P06746	6BTE
P06746	6BTF
P06746	6CLY
P06746	6CPQ
P06746	6CR3
P06746	6CR4
P06746	6CR5
P06746	6CR6
P06746	6CR7
P06746	6CR8
P06746	6CR9
P06746	6CRB
P06746	6CRC
P06746	6CRH
P06746	6CTI
P06746	6CTJ
P06746	6CTK
P06746	6CTL
P06746	6CTM
P06746	6CTN
P06746	6CTO
P06746	6CTP
P06746	6CTQ
P06746	6CTR
P06746	6CTT
P06746	6CTU
P06746	6CTV
P06746	6CTW
P06746	6CTX
P06746	6CU9
P06746	6CUA
P06746	6CUB
P06746	6DIA
P06746	6DIC
P06746	6E3R
P06746	6E3V
P06746	6E3W
P06746	6E3X
P06746	6G2Q
P06746	6MR7
P06746	6MR8
P06746	6N2R
P06746	6N2S
P06746	6N2T
P06746	6NKR
P06746	6NKS
P06746	6NKT
P06746	6NKU
P06746	6NKV
P06746	6NKW
P06746	6NKX
P06746	6NKY
P06746	6NKZ
P06746	6NL0
P06746	6PH5
P06746	6PH6
P06746	6PKZ
P06746	6U2O
P06746	6U6B
P06746	6UOK
P06746	6UOL
P06746	6UOM
P06746	6W2M
P06746	7ICE
P06746	7ICF
P06746	7ICG
P06746	7ICH
P06746	7ICI
P06746	7ICJ
P06746	7ICK
P06746	7ICL
P06746	7ICM
P06746	7ICN
P06746	7ICO
P06746	7ICP
P06746	7ICQ
P06746	7ICR
P06746	7ICS
P06746	7ICT
P06746	7ICU
P06746	7ICV
P06746	7K96
P06746	7K97
P06746	7MZ0
P06746	7MZ1
P06746	7MZ2
P06746	7MZ3
P06746	7MZ4
P06746	7MZ8
P06746	7RBE
P06746	7RBF
P06746	7RBG
P06746	7RBH
P06746	7RBI
P06746	7RBJ
P06746	7RBK
P06746	7RBL
P06746	7RBM
P06746	7RBN
P06746	7RBO
P06746	7S9J
P06746	7S9K
P06746	7S9L
P06746	7S9M
P06746	7S9N
P06746	7S9O
P06746	7S9P
P06746	7S9Q
P06746	8ICA
P06746	8ICB
P06746	8ICC
P06746	8ICE
P06746	8ICF
P06746	8ICG
P06746	8ICH
P06746	8ICI
P06746	8ICJ
P06746	8ICK
P06746	8ICL
P06746	8ICM
P06746	8ICN
P06746	8ICO
P06746	8ICP
P06746	8ICQ
P06746	8ICR
P06746	8ICS
P06746	8ICT
P06746	8ICU
P06746	8ICV
P06746	8ICW
P06746	8ICX
P06746	8ICY
P06746	8ICZ
P06746	8VF8
P06746	8VF9
P06746	8VFA
P06746	8VFB
P06746	8VFC
P06746	8VFD
P06746	8VFE
P06746	8VFF
P06746	8VFG
P06746	8VFH
P06746	8VFI
P06746	8VFJ
P06746	9ICA
P06746	9ICB
P06746	9ICC
P06746	9ICE
P06746	9ICF
P06746	9ICG
P06746	9ICH
P06746	9ICI
P06746	9ICJ
P06746	9ICK
P06746	9ICL
P06746	9ICM
P06746	9ICN
P06746	9ICO
P06746	9ICP
P06746	9ICQ
P06746	9ICR
P06746	9ICS
P06746	9ICT
P06746	9ICU
P06746	9ICV
P06746	9ICW
P06746	9ICX
P06746	9ICY
Q10570	6BLY
Q10570	6BM0
Q10570	6DNH
Q10570	6F9N
Q10570	6FUW
Q10570	6URG
Q10570	6URO
Q10570	8E3I
Q10570	8E3Q
Q10570	8R8R
Q6P1M3	3WP0
Q6P1M3	3WP1
Q6P1M3	6N8P
Q6P1M3	6N8Q
Q6P1M3	6N8R
Q6P1M3	6N8S
Q14162	8HN0
Q14162	8HNA
Q6P0Q8	2KQF
Q6P0Q8	2KYL
O75582	1VZO
O75582	3KN5
O75582	3KN6
O75582	7UP4
O75582	7UP5
O75582	7UP6
O75582	7UP7
O75582	7UP8
Q96CA5	1OXN
Q96CA5	1OXQ
Q96CA5	1OY7
Q96CA5	1TW6
Q96CA5	2I3H
Q96CA5	2I3I
Q96CA5	3F7G
Q96CA5	3F7H
Q96CA5	3F7I
Q96CA5	3GT9
Q96CA5	3GTA
Q96CA5	3UW5
Q96CA5	4AUQ
Q9Y275	1JH5
Q9Y275	1KD7
Q9Y275	1KXG
Q9Y275	1OQD
Q9Y275	1OQE
Q9Y275	1OSG
Q9Y275	3V56
Q9Y275	4V46
Q9Y275	4ZCH
Q9Y275	5Y9J
Q9Y275	6FXN
O94916	1IMH
Q8WUQ7	6QDV
Q8WUQ7	7W5A
Q8WUQ7	7W5B
Q8WUQ7	8C6J
Q8WUQ7	9FMD
O15353	5OCN
O15353	6EL8
Q9NPZ5	2D0J
O43598	4P5E
O43598	8OS9
O43598	8OSC
O43598	8QHQ
O43598	8QHR
P05166	7YBU
Q99704	2V76
P13726	1AHW
P13726	1BOY
P13726	1DAN
P13726	1FAK
P13726	1J9C
P13726	1JPS
P13726	1O5D
P13726	1TFH
P13726	1UJ3
P13726	1W0Y
P13726	1W2K
P13726	1WQV
P13726	1WSS
P13726	1WTG
P13726	1WUN
P13726	1WV7
P13726	1Z6J
P13726	2A2Q
P13726	2AEI
P13726	2AER
P13726	2B7D
P13726	2B8O
P13726	2C4F
P13726	2CEF
P13726	2CEH
P13726	2CEZ
P13726	2CFJ
P13726	2EC9
P13726	2F9B
P13726	2FIR
P13726	2FLB
P13726	2FLR
P13726	2HFT
P13726	2PUQ
P13726	2ZP0
P13726	2ZWL
P13726	2ZZU
P13726	3ELA
P13726	3TH2
P13726	3TH3
P13726	3TH4
P13726	4IBL
P13726	4M7L
P13726	4YLQ
P13726	4Z6A
P13726	4ZMA
P13726	5W06
P13726	6R2W
P13726	6Z9W
P13726	8CN9
P13726	8QOD
P13726	8QQ6
O14917	6VFT
P51970	5XTC
P51970	5XTD
P51970	5XTH
P51970	5XTI
Q9GZT3	8ANY
Q16512	1CXZ
Q16512	1URF
Q16512	2RMK
Q16512	4NKG
Q16512	4OTD
Q16512	4OTG
Q16512	4OTH
Q16512	4OTI
Q9BSY4	2LQL
Q8WUA2	7QTT
Q8WUA2	8CH6
Q8WUA2	8I0S
Q8WUA2	8I0T
Q8WUA2	8I0U
Q8WUA2	8I0V
P57772	5IZK
P57772	5IZL
P57772	5IZM
P57772	7ZJW
Q9BV47	2E0T
Q9BV47	4B04
Q9BV47	4HRF
Q9BV47	5GTJ
P40337	1LM8
P40337	1LQB
P40337	1VCB
P40337	3ZRC
P40337	3ZRF
P40337	3ZTC
P40337	3ZTD
P40337	3ZUN
P40337	4AJY
P40337	4AWJ
P40337	4B95
P40337	4B9K
P40337	4BKS
P40337	4BKT
P40337	4W9C
P40337	4W9D
P40337	4W9E
P40337	4W9F
P40337	4W9G
P40337	4W9H
P40337	4W9I
P40337	4W9J
P40337	4W9K
P40337	4W9L
P40337	4WQO
P40337	5LLI
P40337	5N4W
P40337	5NVV
P40337	5NVW
P40337	5NVX
P40337	5NVY
P40337	5NVZ
P40337	5NW0
P40337	5NW1
P40337	5NW2
P40337	5T35
P40337	6BVB
P40337	6FMI
P40337	6FMJ
P40337	6FMK
P40337	6GFX
P40337	6GFY
P40337	6GFZ
P40337	6GMN
P40337	6GMQ
P40337	6GMR
P40337	6GMX
P40337	6HAX
P40337	6HAY
P40337	6HR2
P40337	6I7Q
P40337	6I7R
P40337	6R6H
P40337	6R7F
P40337	6SIS
P40337	6ZHC
P40337	7CJB
P40337	7JTO
P40337	7JTP
P40337	7KHH
P40337	7PI4
P40337	7Q2J
P40337	7S4E
P40337	7Z6L
P40337	7Z76
P40337	7Z77
P40337	7ZNT
P40337	8BB2
P40337	8BB3
P40337	8BB4
P40337	8BB5
P40337	8BDI
P40337	8BDJ
P40337	8BDL
P40337	8BDM
P40337	8BDN
P40337	8BDO
P40337	8BDS
P40337	8BDT
P40337	8BDX
P40337	8BEB
P40337	8C13
P40337	8CQE
P40337	8CQK
P40337	8CQL
P40337	8EI3
P40337	8EWV
P40337	8FY0
P40337	8FY1
P40337	8FY2
P40337	8G1P
P40337	8G1Q
P40337	8P0F
P40337	8PC2
P40337	8QJR
P40337	8QJS
P40337	8QU8
P40337	8QVU
P40337	8QW6
P40337	8QW7
P40337	8R5H
P40337	8RWZ
P40337	8RX0
P40337	8VL9
P40337	8VLB
P40337	8WDK
P40337	9BJU
P40337	9BOL
P40337	9EQJ
P40337	9EQM
Q8NFZ0	8F5Q
P49914	3HXT
P49914	3HY3
P49914	3HY4
P49914	3HY6
Q96FJ0	2ZNR
Q96FJ0	2ZNV
Q96FJ0	7L97
P06400	1AD6
P06400	1GH6
P06400	1GUX
P06400	1H25
P06400	1N4M
P06400	1O9K
P06400	1PJM
P06400	2AZE
P06400	2QDJ
P06400	2R7G
P06400	3N5U
P06400	3POM
P06400	4CRI
P06400	4ELJ
P06400	4ELL
O95995	8J07
Q86WR0	7EOE
Q86WR0	7EOF
Q86WR0	8WOH
Q13018	6JLI
Q13018	7QSR
Q6MZZ7	2I7A
P25024	1ILP
P25024	1ILQ
P25024	2LNL
P25024	6XMN
P25024	8IC0
Q9Y6W8	6X4G
Q9Y6W8	7JOO
Q96DR4	6L1D
Q96DR4	6L1M
Q9NXV2	3DRX
Q9NXV2	3DRY
Q9NXV2	3DRZ
Q9NXV2	8U7Z
Q9NXV2	8U80
Q9NXV2	8U81
Q9NXV2	8U82
Q9NXV2	8U83
Q9NXV2	8U84
Q9H228	7EW1
Q9H228	7YXA
A6NEQ2	6SEO
Q6DD88	5VGR
Q6DD88	6XJO
Q13635	6DMB
Q13635	6DMO
Q13635	6DMY
Q13635	6E1H
Q13635	6N7G
Q13635	6N7H
Q13635	6N7K
Q13635	6OEU
Q13635	6OEV
Q13635	6RMG
Q13635	6RTW
Q13635	6RTX
Q13635	6RTY
Q13635	6RVC
Q13635	6RVD
Q9NRP0	6S7O
Q9NRP0	8B6L
Q9NRP0	8PN9
Q9UPN6	2DIW
Q9UPN6	3D9I
Q9UPN6	3D9J
Q9UPN6	3D9K
Q9UPN6	3D9L
Q9UPN6	3D9M
Q9UPN6	3D9N
Q9UPN6	3D9O
Q9UPN6	3D9P
Q16611	1BXL
Q16611	2IMS
Q16611	2IMT
Q16611	2JBY
Q16611	2JCN
Q16611	2LP8
Q16611	2M5B
Q16611	2XPX
Q16611	2YV6
Q16611	3I1H
Q16611	3QBR
Q16611	4D2L
Q16611	4U2U
Q16611	4U2V
Q16611	4UF1
Q16611	5AJK
Q16611	5FMI
Q16611	5FMK
Q16611	5VWV
Q16611	5VWW
Q16611	5VWX
Q16611	5VWY
Q16611	5VWZ
Q16611	5VX0
Q16611	5VX1
Q16611	6ODH
Q16611	6UXM
Q16611	6UXN
Q16611	6UXO
Q16611	6UXP
Q16611	6UXQ
Q16611	6UXR
Q16611	7K02
Q16611	7LK4
Q16611	7M5A
Q16611	7M5B
Q16611	7OFM
Q16611	7OFO
Q16611	8CZF
Q16611	8CZG
Q16611	8CZH
Q16611	8GSV
Q16611	8IGC
Q16611	8IVB
Q16611	8SRX
Q16611	8SRY
Q16611	8UKY
P00450	1KCW
P00450	2J5W
P00450	4EJX
P00450	4ENZ
Q9H4A3	4PWN
Q9H4A3	5TF9
Q9H4A3	5WDY
Q9H4A3	5WE8
Q9H4A3	6FBK
Q15506	8J07
Q16825	8GVL
Q16825	8GVV
Q16825	8GWH
Q16825	8GXE
Q16825	8Y8Y
Q13835	1XM9
O00463	7L3L
P06744	1IAT
P06744	1IRI
P06744	1JIQ
P06744	1JLH
P06744	1NUH
P06744	6XUH
P06744	6XUI
P06744	8BBH
P06744	8P2K
P26012	6DJP
P26012	6OM1
P26012	6OM2
P26012	6UJA
P26012	6UJB
P26012	6UJC
P26012	7Y1T
P26012	8TCF
P26012	8VS6
P26012	8VSD
Q712K3	6NYO
Q712K3	8PQL
Q712K3	8Q7R
Q712K3	8R5H
Q9NQW7	3CTZ
O43143	5XDR
O43143	6ID1
O43143	6SH6
O43143	6SH7
O43143	8EJM
O43143	8RO2
Q13478	3WO3
Q13478	3WO4
Q13478	4R6U
P06729	1CDB
P06729	1GYA
P06729	1HNF
P06729	1L2Z
P06729	1QA9
P06729	2J6O
P06729	2J7I
P16220	2LXT
P16220	5ZK1
P16220	5ZKO
P16220	7TBH
P04844	6S7O
P04844	6S7T
P04844	8B6L
P04844	8PN9
P10451	3CXD
P10451	3DSF
P10451	9EOU
P49753	3HLK
Q9BZ23	5E26
Q969V3	6W6L
Q969V3	9C7U
Q969V3	9C7V
P20042	6K71
P20042	6K72
P20042	6YBV
P20042	6ZMW
P20042	6ZP4
P20042	7A09
P20042	7D43
P20042	7QP6
P20042	8OZ0
P20042	8PJ1
P20042	8PPL
O15552	8J22
O15552	8J23
O15552	8J24
O15552	8T3S
Q86W50	2H00
Q86W50	6B91
Q86W50	6B92
Q86W50	6DU4
Q86W50	6DU5
Q86W50	6GFK
Q86W50	6GFN
Q86W50	6GT5
Q86W50	6M1U
Q9NZN9	5U9A
Q9NZN9	5U9I
Q9NZN9	5U9J
Q9NZN9	5U9K
Q9NZN9	5V35
Q9NZN9	6PX0
Q92772	4AAA
Q92772	4BBM
P37023	2LCR
P37023	3MY0
P37023	4FAO
P37023	6SF1
P37023	6SF2
P37023	6SF3
P37023	7PPC
P18509	1GEA
P18509	2D2P
P18509	2JOD
P18509	6LPB
P18509	6M1I
P18509	6P9Y
P18509	6VN7
P18509	7VQX
P18509	7WBJ
P18509	8E3X
P18509	8E3Y
P31749	1H10
P31749	1UNP
P31749	1UNQ
P31749	1UNR
P31749	2UVM
P31749	2UZR
P31749	2UZS
P31749	3CQU
P31749	3CQW
P31749	3MV5
P31749	3MVH
P31749	3O96
P31749	3OCB
P31749	3OW4
P31749	3QKK
P31749	3QKL
P31749	3QKM
P31749	4EJN
P31749	4EKK
P31749	4EKL
P31749	4GV1
P31749	5KCV
P31749	6BUU
P31749	6CCY
P31749	6HHF
P31749	6HHG
P31749	6HHH
P31749	6HHI
P31749	6HHJ
P31749	6NPZ
P31749	6S9W
P31749	6S9X
P31749	7APJ
P31749	7MYX
P31749	7NH4
P31749	7NH5
P31749	8JOW
P31749	8UVY
P31749	8UW2
P31749	8UW7
P31749	8UW9
P52209	2JKV
P52209	4GWG
P52209	4GWK
P52209	5UQ9
Q96L92	4HAS
Q96L92	5ZN9
Q96L92	6SAK
Q96L92	7CT1
Q96L92	7E0B
Q96L92	7P72
Q96L92	7PCB
Q96L92	8TTT
Q96L92	8TTU
Q96L92	8TTV
Q7L2J0	5UNA
Q7L2J0	6DCB
Q7L2J0	6DCC
Q7L2J0	7SLP
Q7L2J0	7SLQ
Q8TC29	7UNG
Q8TC29	8J07
Q96MS0	6POG
Q96MS0	6POK
Q96MS0	6POL
Q9BV23	7OTS
O43854	4D90
Q86SR1	2D7I
Q86SR1	2D7R
P04839	3A1F
P04839	7U8G
P04839	8GZ3
P04839	8WEJ
P04839	8X2L
Q96L50	7PLO
P55042	2DPX
P55042	2GJS
P55042	3Q72
P55042	3Q7P
P55042	3Q7Q
Q9UJX6	4UI9
Q9UJX6	4YII
Q9UJX6	5A31
Q9UJX6	5G04
Q9UJX6	5G05
Q9UJX6	5KHR
Q9UJX6	5KHU
Q9UJX6	5L9T
Q9UJX6	5L9U
Q9UJX6	5LCW
Q9UJX6	6NXK
Q9UJX6	6OB1
Q9UJX6	6Q6G
Q9UJX6	6Q6H
Q9UJX6	6TLJ
Q9UJX6	6TM5
Q9UJX6	6TNT
Q9UJX6	8PKP
Q9UJX6	8TAR
Q9UJX6	8TAU
Q9UJX6	9GAW
Q8IWT1	4MZ2
Q8IWT1	4MZ3
Q8IWT1	5XAW
Q8IWT1	6VSV
Q8IWT1	7DTD
Q15583	2LK2
Q15583	6FQP
Q15583	6FQQ
Q96FZ2	5KO9
Q96FZ2	6OE7
Q96FZ2	6OEA
Q96FZ2	6OEB
Q96FZ2	6OOV
Q15907	2F9L
Q15907	2F9M
Q15907	4OJK
P23141	1MX1
P23141	1MX5
P23141	1MX9
P23141	1YA4
P23141	1YA8
P23141	1YAH
P23141	1YAJ
P23141	2DQY
P23141	2DQZ
P23141	2DR0
P23141	2H7C
P23141	2HRQ
P23141	2HRR
P23141	3K9B
P23141	4AB1
P23141	5A7F
P23141	5A7G
P23141	5A7H
P23141	8EOR
P10321	1EFX
P10321	1IM9
P10321	1QQD
P10321	3BZF
P10321	4NT6
P10321	5VGD
P10321	5VGE
P10321	5W67
P10321	5W69
P10321	5W6A
P10321	6JTO
P10321	6PA1
P10321	6PAG
P13747	1KPR
P13747	1KTL
P13747	1MHE
P13747	2ESV
P13747	3AM8
P13747	3BZE
P13747	3BZF
P13747	3CDG
P13747	3CII
P13747	5W1V
P13747	5W1W
P13747	6GGM
P13747	6GH1
P13747	6GH4
P13747	6GHN
P13747	6GL1
P13747	6ZKW
P13747	6ZKX
P13747	6ZKY
P13747	6ZKZ
P13747	7BH8
P13747	7NDQ
P13747	7NDT
P13747	7NDU
P13747	7P49
P13747	7P4B
P13747	8QFY
P13747	8RLT
P13747	8RLU
P13747	8RLV
Q9HD34	5USR
Q9HD34	5WGB
Q9HD34	5WKP
Q9HD34	5WLW
Q9HD34	6NZU
Q9HD34	6ODD
Q9HD34	6UXE
Q9HD34	6W1D
Q9HD34	6WI2
Q9HD34	6WIH
Q9HD34	7RTK
Q9HD34	8PK8
Q9HD34	8PK9
Q9HD34	8PKA
Q9HD34	8TVT
P02730	1BH7
P02730	1BNX
P02730	1BTQ
P02730	1BTR
P02730	1BTS
P02730	1BTT
P02730	1BZK
P02730	1HYN
P02730	2BTA
P02730	2BTB
P02730	3BTB
P02730	4KY9
P02730	4YZF
P02730	7TVZ
P02730	7TW0
P02730	7TW1
P02730	7TW2
P02730	7TW3
P02730	7TW5
P02730	7TW6
P02730	7TY4
P02730	7TY6
P02730	7TY7
P02730	7TY8
P02730	7TYA
P02730	7UZ3
P02730	7UZU
P02730	7UZV
P02730	7V07
P02730	7V0K
P02730	7V0M
P02730	7V0T
P02730	7V0U
P02730	7V0Y
P02730	7V19
P02730	8CRQ
P02730	8CRR
P02730	8CRT
P02730	8CS9
P02730	8CSL
P02730	8CSV
P02730	8CSY
P02730	8CT3
P02730	8CTE
P02730	8T3R
P02730	8T3U
P02730	8T44
P02730	8T45
P02730	8T47
P02730	8T6U
P02730	8T6V
Q9P275	8BS3
Q9P275	8BS9
P22830	1HRK
P22830	2HRC
P22830	2HRE
P22830	2PNJ
P22830	2PO5
P22830	2PO7
P22830	2QD1
P22830	2QD2
P22830	2QD3
P22830	2QD4
P22830	2QD5
P22830	3AQI
P22830	3HCN
P22830	3HCO
P22830	3HCP
P22830	3HCR
P22830	3W1W
P22830	4F4D
P22830	4KLA
P22830	4KLC
P22830	4KLR
P22830	4KMM
P22830	4MK4
P22830	7CT7
P22830	7CTC
Q9H7C9	2AB1
Q9H7C9	2Q4Q
Q9UJY5	1J2J
Q9UJY5	1JWF
Q9UJY5	1JWG
Q9UJY5	1NA8
Q9UJY5	1NAF
Q9UJY5	1NWM
Q9UJY5	1O3X
Q9UJY5	1OM9
Q9UJY5	1OXZ
Q9UJY5	1PY1
Q9UJY5	1UJJ
Q9UJY5	1UJK
Q9UJY5	1X79
Q9UJY5	2DWX
Q9UJY5	2DWY
Q9UJY5	3G2S
Q9UJY5	3G2T
Q9UJY5	3G2U
Q9UJY5	3G2V
Q9UJY5	3G2W
Q15080	1H6H
Q15080	1OEY
Q15080	1W6X
Q15080	1W70
Q15080	1Z9Q
Q15080	2DYB
Q8TB24	3U23
Q8TB24	4WCI
O15498	6J74
O15498	6J7F
O15498	6J7X
Q8IY81	8FKP
Q8IY81	8FKQ
Q8IY81	8FKR
Q8IY81	8FKS
Q8IY81	8FKT
Q8IY81	8FKU
Q8IY81	8FKV
Q8IY81	8FKW
Q8IY81	8FKX
Q8IY81	8FKY
Q8IY81	8IR1
Q9UQL6	5UWI
Q9UQL6	8Q9P
Q16633	1CQT
Q9Y478	4CFE
Q9Y478	4CFF
Q9Y478	4ZHX
Q9Y478	5EZV
Q9Y478	5ISO
Q9Y478	6B1U
Q9Y478	6C9F
Q9Y478	6C9G
Q9Y478	6C9H
Q9Y478	6C9J
Q9Y478	7MYJ
Q9Y478	8BIK
P63208	1FQV
P63208	1FS1
P63208	1FS2
P63208	1LDK
P63208	1P22
P63208	2ASS
P63208	2AST
P63208	2E31
P63208	2E32
P63208	2OVP
P63208	2OVQ
P63208	2OVR
P63208	3L2O
P63208	3WSO
P63208	4I6J
P63208	5IBK
P63208	5JH5
P63208	5K35
P63208	5V4B
P63208	5VZT
P63208	5VZU
P63208	5XYL
P63208	6BVA
P63208	6BYH
P63208	6C16
P63208	6M90
P63208	6M91
P63208	6M92
P63208	6M93
P63208	6M94
P63208	6O60
P63208	6TTU
P63208	6VCD
P63208	6W66
P63208	6WCQ
P63208	6WNX
P63208	7B5L
P63208	7B5M
P63208	7B5R
P63208	7T1Y
P63208	7T1Z
P63208	7Z8B
P63208	7Z8T
P63208	7Z8V
P63208	7ZBW
P63208	7ZBZ
P63208	8BYA
P63208	8BYL
P63208	8CDJ
P63208	8CDK
P63208	8OR0
P63208	8OR3
P63208	8OR4
P63208	9JKB
P42892	3DWB
P40238	8G04
O15446	7OB9
O15446	7OBA
O15446	7OBB
O15446	7VBA
O15446	7VBB
O15446	7VBC
O15446	8A43
P43363	7PBC
P43363	7PDW
P43363	7QPJ
P53365	1I49
P53365	1I4D
P53365	1I4L
P53365	1I4T
P53365	4DCN
Q8TEB7	3ICU
Q08AE8	2YLE
Q08AE8	2YLF
Q08AE8	3R7G
Q08AE8	3RBW
P34059	4FDI
P34059	4FDJ
P28335	6BQG
P28335	6BQH
P28335	8DPF
P28335	8DPG
P28335	8DPH
P28335	8DPI
P28335	8ZMF
Q9BRX2	1X52
Q9BRX2	5EO3
Q9BRX2	5LZW
Q9BRX2	5LZX
Q9BRX2	5LZY
Q9BRX2	5LZZ
Q8WYP5	7R5J
Q8WYP5	7R5K
O75084	4Z33
O75084	5T44
O75084	5URV
O75084	5WBS
O75084	6NE2
O75084	6NE4
O75084	6O3A
O75084	6O3B
O75084	8QEO
O75084	8YY8
O75084	9EPO
O75084	9EW2
Q96S42	4N1D
P09681	1T5Q
P09681	2B4N
P09681	2L70
P09681	2L71
P09681	2OBU
P09681	2QKH
P09681	7DTY
P09681	7RA3
Q13112	7Y5K
Q13112	7Y5L
Q13112	7Y5O
Q13112	7Y5U
Q13112	7Y5V
Q13112	7Y60
Q13112	7Y61
Q13112	8IQF
Q13112	8IQG
Q13112	8J6S
Q13112	8J6T
P55040	2CJW
P55040	2G3Y
P55040	2HT6
Q8IX90	4AJ5
Q9UGN4	2Q87
O43298	2CSH
O43298	8YMZ
P19835	1F6W
P19835	1JMY
P19835	6H0T
P19835	6H0V
P19835	6H18
P19835	6H19
P19835	6H1A
O95167	5XTC
O95167	5XTD
O95167	5XTH
O95167	5XTI
Q9H477	2FV7
Q9H477	5BYC
Q9H477	5BYD
Q9H477	5BYE
Q9H477	5BYF
Q9H477	5C3Y
Q9H477	5C3Z
Q9H477	5C40
Q9H477	5C41
Q9H477	6WJZ
Q9H477	6WK0
Q01780	2CPR
Q01780	3SAF
Q01780	3SAG
Q01780	3SAH
Q01780	6D6Q
Q01780	6D6R
Q01780	7MQA
P55087	3GD8
O95747	2V3S
O95747	2VWI
O95747	3DAK
O95747	7OKW
Q9Y5U2	7PX3
Q9Y5U2	8Q7Q
Q9Y5U2	8Q7V
O60602	3J0A
O60602	8AR2
P14555	1AYP
P14555	1BBC
P14555	1DB4
P14555	1DB5
P14555	1DCY
P14555	1J1A
P14555	1KQU
P14555	1KVO
P14555	1N28
P14555	1N29
P14555	1POD
P14555	1POE
P14555	3U8B
P14555	3U8D
P14555	3U8H
P14555	3U8I
P14555	5G3N
Q96EL3	3J7Y
Q96EL3	3J9M
Q96EL3	5OOL
Q96EL3	5OOM
Q96EL3	6I9R
Q96EL3	6NU2
Q96EL3	6NU3
Q96EL3	6VLZ
Q96EL3	6VMI
Q96EL3	6ZM5
Q96EL3	6ZM6
Q96EL3	6ZS9
Q96EL3	6ZSA
Q96EL3	6ZSB
Q96EL3	6ZSC
Q96EL3	6ZSD
Q96EL3	6ZSE
Q96EL3	6ZSG
Q96EL3	7A5F
Q96EL3	7A5G
Q96EL3	7A5H
Q96EL3	7A5I
Q96EL3	7A5J
Q96EL3	7A5K
Q96EL3	7L08
Q96EL3	7L20
Q96EL3	7O9K
Q96EL3	7O9M
Q96EL3	7ODR
Q96EL3	7ODS
Q96EL3	7ODT
Q96EL3	7OF0
Q96EL3	7OF2
Q96EL3	7OF3
Q96EL3	7OF4
Q96EL3	7OF5
Q96EL3	7OF6
Q96EL3	7OF7
Q96EL3	7OG4
Q96EL3	7OI6
Q96EL3	7OI7
Q96EL3	7OI8
Q96EL3	7OI9
Q96EL3	7OIA
Q96EL3	7OIB
Q96EL3	7OIC
Q96EL3	7OID
Q96EL3	7OIE
Q96EL3	7PD3
Q96EL3	7PO4
Q96EL3	7QI4
Q96EL3	7QI5
Q96EL3	7QI6
Q96EL3	8ANY
Q96EL3	8K2A
Q96EL3	8K2B
Q96EL3	8OIR
Q96EL3	8OIT
Q96EL3	8PK0
Q96EL3	8QSJ
Q96EL3	8QU5
Q96EL3	8XT0
Q96EL3	8XT1
Q96EL3	8XT2
Q96EL3	8XT3
P04440	3LQZ
P04440	4P4K
P04440	4P4R
P04440	4P57
P04440	4P5K
P04440	4P5M
P04440	7T2A
P04440	7T2B
P04440	7T2C
P04440	7T2D
P02655	1BY6
P02655	1I5J
P02655	1O8T
P02655	1SOH
Q9BRL6	2DNM
Q8IYH5	2FC7
Q8IYH5	2YUM
Q8IYH5	6E83
Q8IYH5	6E86
P11908	7YK1
Q9NY59	5UVG
Q96BR1	6EDX
Q9BXM0	4CMZ
P01137	1KLA
P01137	1KLC
P01137	1KLD
P01137	3KFD
P01137	4KV5
P01137	5FFO
P01137	5VQP
P01137	6OM2
P01137	6P7J
P01137	7Y1R
P01137	7Y1T
P01137	8UDZ
P01137	8VSC
O43186	9B8U
O15399	7YFF
O15399	7YFL
O15399	7YFM
O15399	7YFO
O15399	7YFR
O15399	8E96
Q99543	2M2E
Q99543	6CGH
P31937	2GF2
P31937	2I9P
P48645	7W53
P48645	7W55
P48645	7XK8
P78364	2L8E
Q9UI10	6CAJ
Q9UI10	6EZO
Q9UI10	6K71
Q9UI10	6K72
Q9UI10	6O81
Q9UI10	6O85
Q9UI10	6O9Z
Q9UI10	7D43
Q9UI10	7D44
Q9UI10	7D45
Q9UI10	7D46
Q9UI10	7F64
Q9UI10	7F66
Q9UI10	7F67
Q9UI10	7KMF
Q9UI10	7L70
Q9UI10	7L7G
Q9UI10	7RLO
Q9UI10	7TRJ
Q9UI10	7VLK
Q9UI10	8TQO
Q9UI10	8TQZ
O43676	5XTC
O43676	5XTD
O43676	5XTH
O43676	5XTI
Q7Z6M4	4FP9
Q7Z6M4	4FZV
Q7Z6M4	7O9K
Q7Z6M4	7O9M
Q7Z6M4	7ODR
Q7Z6M4	7ODS
Q7Z6M4	7ODT
Q7Z6M4	7OF0
Q7Z6M4	7OF3
Q7Z6M4	7OF5
Q7Z6M4	7OF7
Q7Z6M4	7OIC
Q7Z6M4	7PD3
Q7Z6M4	8PK0
Q7Z6M4	8QSJ
P22891	3F1S
P22891	3H5C
Q9HBU1	2DMT
O75880	1WP0
O75880	2GGT
O75880	2GQK
O75880	2GQL
O75880	2GQM
O75880	2GT5
O75880	2GT6
O75880	2GVP
O75880	2HRF
O75880	2HRN
Q99523	3F6K
Q99523	3G2U
Q99523	3G2V
Q99523	4MSL
Q99523	4N7E
Q99523	4PO7
Q99523	5MRH
Q99523	5MRI
Q99523	6EHO
Q99523	6X3L
Q99523	6X48
Q99523	6X4H
Q99523	8T8R
Q99523	8T8S
Q9H8W5	2DS4
Q14674	7NJ0
Q14674	7NJ1
Q9Y613	3DAD
Q9Y613	6XF1
Q9Y613	6XF2
Q9H0F5	1X4J
Q9H0F5	4V3K
Q9H0F5	4V3L
Q9H0F5	7OJX
Q9H777	3ZWF
Q86X55	2Y1W
Q86X55	2Y1X
Q86X55	4IKP
Q86X55	5DWQ
Q86X55	5DX0
Q86X55	5DX1
Q86X55	5DX8
Q86X55	5DXA
Q86X55	5DXJ
Q86X55	5U4X
Q86X55	6ARJ
Q86X55	6ARV
Q86X55	6D2L
Q86X55	6DVR
Q86X55	6IZQ
Q86X55	6S70
Q86X55	6S71
Q86X55	6S74
Q86X55	6S77
Q86X55	6S79
Q86X55	6S7A
Q86X55	6S7B
Q86X55	6S7C
Q86X55	7FAI
Q86X55	7FAJ
Q86X55	7U9I
Q86X55	8G2H
Q86X55	8G2I
Q86X55	8SIG
Q86X55	8SIH
P31415	3UOM
P31415	5CRD
P31415	5CRE
P31415	5CRG
P31415	5CRH
P31415	8F48
Q9UBH6	5IJH
Q9UBH6	8TYU
Q9UBH6	8TYV
Q9UBH6	8X5B
Q9UBH6	8X5E
Q9UBH6	8X5F
Q9UBH6	8YET
Q9UBH6	8YEX
Q9UBH6	8YF4
Q9UBH6	8YFD
Q9UBH6	8YFU
Q9UBH6	8YFW
Q9UBH6	8YFX
Q9UBH6	9IWS
Q96CS2	7SQK
Q86W24	4N1J
Q86W24	4N1K
Q86W24	4N1L
Q9UPX8	8ATJ
Q9UPX8	8B10
Q9P126	2C6U
Q9P126	3WSR
Q9P126	3WWK
P33993	6XTX
P33993	6XTY
P33993	7PFO
P33993	7PLO
P33993	7W1Y
P33993	7W68
P33993	8B9D
P33993	8S09
P33993	8S0A
P33993	8S0B
P33993	8S0D
P33993	8S0E
P33993	8S0F
P33993	8W0E
P33993	8W0F
P33993	8W0G
P33993	8W0I
P33993	9CAQ
P51170	6BQN
P51170	6WTH
Q9HBX9	2JM4
Q9HBX9	2M7P
Q9HBX9	7TMW
P61599	6VP9
P61599	7STX
P61599	8G0L
P07360	1IW2
P07360	1LF7
P07360	2OVA
P07360	2OVD
P07360	2OVE
P07360	2QOS
P07360	2RD7
P07360	3OJY
P07360	6H03
P07360	6H04
P07360	7NYC
P07360	7NYD
P07360	8B0F
P07360	8B0G
P07360	8B0H
Q6DWJ6	7VUG
Q6DWJ6	7VUH
Q6DWJ6	7VUI
Q6DWJ6	7VUJ
P46089	8U8F
P46089	8WW2
P46089	8X2K
Q3MIR4	7VGH
A6ND01	5F4E
A6ND01	5F4Q
A6ND01	5JKA
A6ND01	5JKB
A6ND01	5JKC
A6ND01	5JKD
A6ND01	5JKE
Q14982	5UV6
Q9NQR1	1ZKK
Q9NQR1	2BQZ
Q9NQR1	3F9W
Q9NQR1	3F9X
Q9NQR1	3F9Y
Q9NQR1	3F9Z
Q9NQR1	4IJ8
Q9NQR1	5HQ2
Q9NQR1	5T5G
Q9NQR1	5TEG
Q9NQR1	5TH7
Q9NQR1	5V2N
Q9NQR1	5W1Y
Q9NQR1	6BOZ
Q9NQR1	7D1Z
Q9NQR1	7D20
Q9NQR1	7XPX
P31321	4DIN
P31321	4F9K
Q96DE0	2XSQ
Q96DE0	3COU
Q96DE0	3MGM
Q96DE0	5VY2
Q96DE0	5W6X
Q96DE0	5W6Z
Q96DE0	5WJI
Q96DE0	6B09
Q96DE0	6CO2
Q96DE0	6X7U
Q96DE0	6X7V
P17050	3H53
P17050	3H54
P17050	3H55
P17050	3IGU
P17050	4DO4
P17050	4DO5
P17050	4DO6
Q9UIC8	3IEI
Q9UIC8	3O7W
Q9UIC8	3P71
Q8WTX7	5GS9
Q8WTX7	5GT7
Q8WTX7	5GT8
Q8WTX7	5GV2
Q8WTX7	5I2C
P13765	4I0P
Q9NP79	2LXL
Q9NP79	2LXM
Q9NP79	4TXP
Q9NP79	4TXQ
Q9NP79	4TXR
Q9NP79	4U7E
Q14764	1Y7X
Q9BV38	7UWF
Q9BV38	8FL2
Q9BV38	8FL3
Q9BV38	8FL4
P14679	7RK7
P46100	2JM1
P46100	2LBM
P46100	2LD1
P46100	3QL9
P46100	3QLA
P46100	3QLC
P46100	3QLN
P46100	4W5A
P46100	5GRQ
P46100	5Y18
P46100	5Y6O
P46100	6G0O
P12883	2FXM
P12883	2FXO
P12883	3DTP
P12883	4DB1
P12883	4P7H
P12883	4PA0
P12883	4XA1
P12883	4XA3
P12883	4XA4
P12883	4XA6
P12883	5CHX
P12883	5CJ0
P12883	5CJ1
P12883	5CJ4
P12883	5TBY
P12883	5WJ7
P12883	5WJB
P12883	5WLQ
P12883	5WLZ
P12883	5WME
P12883	6PF2
P12883	6PFP
P12883	8ACT
P12883	8EFD
P12883	8EFE
P12883	8EFH
P12883	8EFI
P12883	8ENC
P12883	8G4L
Q8N5H7	3T6G
O95931	2K1B
O95931	2L12
O95931	2L1B
O95931	3GS2
O95931	4MN3
O95931	5EPJ
O95931	6V2R
O95931	8SII
Q6UWB1	7T5M
Q6UWB1	7U7N
Q6UWB1	8D85
O95402	5ODD
O95402	6ZV3
O95402	7EMF
O95402	7ENA
O95402	7ENC
O95402	7ENJ
O95402	8GXQ
O95402	8GXS
Q16543	1US7
Q16543	2K5B
Q16543	2N5X
Q16543	2NCA
Q16543	2W0G
Q16543	5FWK
Q16543	5FWL
Q16543	5FWM
Q16543	5FWP
Q16543	5HPE
Q16543	7Z37
Q16543	7Z38
Q16543	7ZR0
Q16543	7ZR5
Q16543	7ZR6
Q16543	8GAE
Q16543	8GFT
Q16543	8U1L
P30968	7BR3
Q9NR09	3CEG
Q9NR09	8ATM
Q9NR09	8ATO
Q9NR09	8ATU
Q9NR09	8ATX
Q9NR09	8AUK
Q9NR09	8AUW
Q9NR09	8E2D
Q9NR09	8E2E
Q9NR09	8E2F
Q9NR09	8E2G
Q9NR09	8E2H
Q9NR09	8E2I
Q9NR09	8E2K
O75940	4A4F
O75940	4A4H
O75940	8POI
Q15582	1X3B
Q15582	2LTB
Q15582	2LTC
Q15582	2VXP
Q15582	5NV6
Q15582	7AS7
Q15582	7ASC
Q15582	7ASG
Q15582	8HGA
Q15582	8HIA
P05543	2CEO
P05543	2RIV
P05543	2RIW
P05543	2XN3
P05543	2XN5
P05543	2XN6
P05543	2XN7
P05543	4X30
P05543	4YIA
Q9Y6Q9	1KBH
Q9Y6Q9	3L3X
Q9Y6Q9	3L3Z
Q9Y6Q9	6ES7
Q9Y6Q9	6SQC
Q9BQE5	7LF8
O43741	2F15
O43741	2V8Q
O43741	2V92
O43741	2V9J
O43741	2Y8L
O43741	2Y8Q
O43741	2YA3
O43741	4CFH
O43741	4EAI
O43741	4EAJ
O43741	4RER
O43741	4REW
O43741	6B2E
O43741	7JHG
O43741	7JHH
O43741	7JIJ
O43741	7M74
Q9BTT4	7EMF
Q9BTT4	7ENA
Q9BTT4	7ENC
Q9BTT4	7ENJ
Q9BTT4	7LBM
Q9BTT4	7NVR
Q9BTT4	8GXQ
Q9BTT4	8GXS
Q9BTT4	8T9D
Q9BTT4	8TQW
Q9BTT4	8TRH
Q58F21	2RFJ
Q58F21	4FLP
Q58F21	4KCX
Q58F21	5VBQ
Q58F21	5VBR
Q58F21	7BJY
Q58F21	7L73
Q58F21	7L99
Q58F21	7L9A
Q58F21	7LEJ
Q58F21	7LEK
Q58F21	7LEL
Q58F21	7LEM
Q58F21	7MRC
Q58F21	7MRD
Q58F21	7MRG
Q58F21	7MRH
Q58F21	7UBO
Q58F21	7UUU
Q58F21	8CZA
Q58F21	8YHS
P31939	1P4R
P31939	1PKX
P31939	1PL0
P31939	5UY8
P31939	5UZ0
Q8TDX7	2WQM
Q8TDX7	2WQN
Q8TDX7	5DE2
Q8TDX7	6NPY
Q8TDX7	6S73
Q8TDX7	6S75
Q8TDX7	6S76
Q8TDX7	8EJ4
Q8TDX7	8SXN
Q9H4B6	6AO5
Q7Z6J0	7NZC
Q7Z6J0	7NZD
Q9BW30	2JRF
Q8WYR4	8J07
Q8WUD4	8RO2
Q8WUD4	9FMD
P28472	4COF
P28472	5O8F
P28472	5OJM
P28472	6A96
P28472	6HUG
P28472	6HUJ
P28472	6HUK
P28472	6HUO
P28472	6HUP
P28472	6I53
P28472	6QFA
P28472	7PBD
P28472	7PBZ
P28472	7PC0
P28472	7QN5
P28472	7QN6
P28472	7QN7
P28472	7QN8
P28472	7QN9
P28472	7QNA
P28472	7QNB
P28472	7QNC
P28472	7QND
P28472	7QNE
P28472	8PVB
P28472	9EQG
Q6ZVN8	4UI1
Q6ZVN8	6Z3L
P16278	3THC
P16278	3THD
P16278	3WEZ
P16278	3WF0
P16278	3WF1
P16278	3WF2
P16278	3WF3
P16278	3WF4
P62081	4UG0
P62081	4V6X
P62081	5A2Q
P62081	5AJ0
P62081	5FLX
P62081	5LKS
P62081	5OA3
P62081	5T2C
P62081	5VYC
P62081	6FEC
P62081	6G18
P62081	6G4S
P62081	6G4W
P62081	6G51
P62081	6G53
P62081	6G5H
P62081	6G5I
P62081	6IP5
P62081	6IP6
P62081	6IP8
P62081	6OLE
P62081	6OLF
P62081	6OLG
P62081	6OLI
P62081	6OLZ
P62081	6OM0
P62081	6OM7
P62081	6QZP
P62081	6XA1
P62081	6Y0G
P62081	6Y2L
P62081	6Y57
P62081	6YBD
P62081	6YBW
P62081	6Z6L
P62081	6Z6M
P62081	6Z6N
P62081	6ZLW
P62081	6ZM7
P62081	6ZME
P62081	6ZMI
P62081	6ZMO
P62081	6ZMT
P62081	6ZMW
P62081	6ZN5
P62081	6ZOJ
P62081	6ZOK
P62081	6ZON
P62081	6ZP4
P62081	6ZUO
P62081	6ZV6
P62081	6ZVH
P62081	6ZVJ
P62081	6ZXD
P62081	6ZXE
P62081	6ZXF
P62081	6ZXG
P62081	6ZXH
P62081	7A09
P62081	7K5I
P62081	7MQ8
P62081	7MQ9
P62081	7MQA
P62081	7QP6
P62081	7QP7
P62081	7R4X
P62081	7TQL
P62081	7WTS
P62081	7WTT
P62081	7WTU
P62081	7WTV
P62081	7WTW
P62081	7WTX
P62081	7WTZ
P62081	7WU0
P62081	7XNX
P62081	7XNY
P62081	8G5Y
P62081	8G5Z
P62081	8G60
P62081	8G61
P62081	8G6J
P62081	8GLP
P62081	8IFD
P62081	8IFE
P62081	8JDJ
P62081	8JDK
P62081	8JDL
P62081	8JDM
P62081	8K2C
P62081	8OZ0
P62081	8PJ1
P62081	8PJ2
P62081	8PJ3
P62081	8PJ4
P62081	8PJ5
P62081	8PJ6
P62081	8PPK
P62081	8PPL
P62081	8QOI
P62081	8T4S
P62081	8XSX
P62081	8XSY
P62081	8XSZ
P62081	8XXL
P62081	8XXM
P62081	8XXN
P62081	8Y0W
P62081	8Y0X
P62081	8YOO
P62081	8YOP
P62081	9BKD
P62081	9BLN
P62081	9G8M
O94966	1WH0
O94966	4X3G
O94966	6K7W
O94966	6KHV
O94966	6KQV
Q96I99	6WCV
Q96I99	7MSR
Q96I99	7MSS
Q96I99	7MST
Q14995	2V0V
Q14995	2V7C
Q14995	3CQV
Q14995	4N73
Q14995	6WMQ
Q14995	6WMS
Q96JH7	8YKA
A6NIH7	7OK6
A6NIH7	7OK7
P48552	2GPO
P48552	2GPP
P48552	4S14
P48552	4S15
P48552	5NTI
P48552	5NTN
P48552	5NTW
P48552	5NU1
P48552	6FZU
P48552	6G05
P48552	6G07
P48552	9CWN
P01210	1PLW
P01210	1PLX
P01210	2LWC
P01210	5E33
P01210	5E3A
P01210	8JGF
P01210	8JGG
P08708	4UG0
P08708	4V6X
P08708	5A2Q
P08708	5AJ0
P08708	5FLX
P08708	5LKS
P08708	5OA3
P08708	5T2C
P08708	5VYC
P08708	6FEC
P08708	6G18
P08708	6G4S
P08708	6G4W
P08708	6G51
P08708	6G53
P08708	6G5H
P08708	6G5I
P08708	6IP5
P08708	6IP6
P08708	6IP8
P08708	6OLE
P08708	6OLF
P08708	6OLG
P08708	6OLI
P08708	6OLZ
P08708	6OM0
P08708	6OM7
P08708	6QZP
P08708	6XA1
P08708	6Y0G
P08708	6Y2L
P08708	6Y57
P08708	6YBD
P08708	6YBS
P08708	6YBW
P08708	6Z6L
P08708	6Z6M
P08708	6Z6N
P08708	6ZLW
P08708	6ZM7
P08708	6ZME
P08708	6ZMI
P08708	6ZMO
P08708	6ZMT
P08708	6ZMW
P08708	6ZN5
P08708	6ZOJ
P08708	6ZOK
P08708	6ZOL
P08708	6ZON
P08708	6ZP4
P08708	6ZUO
P08708	6ZV6
P08708	6ZVH
P08708	6ZVJ
P08708	6ZXD
P08708	6ZXE
P08708	6ZXF
P08708	6ZXG
P08708	6ZXH
P08708	7A09
P08708	7K5I
P08708	7MQ8
P08708	7MQ9
P08708	7MQA
P08708	7QP6
P08708	7QP7
P08708	7QVP
P08708	7R4X
P08708	7TQL
P08708	7WTT
P08708	7WTU
P08708	7WTV
P08708	7WTW
P08708	7WTX
P08708	7WTZ
P08708	7WU0
P08708	7XNX
P08708	7XNY
P08708	8G5Y
P08708	8G5Z
P08708	8G60
P08708	8G61
P08708	8G6J
P08708	8GLP
P08708	8IFD
P08708	8IFE
P08708	8JDJ
P08708	8JDK
P08708	8JDL
P08708	8JDM
P08708	8K2C
P08708	8OZ0
P08708	8PJ1
P08708	8PJ2
P08708	8PJ3
P08708	8PJ4
P08708	8PJ5
P08708	8PJ6
P08708	8PPK
P08708	8PPL
P08708	8QOI
P08708	8RG0
P08708	8T4S
P08708	8XSX
P08708	8XSY
P08708	8XSZ
P08708	8XXL
P08708	8XXM
P08708	8XXN
P08708	8Y0W
P08708	8Y0X
P08708	8YOO
P08708	8YOP
P08708	9BKD
P08708	9BLN
P08708	9G8M
Q5JST6	2Z13
Q5JST6	2Z14
Q5JST6	7UNG
Q5JST6	8J07
P34972	2KI9
P34972	5ZTY
P34972	6KPC
P34972	6KPF
P34972	6PT0
P34972	8GUQ
P34972	8GUR
P34972	8GUS
P34972	8GUT
Q08722	2JJS
Q08722	2JJT
Q08722	2VSC
Q08722	4CMM
Q08722	4KJY
Q08722	5IWL
Q08722	5TZ2
Q08722	5TZT
Q08722	5TZU
Q08722	7MYZ
Q08722	7WN8
Q08722	7XJF
Q08722	7YGG
Q08722	8RP8
Q9H7P6	3TOW
Q5JSS6	6NDU
Q5JSS6	6NEP
Q5JSS6	6UCC
Q93015	6NAS
Q93015	6NBE
Q93015	6NBW
Q9BY43	3C3O
Q9BY43	5MK1
Q9NY25	2YHF
P22897	1EGG
P22897	1EGI
P22897	5XTS
P22897	5XTW
P22897	6INN
P22897	6INO
P22897	6INU
P22897	6INV
P22897	6IOE
P22897	7JUB
P22897	7JUC
P22897	7JUD
P22897	7JUE
P22897	7JUF
P22897	7JUG
P22897	7JUH
P22897	7L61
P22897	7L62
P22897	7L63
P22897	7L64
P22897	7L65
P22897	7L66
P22897	7L67
P22897	7L68
Q9BV20	4LDQ
Q9BV20	4LDR
P13671	3T5O
P13671	4A5W
P13671	4E0S
P13671	6H03
P13671	6H04
P13671	7NYC
P13671	7NYD
P13671	7Q6C
P13671	8B0F
P13671	8B0G
P13671	8B0H
Q96KN7	4QAM
P42701	6WDP
P42701	6WDQ
P42701	8C7M
P42701	8ODX
P42701	8OE4
P42701	8XRP
P42701	8YI7
Q9UHP6	8J07
Q99757	1UVZ
Q99757	1W4V
Q99757	1W89
P61966	4P6Z
Q13651	1J7V
Q13651	1LQS
Q13651	1Y6K
Q13651	1Y6M
Q13651	1Y6N
Q13651	5IXI
Q13651	6X93
P12074	5Z62
Q15208	1PSB
Q15208	6BXI
Q99717	6FZS
Q99717	6TCE
P16422	4MZV
P16422	6I07
Q9UBF9	2KDG
Q9UBF9	2KKQ
P22090	5AJ0
P22090	5FLX
P22090	6OLG
P22090	6OLZ
Q13227	2L5G
Q9Y4U1	3SBY
Q9Y4U1	3SBZ
Q9Y4U1	3SC0
Q9Y4U1	3SOM
Q9Y4U1	5UOS
Q9Y4U1	7WUZ
P35414	2LOT
P35414	2LOU
P35414	2LOV
P35414	2LOW
P35414	5VBL
P35414	6KNM
P35414	7SUS
P35414	7W0L
P35414	7W0M
P35414	7W0N
P35414	7W0O
P35414	7W0P
P35414	8XZF
P35414	8XZG
P35414	8XZH
P35414	8XZI
P35414	8XZJ
Q13506	2YUF
P51587	1N0W
P51587	3EU7
P51587	6GY2
P51587	6HQU
P51587	7BDX
P51587	7LDG
P51587	8BR9
P51587	8C3J
P51587	8C3N
P51587	8PBC
P51587	8PBD
P51587	8QQE
P51587	8R2G
Q13794	3MQP
Q15047	3DLM
Q15047	4X3S
Q15047	5KCH
Q15047	5KCO
Q15047	5KE2
Q15047	5KE3
Q15047	5KH6
Q15047	5QT1
Q15047	5QT2
Q15047	6AU2
Q15047	6AU3
Q15047	6BHD
Q15047	6BHE
Q15047	6BHG
Q15047	6BHH
Q15047	6BHI
Q15047	6BPI
Q15047	7C9N
Q15047	7CAJ
Q15047	7CD9
Q15047	7CJT
Q15047	8G5E
Q15047	8IYA
Q15047	8UWP
Q15047	9CUW
Q15047	9CUX
P62979	2KHW
P62979	2KOX
P62979	2KTF
P62979	2KWU
P62979	2KWV
P62979	2L0F
P62979	2L0T
P62979	2XK5
P62979	3AXC
P62979	3I3T
P62979	3K9P
P62979	3N30
P62979	3N32
P62979	3NHE
P62979	3NOB
P62979	3NS8
P62979	3PHD
P62979	3PHW
P62979	3TBL
P62979	3VDZ
P62979	4R62
P62979	4UG0
P62979	4V6X
P62979	5A2Q
P62979	5AJ0
P62979	5FLX
P62979	5LKS
P62979	5T2C
P62979	5WVO
P62979	5YDK
P62979	6DC6
P62979	6FEC
P62979	6G18
P62979	6G51
P62979	6G53
P62979	6G5H
P62979	6G5I
P62979	6IP5
P62979	6IP6
P62979	6IP8
P62979	6J99
P62979	6KFP
P62979	6KG6
P62979	6KIU
P62979	6KIV
P62979	6KIW
P62979	6OLE
P62979	6OLF
P62979	6OLG
P62979	6OLI
P62979	6OLZ
P62979	6OM0
P62979	6OM7
P62979	6QZP
P62979	6SQO
P62979	6SQR
P62979	6SQS
P62979	6XA1
P62979	6Y0G
P62979	6Y57
P62979	6YBS
P62979	6Z6L
P62979	6Z6M
P62979	6Z6N
P62979	6ZLW
P62979	6ZM7
P62979	6ZME
P62979	6ZMI
P62979	6ZMO
P62979	6ZMT
P62979	6ZMW
P62979	6ZN5
P62979	6ZOJ
P62979	6ZOL
P62979	6ZON
P62979	6ZP4
P62979	6ZUO
P62979	6ZV6
P62979	6ZVH
P62979	6ZVJ
P62979	6ZXD
P62979	6ZXE
P62979	6ZXF
P62979	6ZXG
P62979	6ZXH
P62979	7A09
P62979	7BWD
P62979	7F0N
P62979	7JQB
P62979	7JQC
P62979	7K5I
P62979	7MQ9
P62979	7MQA
P62979	7OOJ
P62979	7QP6
P62979	7QP7
P62979	7R4X
P62979	7TQL
P62979	7WTT
P62979	7WTU
P62979	7WTV
P62979	7WTW
P62979	7WTX
P62979	7WTZ
P62979	7WU0
P62979	7XNY
P62979	8G5Y
P62979	8G60
P62979	8G61
P62979	8G6J
P62979	8GLP
P62979	8HTC
P62979	8HTF
P62979	8IFD
P62979	8IFE
P62979	8IVB
P62979	8K2C
P62979	8OZ0
P62979	8PJ1
P62979	8PJ2
P62979	8PJ3
P62979	8PJ4
P62979	8PJ5
P62979	8PJ6
P62979	8PPK
P62979	8PPL
P62979	8QOI
P62979	8T4S
P62979	8X7I
P62979	8X7J
P62979	8XSX
P62979	8XSY
P62979	8XSZ
P62979	8XXL
P62979	8XXM
P62979	8XXN
P62979	8YOO
P62979	8YOP
P62979	9BKD
P62979	9BLN
P62979	9G8M
P62979	9IPU
Q9NT62	4NAW
Q9NT62	8AFI
Q9NT62	8FKM
P20248	1E9H
P20248	1FIN
P20248	1FVV
P20248	1GY3
P20248	1H1P
P20248	1H1Q
P20248	1H1R
P20248	1H1S
P20248	1H24
P20248	1H25
P20248	1H26
P20248	1H27
P20248	1H28
P20248	1JST
P20248	1JSU
P20248	1OGU
P20248	1OI9
P20248	1OIU
P20248	1OIY
P20248	1OKV
P20248	1OKW
P20248	1OL1
P20248	1OL2
P20248	1P5E
P20248	1PKD
P20248	1QMZ
P20248	1URC
P20248	1VYW
P20248	2BKZ
P20248	2BPM
P20248	2C4G
P20248	2C5N
P20248	2C5O
P20248	2C5V
P20248	2C5X
P20248	2C6T
P20248	2CCH
P20248	2CCI
P20248	2CJM
P20248	2I40
P20248	2IW6
P20248	2IW8
P20248	2IW9
P20248	2UUE
P20248	2UZB
P20248	2UZD
P20248	2UZE
P20248	2UZL
P20248	2V22
P20248	2WEV
P20248	2WFY
P20248	2WHB
P20248	2WIH
P20248	2WIP
P20248	2WMA
P20248	2WMB
P20248	2WPA
P20248	2WXV
P20248	2X1N
P20248	3EID
P20248	3EJ1
P20248	3EOC
P20248	3F5X
P20248	4BCK
P20248	4BCM
P20248	4BCN
P20248	4BCP
P20248	4CFM
P20248	4CFN
P20248	4CFU
P20248	4CFV
P20248	4CFW
P20248	4CFX
P20248	4EOI
P20248	4EOJ
P20248	4EOK
P20248	4EOL
P20248	4EOM
P20248	4EON
P20248	4EOO
P20248	4EOP
P20248	4EOQ
P20248	4EOR
P20248	4EOS
P20248	4FX3
P20248	5CYI
P20248	5IF1
P20248	5LMK
P20248	5NEV
P20248	6ATH
P20248	6GVA
P20248	6P3W
P20248	6Q6G
P20248	6Q6H
P20248	6RIJ
P20248	6SG4
P20248	7ACK
P20248	7B5L
P20248	7B5R
P20248	7B7S
P20248	7LUO
P20248	7MKX
P20248	7QHL
P20248	8B54
P20248	8BYA
P20248	8BZO
Q9H5I1	2R3A
Q9H5I1	6P0R
Q96AY2	2ZIU
Q96AY2	2ZIV
Q96AY2	2ZIW
Q96AY2	2ZIX
Q96AY2	4P0P
Q96AY2	4P0Q
Q96AY2	4P0R
Q96AY2	4P0S
Q96AY2	9F98
Q96AY2	9F99
Q96AY2	9F9A
Q96AY2	9F9K
Q96AY2	9F9L
Q96AY2	9F9M
P42261	6X5Q
Q86XE3	6AGI
Q86XE3	6AGJ
O75173	2RJP
O75173	3B2Z
O75173	4WK7
O75173	4WKE
O75173	4WKI
Q14957	8E92
Q14957	8E93
Q14957	8E94
Q14957	8E97
Q14957	8E98
Q14957	8E99
Q96CM3	5UBA
Q96FX7	5CCB
Q96FX7	5CCX
Q96FX7	5CD1
P22748	1ZNC
P22748	3F7B
P22748	3F7U
P22748	3FW3
P22748	5IPZ
P22748	5JN8
P22748	5JN9
P22748	5JNA
P22748	5JNC
P22748	5KU6
P60763	2C2H
P60763	2G0N
P60763	2IC5
P60763	2OV2
P60763	2QME
P60763	6TM1
Q9NQV6	3IHX
Q8IZ02	8J07
Q9H1X1	8J07
Q9Y3B7	3J7Y
Q9Y3B7	3J9M
Q9Y3B7	5OOL
Q9Y3B7	5OOM
Q9Y3B7	6I9R
Q9Y3B7	6NU2
Q9Y3B7	6NU3
Q9Y3B7	6VLZ
Q9Y3B7	6VMI
Q9Y3B7	6ZM5
Q9Y3B7	6ZM6
Q9Y3B7	6ZS9
Q9Y3B7	6ZSA
Q9Y3B7	6ZSB
Q9Y3B7	6ZSC
Q9Y3B7	6ZSD
Q9Y3B7	6ZSE
Q9Y3B7	6ZSG
Q9Y3B7	7A5F
Q9Y3B7	7A5G
Q9Y3B7	7A5H
Q9Y3B7	7A5I
Q9Y3B7	7A5J
Q9Y3B7	7A5K
Q9Y3B7	7L08
Q9Y3B7	7L20
Q9Y3B7	7O9K
Q9Y3B7	7O9M
Q9Y3B7	7ODR
Q9Y3B7	7ODS
Q9Y3B7	7ODT
Q9Y3B7	7OF0
Q9Y3B7	7OF2
Q9Y3B7	7OF3
Q9Y3B7	7OF4
Q9Y3B7	7OF5
Q9Y3B7	7OF6
Q9Y3B7	7OF7
Q9Y3B7	7OG4
Q9Y3B7	7OI6
Q9Y3B7	7OI7
Q9Y3B7	7OI8
Q9Y3B7	7OI9
Q9Y3B7	7OIA
Q9Y3B7	7OIB
Q9Y3B7	7OIC
Q9Y3B7	7OID
Q9Y3B7	7OIE
Q9Y3B7	7PD3
Q9Y3B7	7PO4
Q9Y3B7	7QI4
Q9Y3B7	7QI5
Q9Y3B7	7QI6
Q9Y3B7	8ANY
Q9Y3B7	8K2A
Q9Y3B7	8K2B
Q9Y3B7	8OIR
Q9Y3B7	8OIT
Q9Y3B7	8PK0
Q9Y3B7	8QSJ
Q9Y3B7	8QU1
Q9Y3B7	8QU5
Q9Y3B7	8XT0
Q9Y3B7	8XT1
Q9Y3B7	8XT2
Q9Y3B7	8XT3
Q8N608	4WJL
Q5T5A4	7UNG
Q5T5A4	8J07
Q8N4Q0	2C0C
Q8N4Q0	2WEK
Q8N4Q0	2X1H
Q8N4Q0	2X7H
Q8N4Q0	7ZEJ
Q96HY7	5RVW
Q96HY7	5RVX
Q96HY7	5RVY
Q96HY7	5RVZ
Q96HY7	5RW0
Q96HY7	5RW1
Q96HY7	6SY1
Q96HY7	6U3J
Q9H6K1	6VHI
P62750	4UG0
P62750	4V6X
P62750	5AJ0
P62750	5LKS
P62750	5T2C
P62750	6IP5
P62750	6IP6
P62750	6IP8
P62750	6LQM
P62750	6LSR
P62750	6LSS
P62750	6LU8
P62750	6OLE
P62750	6OLF
P62750	6OLG
P62750	6OLI
P62750	6OLZ
P62750	6OM0
P62750	6OM7
P62750	6QZP
P62750	6SXO
P62750	6W6L
P62750	6XA1
P62750	6Y0G
P62750	6Y2L
P62750	6Y57
P62750	6Y6X
P62750	6Z6L
P62750	6Z6M
P62750	6Z6N
P62750	6ZM7
P62750	6ZME
P62750	6ZMI
P62750	6ZMO
P62750	7BHP
P62750	7F5S
P62750	7OW7
P62750	7QVP
P62750	7XNX
P62750	7XNY
P62750	8A3D
P62750	8FKP
P62750	8FKQ
P62750	8FKR
P62750	8FKS
P62750	8FKT
P62750	8FKU
P62750	8FKV
P62750	8FKW
P62750	8FKX
P62750	8FKY
P62750	8FKZ
P62750	8FL2
P62750	8FL3
P62750	8FL4
P62750	8FL6
P62750	8FL7
P62750	8FL9
P62750	8FLA
P62750	8FLB
P62750	8FLC
P62750	8FLD
P62750	8FLE
P62750	8FLF
P62750	8G5Y
P62750	8G60
P62750	8G61
P62750	8G6J
P62750	8GLP
P62750	8IDT
P62750	8IDY
P62750	8IE3
P62750	8IFD
P62750	8IFE
P62750	8INE
P62750	8INF
P62750	8INK
P62750	8IPD
P62750	8IPX
P62750	8IPY
P62750	8IR1
P62750	8IR3
P62750	8JDJ
P62750	8JDK
P62750	8JDL
P62750	8JDM
P62750	8K2C
P62750	8OHD
P62750	8OJ0
P62750	8OJ5
P62750	8OJ8
P62750	8ONY
P62750	8QFD
P62750	8QOI
P62750	8XSX
P62750	8XSY
P62750	8XSZ
P62750	8Y0W
P62750	8Y0X
P62750	8YOO
P62750	8YOP
P62750	9FPZ
P62750	9FQ0
P62750	9G8M
P62750	9GMO
P11387	1A31
P11387	1A35
P11387	1A36
P11387	1EJ9
P11387	1K4S
P11387	1K4T
P11387	1LPQ
P11387	1NH3
P11387	1R49
P11387	1RR8
P11387	1RRJ
P11387	1SC7
P11387	1SEU
P11387	1T8I
P11387	1TL8
Q9C019	7QS2
Q6EIG7	5VYB
Q6EIG7	8ROV
P36952	1WZ9
P36952	1XQG
P36952	1XQJ
P36952	1XU8
Q9NZQ3	6DEC
Q9NZQ3	6DED
Q9NZQ3	6DEE
P07902	5IN3
P07902	6GQD
Q3KRA9	7VJS
Q3KRA9	7VJV
Q16533	7XUR
Q16533	7ZWC
Q16533	7ZWD
Q16533	7ZX7
Q16533	7ZX8
Q16533	7ZXE
Q16533	8ITY
Q16533	8IUE
Q16533	8IUH
Q13094	1H3H
Q13094	1YWO
Q13094	2EAP
Q13094	2ROR
Q13094	6ZCJ
Q9Y4P9	2EE7
Q9H9F9	6HTS
Q9H9F9	7ZI4
Q9BZL6	2COA
Q9BZL6	3BGM
Q9BZL6	4NNX
Q9BZL6	4NNY
Q99962	1X03
Q99962	1X04
Q99962	2D4C
Q99962	2DBM
P10643	2WCY
P10643	6H03
P10643	6H04
P10643	7NYC
P10643	7NYD
P10643	8B0F
P10643	8B0G
P10643	8B0H
Q99856	2KK0
Q99856	4LJX
Q9BQA1	4GQB
Q9BQA1	4X60
Q9BQA1	4X61
Q9BQA1	4X63
Q9BQA1	5C9Z
Q9BQA1	5EMJ
Q9BQA1	5EMK
Q9BQA1	5EML
Q9BQA1	5EMM
Q9BQA1	5FA5
Q9BQA1	6CKC
Q9BQA1	6K1S
Q9BQA1	6RLL
Q9BQA1	6RLQ
Q9BQA1	6UGH
Q9BQA1	6UXX
Q9BQA1	6UXY
Q9BQA1	6V0N
Q9BQA1	6V0O
Q9BQA1	6V0P
Q9BQA1	7BO7
Q9BQA1	7KIB
Q9BQA1	7KIC
Q9BQA1	7KID
Q9BQA1	7L1G
Q9BQA1	7M05
Q9BQA1	7MX7
Q9BQA1	7MXA
Q9BQA1	7MXC
Q9BQA1	7MXG
Q9BQA1	7MXN
Q9BQA1	7S0U
Q9BQA1	7S1P
Q9BQA1	7S1Q
Q9BQA1	7S1R
Q9BQA1	7S1S
Q9BQA1	7SER
Q9BQA1	7SES
Q9BQA1	7U30
Q9BQA1	7UOH
Q9BQA1	7UY1
Q9BQA1	7UYF
Q9BQA1	7ZUP
Q9BQA1	7ZUQ
Q9BQA1	7ZUU
Q9BQA1	7ZUY
Q9BQA1	7ZV2
Q9BQA1	7ZVL
Q9BQA1	7ZVU
Q9BQA1	8CSG
Q9BQA1	8CTB
Q9BQA1	8CYI
Q9BQA1	8G1U
Q9BQA1	8VEO
Q9BQA1	8VET
Q9BQA1	8VEU
Q9BQA1	8VEW
Q9BQA1	8VEX
Q9BQA1	8VEY
Q9BQA1	9C10
Q9BQA1	9EYU
Q9BQA1	9EYV
Q9BQA1	9EYW
Q9BQA1	9EYX
P01008	1ANT
P01008	1ATH
P01008	1AZX
P01008	1BR8
P01008	1DZG
P01008	1DZH
P01008	1E03
P01008	1E04
P01008	1E05
P01008	1JVQ
P01008	1LK6
P01008	1NQ9
P01008	1OYH
P01008	1R1L
P01008	1SR5
P01008	1T1F
P01008	1TB6
P01008	2ANT
P01008	2B4X
P01008	2B5T
P01008	2BEH
P01008	2GD4
P01008	2HIJ
P01008	2ZNH
P01008	3EVJ
P01008	3KCG
P01008	4EB1
O95210	8X8A
O95210	8X8K
O15164	2YYN
O15164	3O33
O15164	3O34
O15164	3O35
O15164	3O36
O15164	3O37
O15164	4YAB
O15164	4YAD
O15164	4YAT
O15164	4YAX
O15164	4YBM
O15164	4YBS
O15164	4YBT
O15164	4YC9
O15164	4ZQL
O15164	5H1T
O15164	5H1U
O15164	5H1V
O15164	7B9X
P48436	4EUW
Q9UJA3	6L0O
Q9UJA3	7DP3
Q9UJA3	7WI7
Q9UJA3	7YOX
Q9UJA3	8S91
Q9UJA3	8S92
Q9UJA3	8S94
P00966	2NZ2
Q15554	1H6P
Q15554	1VF9
Q15554	1VFC
Q15554	1W0U
Q15554	1XG1
Q15554	3BU8
Q15554	3BUA
Q15554	3K6G
Q15554	3SJM
Q15554	4M7C
Q15554	4RQI
Q15554	5WQD
Q15554	5XYF
Q15554	6J67
Q15554	7C5D
P31391	7XMS
P31391	7XMT
P47775	7Y3G
Q9NUV9	3LXX
Q9BSD7	2I3B
P41595	4IB4
P41595	4NC3
P41595	5TUD
P41595	5TVN
P41595	6DRX
P41595	6DRY
P41595	6DRZ
P41595	6DS0
P41595	7SRQ
P41595	7SRR
P41595	7SRS
Q9H3U1	2DBA
P49189	6QAK
P49189	6QAO
P49189	6QAP
P49189	6VR6
P49189	6VWF
O75683	8FKP
O75683	8FKQ
O75683	8FKR
O75683	8FKS
Q8N2G4	6ZSS
Q8TE04	2I7N
Q8TE04	3SMP
Q96E22	6W2L
Q96E22	6Z1N
Q96E22	7PAX
Q96E22	7PAY
Q96E22	7PB0
Q96E22	7PB1
O00755	4UZQ
O00755	8TZO
O00755	8TZP
Q8IUH3	7CSX
Q8IUH3	7CSZ
Q8IUH3	8WQ3
Q8IUH3	8WQ5
Q9UP38	8J9N
Q9UP38	8J9O
P16333	2CI8
P16333	2CI9
P16333	2CUB
P16333	2JS0
P16333	2JS2
P16333	2JW4
P16333	5QU1
P16333	5QU2
P16333	5QU3
P16333	5QU4
P16333	5QU5
P16333	5QU6
P16333	5QU7
P16333	5QU8
P16333	5QUA
Q16832	2WUH
Q16832	2Z4F
Q16832	6FER
Q16832	7AZB
Q9ULK5	6XA6
Q9ULK5	6XA7
Q9ULK5	6XA8
Q9ULK5	7R2M
Q9ULK5	7R2T
Q16816	8JFK
Q16816	8JFL
Q16816	8XY7
Q16816	8XYA
Q16816	8XYB
Q99633	2DK4
Q8TE49	2L2D
P09543	1WOJ
P61225	1N4P
P61225	1N4Q
P61225	1N4R
Q86TM3	3IUY
Q86TM3	8KCA
P60604	2CYX
P60604	2KLY
P60604	2LXP
P60604	3H8K
P60604	4LAD
P60604	7LEW
P60604	8T0S
Q8N1Q1	3CZV
Q8N1Q1	3D0N
Q8N1Q1	3DA2
Q8N1Q1	4HU1
Q8N1Q1	4KNM
Q8N1Q1	4KNN
Q8N1Q1	4QIZ
Q8N1Q1	4QJP
Q8N1Q1	4QJX
Q8N1Q1	4QSJ
Q8N1Q1	5E2N
Q8N1Q1	5LLA
Q8N1Q1	5LLN
Q8N1Q1	5OGJ
Q8N1Q1	5OHH
Q8N1Q1	6G5U
Q9H3P2	5L3X
Q9H3P2	6GML
Q9H3P2	7PKS
Q9H3P2	7YCX
Q9H3P2	8RBX
Q9H3P2	8UHA
Q9H3P2	8UHD
Q9H3P2	8UHG
Q9H3P2	8UI0
Q9H3P2	8UIS
Q9H3P2	8W8E
P39059	3N3F
P26717	2L35
Q9Y6B2	7SMD
O14792	1ZRH
O14558	4JUS
O14558	4JUT
O14558	5LTW
O14558	5LU1
O14558	5LU2
O14558	5LUM
O14558	5OK9
O14558	5OKF
Q9Y258	1G2S
Q9Y258	1G2T
P35590	5N06
Q9UJV3	2DJA
Q9UJV3	2DMK
Q9UJV3	7QRZ
Q9UKN7	6KZ1
P22735	2XZZ
Q8NEV4	6JLE
Q92583	1NR2
Q92583	1NR4
Q92583	5WK3
Q92583	7S4N
Q92583	7SCV
Q92583	8FJ2
Q92583	8SKK
Q9P2D7	8I3J
Q9P2D7	8J07
O75886	1X2Q
O75886	1X5B
O75886	2L0T
O75886	5CRV
O75886	5IXF
Q9UJ71	3C22
Q9UJ71	3KQG
Q9UJ71	3P5D
Q9UJ71	3P5E
Q9UJ71	3P5F
Q9UJ71	3P5G
Q9UJ71	3P5H
Q9UJ71	3P5I
Q9UJ71	3P7F
Q9UJ71	3P7G
Q9UJ71	3P7H
Q9UJ71	4AK8
Q9UJ71	4N32
Q9UJ71	4N33
Q9UJ71	4N34
Q9UJ71	4N35
Q9UJ71	4N36
Q9UJ71	4N37
Q9UJ71	4N38
Q9UJ71	5G6U
Q9UJ71	7WZ8
Q9UJ71	7YTQ
P35270	1Z6Z
P35270	4HWK
P35270	4J7U
P35270	4J7X
P35270	4XWY
P35270	4Z3K
P35270	6I6C
P35270	6I6F
P35270	6I6P
P35270	6I6T
P35270	6I6V
P35270	6I79
P35270	6USN
P35270	7DSF
Q9H999	2I7P
Q9H999	3MK6
Q9H999	3SMS
Q9H999	5KPR
Q9H999	5KPT
Q9H999	5KPZ
Q9H999	5KQ8
Q9H999	5KQD
Q9H999	6B3V
Q9H999	6PE6
Q9H999	6X4J
Q9H999	6X4K
Q9H999	6X4L
Q9H999	7UE3
Q9H999	7UE4
Q9H999	7UE5
Q9H999	7UE6
Q9H999	7UE7
Q9H999	7UE8
Q9H999	7UEO
Q9H999	7UEP
Q9H999	7UEQ
Q9H999	7UER
Q9H999	7UES
Q9H999	7UET
Q9H999	7UEU
Q9H999	7UEV
Q9H999	7UEX
Q9H999	7UEY
Q8N0S6	7PKN
Q8N0S6	7QOO
Q8N0S6	7R5S
Q8N0S6	7R5V
Q8N0S6	7XHN
Q8N0S6	7XHO
Q8N0S6	7YWX
Q8N0S6	7YYH
Q9BXF9	7UNG
Q5SSJ5	2RQP
Q9BUE0	7EMF
Q9BUE0	7ENA
Q9BUE0	7ENC
Q9BUE0	7ENJ
Q9BUE0	7LBM
Q9BUE0	7NVR
Q9BUE0	8GXQ
Q9BUE0	8GXS
Q9BUE0	8T9D
Q9BUE0	8TQW
Q9BUE0	8TRH
Q9NQ55	8FKP
Q9NQ55	8FKQ
Q9NQ55	8FKR
Q9NQ55	8FKS
P78552	3BPN
P78552	3BPO
P78552	4HWB
P78552	5E4E
P10606	5Z62
Q96T68	5TFP
Q96T68	8HFP
O43172	1MZW
O43172	3JCR
O43172	5O9Z
O43172	6AH0
O43172	6AHD
O43172	6QW6
O43172	6QX9
O43172	8H6E
O43172	8H6J
O43172	8H6K
O43172	8H6L
O43172	8Q7N
O43172	8QO9
O43172	8QOZ
O43172	8QPA
O43172	8QPB
O43172	8QPE
O43172	8QXD
O43172	8QZS
O43172	8R08
O43172	8R09
O43172	8R0A
O43172	8R0B
O43172	8RM5
O43172	8Y6O
Q15911	2DA1
Q15911	2DA2
Q15911	2DA3
O75469	1ILG
O75469	1ILH
O75469	1M13
O75469	1NRL
O75469	1SKX
O75469	2O9I
O75469	2QNV
O75469	3CTB
O75469	3HVL
O75469	3R8D
O75469	4J5W
O75469	4J5X
O75469	4NY9
O75469	4S0S
O75469	4S0T
O75469	4X1F
O75469	4X1G
O75469	4XAO
O75469	4XHD
O75469	5A86
O75469	5X0R
O75469	6BNS
O75469	6DUP
O75469	6HJ2
O75469	6HTY
O75469	6NX1
O75469	6P2B
O75469	6S41
O75469	6TFI
O75469	6XP9
O75469	7AX8
O75469	7AX9
O75469	7AXA
O75469	7AXB
O75469	7AXC
O75469	7AXD
O75469	7AXE
O75469	7AXF
O75469	7AXG
O75469	7AXH
O75469	7AXI
O75469	7AXJ
O75469	7AXK
O75469	7AXL
O75469	7N2A
O75469	7RIO
O75469	7RIU
O75469	7RIV
O75469	7YFK
O75469	8CCT
O75469	8CF9
O75469	8CH8
O75469	8E3N
O75469	8EQZ
O75469	8F5Y
O75469	8FPE
O75469	8SVN
O75469	8SVO
O75469	8SVP
O75469	8SVQ
O75469	8SVR
O75469	8SVS
O75469	8SVT
O75469	8SVU
O75469	8SVX
O75469	8SZV
O75469	9BEQ
Q9NUU6	6DRM
O75317	5K16
O75317	5K1A
O75317	5K1B
O75317	5K1C
O75317	5L8W
P54762	2DJS
P54762	2EAO
P54762	3ZFX
P54762	5MJA
P54762	5MJB
P54762	6UMW
P54762	7KPL
P54762	7KPM
Q7L523	5X6V
Q7L523	6CES
Q7L523	6EHR
Q7L523	6NZD
Q7L523	6S6A
Q7L523	6S6D
Q7L523	6SB0
Q7L523	6SB2
Q7L523	6U62
Q7L523	6ULG
Q7L523	6WJ2
Q7L523	6WJ3
Q7L523	7T3A
Q7L523	7T3B
Q7L523	7T3C
Q7L523	7UX2
Q7L523	7UXC
Q7L523	7UXH
Q7L523	8DHB
P01833	1XED
P01833	2OCW
P01833	3CHN
P01833	3CM9
P01833	5D4K
P01833	6KXS
P01833	6LX3
P01833	6LXW
P01833	6UE7
P01833	6UE8
P01833	6UE9
P01833	6UEA
P01833	7K0C
P01833	7YSG
P01833	8SKU
P01833	8SKV
P07148	2F73
P07148	2L67
P07148	2L68
P07148	2LKK
P07148	2PY1
P07148	3B2H
P07148	3B2I
P07148	3B2J
P07148	3B2K
P07148	3B2L
P07148	3STK
P07148	3STM
P07148	3STN
P07148	3VG2
P07148	3VG3
P07148	3VG4
P07148	3VG5
P07148	3VG6
P07148	3VG7
P07148	6DO6
P07148	6DO7
P07148	6DRG
P07148	6MP4
P07148	7DZE
P07148	7DZF
P07148	7DZG
P07148	7DZH
P07148	7DZI
P07148	7DZJ
P07148	7DZK
P07148	7DZL
P07148	7FXO
P07148	7FY8
P07148	7FYA
P07148	7G00
P07148	7G0W
P07148	7G1X
O95478	8FKR
O95478	8FKS
O95478	8FKT
O95478	8FKU
O95478	8FKV
O95478	8FKW
O95478	8FKX
O95478	8FKY
O95478	8FKZ
O95478	8FL0
O95478	8FL2
O95478	8FL3
O95478	8FL4
O95478	8FL6
O95478	8FL7
O95478	8FL9
O95478	8IDY
O95478	8IE3
O95478	8INE
O95478	8INF
O95478	8INK
O95478	8IPD
O95478	8IPX
O95478	8IPY
O95478	8IR1
O95478	8IR3
Q969E1	2L1Q
Q969V4	7UNG
Q969V4	8J07
O95202	9BA1
Q8IYS0	6GN5
Q15848	4DOU
Q15848	6U66
Q15848	6U6N
P29084	1D8J
P29084	1D8K
P29084	5GPY
P29084	5IY6
P29084	5IY7
P29084	5IY8
P29084	5IY9
P29084	5IYA
P29084	5IYB
P29084	5IYC
P29084	5IYD
P29084	6O9L
P29084	7EG9
P29084	7EGA
P29084	7EGB
P29084	7EGC
P29084	7ENA
P29084	7ENC
P29084	7LBM
P29084	7NVR
P29084	7NVS
P29084	7NVT
P29084	7NVU
P29084	7NVY
P29084	7NVZ
P29084	7NW0
P29084	8BVW
P29084	8BYQ
P29084	8GXQ
P29084	8GXS
P29084	8S51
P29084	8S52
P29084	8S55
P29084	8S5N
P29084	8WAK
P29084	8WAL
P29084	8WAN
P29084	8WAO
P29084	8WAP
P29084	8WAQ
P29084	8WAR
P29084	8WAS
Q8NE71	5ZXD
Q9HAE3	8J07
P00480	1C9Y
P00480	1EP9
P00480	1FVO
P00480	1OTH
Q8TE73	8J07
P07686	1NOU
P07686	1NOW
P07686	1NP0
P07686	1O7A
P07686	2GJX
P07686	2GK1
P07686	3LMY
P07686	5BRO
O75417	4X0P
O75417	4X0Q
O75417	5A9F
O75417	5A9J
O75417	5AGA
O75417	6XBU
O75417	7ZUS
O75417	7ZX0
O75417	7ZX1
O75417	8E23
O75417	8E24
O75417	8GD7
O75417	8W0A
O75417	9ASJ
O75417	9ASK
O75417	9ASL
O75417	9BH6
O75417	9BH7
O75417	9BH8
O75417	9BH9
O75417	9BHA
O75417	9BP9
O75417	9BPA
O75417	9C5Q
Q14683	6WG3
Q14683	6WG4
Q14683	6WG6
Q14683	6WGE
Q14683	7W1M
Q14683	8P0A
Q14683	8RO8
Q14683	8RO9
Q14683	8ROA
Q14683	8ROB
Q14683	8ROC
Q14683	8ROD
Q14683	8ROE
Q14683	8ROF
Q14683	8ROG
Q9NZZ3	2LXM
Q9NZZ3	3ULY
Q9NZZ3	3UM0
Q9NZZ3	3UM1
Q9NZZ3	3UM2
Q9NZZ3	4TXR
Q969V5	6K2K
Q969V5	6M2C
Q969V5	6M2D
Q14573	6DQJ
Q14573	6DQN
Q14573	6DQS
Q14573	6DQV
Q14573	6DQZ
Q14573	6DR0
Q14573	6DR2
Q14573	6DRA
Q14573	6DRC
Q14573	6UQK
Q14573	7T3P
Q14573	7T3Q
Q14573	7T3R
Q14573	7T3T
Q14573	7T3U
Q14573	8TK8
Q14573	8TKD
Q14573	8TKE
Q14573	8TKF
Q14573	8TKG
Q14573	8TKH
Q14573	8TKI
Q14573	8TL9
Q14573	8TLA
P20472	1RJV
P20472	1RK9
P28223	6A93
P28223	6A94
P28223	6WGT
P28223	6WH4
P28223	6WHA
P28223	7RAN
P28223	7VOD
P28223	7VOE
P28223	7WC4
P28223	7WC5
P28223	7WC6
P28223	7WC7
P28223	7WC8
P28223	7WC9
P28223	8JT8
P28223	8UWL
P28223	8V6U
P28223	8ZMG
O75792	3P56
O75792	3PUF
Q9NWM8	4DIP
Q9NWM8	4MSP
Q99933	1HX1
Q99933	1WXV
Q99933	3FZF
Q99933	3FZH
Q99933	3FZK
Q99933	3FZL
Q99933	3FZM
Q99933	3LDQ
Q99933	3M3Z
Q99933	5AQF
Q99933	5AQG
Q99933	5AQH
Q99933	5AQI
Q99933	5AQJ
Q99933	5AQK
Q99933	5AQL
Q99933	5AQM
Q99933	5AQN
Q99933	5AQO
Q99933	5AQP
Q99933	5AQQ
Q99933	5AQR
Q99933	5AQS
Q99933	5AQT
Q99933	5AQU
Q99933	5AQV
Q9UIQ6	4P8Q
Q9UIQ6	4PJ6
Q9UIQ6	4Z7I
Q9UIQ6	5C97
Q9UIQ6	5JHQ
Q9UIQ6	5MJ6
Q9UIQ6	7ZYF
Q9UIQ6	8CGP
Q9UIQ6	8CGW
Q9UIQ6	8P0I
P28562	6APX
P28562	6D65
P28562	6D66
P28562	6D67
Q9HCD5	1V95
Q9HCD5	2J7X
Q9HCD5	2J7Y
Q9HCD5	4ZI1
O95238	1YO5
O95238	2DKX
Q9NZU0	5CMN
Q9NZU0	5CMP
Q9NZU0	6JBU
P15018	1EMR
P15018	1PVH
P15018	2Q7N
P15018	7N0A
P15018	8D6A
Q92882	1X2K
Q92882	1ZLM
Q92882	3EHQ
Q92882	3EHR
Q05823	1WDY
Q05823	4G8K
Q05823	4G8L
Q05823	4OAU
Q05823	4OAV
Q8WWZ1	5BOW
P30872	8XIO
P30872	8XIP
Q9H3N1	1X5E
P15248	7OX1
P15248	7OX2
P15248	7OX3
P15248	7OX5
P15248	7OX6
P48426	2YBX
P48426	6OSP
P48426	6UX9
P48426	6YM3
P48426	6YM4
P48426	6YM5
P48426	7N6Z
P48426	7N71
P48426	7N7J
P48426	7N7K
P48426	7N7L
P48426	7N7M
P48426	7N7N
P48426	7N7O
P48426	8C8C
Q96EH3	5OOL
Q96EH3	5OOM
Q96EH3	7A5H
Q96EH3	7A5J
Q96EH3	7O9K
Q96EH3	7O9M
Q96EH3	7ODR
Q96EH3	7ODS
Q96EH3	7ODT
Q96EH3	7OF0
Q96EH3	7OF2
Q96EH3	7OF3
Q96EH3	7OF5
Q96EH3	7OF7
Q96EH3	7OI6
Q96EH3	7OI7
Q96EH3	7OI8
Q96EH3	7OI9
Q96EH3	7OIC
Q96EH3	7OID
Q96EH3	7OIE
Q96EH3	7PD3
Q96EH3	7PO4
Q96EH3	7QH6
Q96EH3	7QH7
Q96EH3	8K2B
Q96EH3	8PK0
Q96EH3	8QSJ
Q96EH3	8QU5
P47898	7UM4
P47898	7UM5
P47898	7UM6
P47898	7UM7
P47898	7X5H
P68032	8GSU
P68032	8GSW
P68032	8GT1
P68032	8GT2
P68032	8GT3
P68032	8GT4
P68032	8GT5
P68032	9B3Q
P68032	9B3R
P26022	7ZL1
P26022	8PVQ
P32245	6W25
P32245	7AUE
P32245	7F53
P32245	7F54
P32245	7F55
P32245	7F58
P32245	7PIU
P32245	7PIV
P32245	8QJ2
P32245	8WKY
P32245	8WKZ
Q9BTL3	5E8J
O60507	5WRI
O60507	5WRJ
Q8TDW0	8DXN
Q8TDW0	8DXO
Q8TDW0	8DXP
Q8TDW0	8DXQ
Q8TDW0	8DXR
Q7L1W4	6M04
Q9NYA1	3VZB
Q9NYA1	3VZC
Q9NYA1	3VZD
Q9NYA1	4L02
Q9NYA1	4V24
Q96ES7	3LX7
Q96ES7	3ME9
Q96ES7	3MEA
Q96ES7	3MET
Q96ES7	3MEU
Q96ES7	3MEV
Q96ES7	3MEW
Q96ES7	5C0M
P47929	1BKZ
P47929	2GAL
P47929	3GAL
P47929	3ZXE
P47929	3ZXF
P47929	4GAL
P47929	4UW3
P47929	4UW4
P47929	4UW5
P47929	4UW6
P47929	4XBQ
P47929	4Y26
P47929	5GAL
P47929	5H9Q
P47929	5H9S
P47929	6VTO
P47929	6VTP
P47929	6VTQ
P47929	6VTR
P47929	6VTS
P47929	7N4O
P47929	7N57
P47929	7N6C
P47929	7N8D
P47929	7N8G
P47929	7N96
P47929	7RDG
P47929	7TKW
P47929	7TKX
P47929	7TKY
P47929	7TKZ
P47929	7TRN
P47929	7TRO
P47929	7XAC
P47929	7XBL
O60244	7EMF
O60244	7ENA
O60244	7ENC
O60244	7ENJ
O60244	7LBM
O60244	7NVR
O60244	8GXQ
O60244	8GXS
O60244	8T9D
O60244	8TQW
O60244	8TRH
Q9NXZ1	8HPP
Q05066	1HRY
Q05066	1HRZ
Q05066	1J46
Q05066	1J47
Q05066	2GZK
Q05066	6EDB
Q05066	7YHO
Q05066	7YHP
Q05066	7YHQ
Q05066	9BVD
Q7Z5W3	6L8U
P56199	1PT6
P56199	1QC5
P56199	1QCY
P56199	2L8S
P56199	2M32
P56199	4A0Q
P56199	5HGJ
Q92747	6YW7
P49356	1JCQ
P49356	1LD7
P49356	1LD8
P49356	1MZC
P49356	1S63
P49356	1SA4
P49356	1TN6
P49356	2F0Y
P49356	2H6F
P49356	2H6G
P49356	2H6H
P49356	2H6I
P49356	2IEJ
P49356	3E37
O95147	2WGP
P15309	1CVI
P15309	1ND5
P15309	1ND6
P15309	2HPA
P15309	2L3H
P15309	2L77
P15309	2L79
P15309	2MG0
P15309	3PPD
P15309	7ZZV
P15309	8XJ4
P56589	3AJB
P56589	3MK4
Q12884	1Z68
Q12884	6Y0F
P78540	1PQ3
P78540	4HZE
P78540	4I06
P78540	4IE2
P78540	4IE3
P78540	4IXU
P78540	4IXV
P78540	6Q37
P78540	6Q39
P78540	6SS2
P78540	6SS4
P78540	6SS6
Q92796	1UM7
Q92796	2FE5
Q92796	2I1N
Q13415	5UJ7
Q13415	5UJM
Q13415	6P3W
Q13415	7CTF
Q13415	7CTG
Q13415	7JPO
Q13415	7JPP
Q13415	7JPR
Q13415	7JPS
Q13415	8S0C
Q13415	8S0D
Q13415	8S0E
Q13415	8S0F
P31689	2LO1
P31689	2M6Y
P31689	6E8M
P31689	8E2O
P49427	2OB4
P49427	3RZ3
P49427	4MDK
P49427	7M2K
P49427	8RX0
Q9Y259	2IG7
Q9Y259	3FEG
Q9Y259	3LQ3
O43463	3MTS
Q13938	3E3R
Q9H0U6	3J7Y
Q9H0U6	5OOL
Q9H0U6	5OOM
Q9H0U6	6NU2
Q9H0U6	6NU3
Q9H0U6	6ZM5
Q9H0U6	6ZM6
Q9H0U6	6ZSA
Q9H0U6	6ZSB
Q9H0U6	6ZSC
Q9H0U6	6ZSD
Q9H0U6	6ZSE
Q9H0U6	6ZSG
Q9H0U6	7A5F
Q9H0U6	7A5G
Q9H0U6	7A5J
Q9H0U6	7ODR
Q9H0U6	7ODS
Q9H0U6	7ODT
Q9H0U6	7OF0
Q9H0U6	7OF2
Q9H0U6	7OF3
Q9H0U6	7OF4
Q9H0U6	7OF5
Q9H0U6	7OF6
Q9H0U6	7OF7
Q9H0U6	7OG4
Q9H0U6	7OI6
Q9H0U6	7OI7
Q9H0U6	7OI8
Q9H0U6	7OI9
Q9H0U6	7OIA
Q9H0U6	7OIB
Q9H0U6	7OIC
Q9H0U6	7OID
Q9H0U6	7OIE
Q9H0U6	7PD3
Q9H0U6	7PO4
Q9H0U6	7QH6
Q9H0U6	7QH7
Q9H0U6	7QI4
Q9H0U6	7QI5
Q9H0U6	7QI6
Q9H0U6	8ANY
Q9H0U6	8OIR
Q9H0U6	8OIT
Q9H0U6	8PK0
Q9H0U6	8QSJ
Q9H0U6	8QU1
Q9H0U6	8QU5
Q9Y466	4XAJ
P23942	7ZW1
Q9Y666	7D99
P09001	3J7Y
P09001	3J9M
P09001	5OOL
P09001	5OOM
P09001	6I9R
P09001	6NU2
P09001	6NU3
P09001	6VLZ
P09001	6VMI
P09001	6ZM5
P09001	6ZM6
P09001	6ZS9
P09001	6ZSA
P09001	6ZSB
P09001	6ZSC
P09001	6ZSD
P09001	6ZSE
P09001	6ZSG
P09001	7A5F
P09001	7A5G
P09001	7A5H
P09001	7A5I
P09001	7A5J
P09001	7A5K
P09001	7L08
P09001	7L20
P09001	7O9K
P09001	7O9M
P09001	7ODR
P09001	7ODS
P09001	7ODT
P09001	7OF0
P09001	7OF2
P09001	7OF3
P09001	7OF4
P09001	7OF5
P09001	7OF6
P09001	7OF7
P09001	7OG4
P09001	7OI6
P09001	7OI7
P09001	7OI8
P09001	7OI9
P09001	7OIA
P09001	7OIB
P09001	7OIC
P09001	7OID
P09001	7OIE
P09001	7PD3
P09001	7PO4
P09001	7QH6
P09001	7QH7
P09001	7QI4
P09001	7QI5
P09001	7QI6
P09001	8ANY
P09001	8K2A
P09001	8K2B
P09001	8OIR
P09001	8OIT
P09001	8PK0
P09001	8QSJ
P09001	8QU1
P09001	8QU5
P09001	8XT0
P09001	8XT1
P09001	8XT2
P09001	8XT3
Q99598	3PJA
Q99598	3QB5
P07320	1H4A
P07320	1HK0
P07320	2G98
P07320	2KFB
P07320	2KLJ
P07320	4GR7
P07320	4JGF
P07320	6ETA
P07320	6ETC
P07320	6W5B
P07320	6WCY
P07320	7P53
P07320	8BD0
P07320	8BPI
P07320	8Q3L
Q8WXX0	6RZA
Q8WXX0	8J07
Q96J94	2L5C
Q96J94	2L5D
Q96J94	3O3I
Q96J94	3O6E
Q96J94	3O7V
Q96J94	6PI7
P50552	1EGX
P50552	1USD
P50552	1USE
P50552	2PAV
P50552	2PBD
P50552	3CHW
P50552	8GAT
P50552	8GAU
P01588	1BUY
P01588	1CN4
P01588	1EER
Q86W42	7APK
Q86W42	7ZNK
Q86W42	7ZNL
P12004	1AXC
P12004	1U76
P12004	1U7B
P12004	1UL1
P12004	1VYJ
P12004	1VYM
P12004	1W60
P12004	2ZVK
P12004	2ZVL
P12004	2ZVM
P12004	3JA9
P12004	3P87
P12004	3TBL
P12004	3VKX
P12004	3WGW
P12004	4D2G
P12004	4RJF
P12004	4ZTD
P12004	5E0T
P12004	5E0U
P12004	5E0V
P12004	5IY4
P12004	5MAV
P12004	5MLO
P12004	5MLW
P12004	5MOM
P12004	5YCO
P12004	5YD8
P12004	6CBI
P12004	6EHT
P12004	6FCM
P12004	6FCN
P12004	6GIS
P12004	6GWS
P12004	6HVO
P12004	6K3A
P12004	6QC0
P12004	6QCG
P12004	6S1M
P12004	6S1N
P12004	6S1O
P12004	6TNY
P12004	6TNZ
P12004	6VVO
P12004	7EFA
P12004	7KQ0
P12004	7KQ1
P12004	7M5L
P12004	7M5M
P12004	7M5N
P12004	7NV0
P12004	7NV1
P12004	7QNZ
P12004	7QO1
P12004	8B8T
P12004	8COB
P12004	8E84
P12004	8F5Q
P12004	8GCJ
P12004	8GL9
P12004	8GLA
P12004	8UI7
P12004	8UI8
P12004	8UI9
P12004	8UII
P12004	8UMT
P12004	8UMU
P12004	8UMV
P12004	8UMW
P12004	8UMY
P12004	8UN0
P12004	9B8S
P12004	9B8T
P12004	9F6D
P12004	9F6E
P12004	9F6F
Q8IZP6	2CSY
Q15762	6ISB
Q15762	6O3O
P32320	1MQ0
P04155	1HI7
P04155	1PS2
P04155	6V1D
Q9Y2Y1	7A6H
Q9Y2Y1	7AE1
Q9Y2Y1	7AE3
Q9Y2Y1	7AEA
Q9Y2Y1	7AST
Q9Y2Y1	7D58
Q9Y2Y1	7D59
Q9Y2Y1	7DN3
Q9Y2Y1	7DU2
Q9Y2Y1	7FJI
Q9Y2Y1	7FJJ
Q9Y2Y1	8ITY
Q9Y2Y1	8IUE
Q9Y2Y1	8IUH
Q8WTR2	3S4E
Q8WTR2	4D3P
Q8WTR2	4D3Q
Q8WTR2	4D3R
Q15126	3CH4
Q16270	8IVD
Q8NFZ5	5H07
P08185	2VDX
P08185	2VDY
P08185	4BB2
P08185	4C41
P08185	4C49
Q6P5Q4	4RWT
Q6P5Q4	5WFN
Q6P5Q4	6UT2
Q99748	5MR4
Q99748	5MR5
Q99748	5MR9
Q99748	5NMZ
Q99748	6GL7
Q99748	6Q2O
Q99748	6Q2R
Q9Y3B2	2NN6
Q9Y3B2	6D6Q
Q9Y3B2	6D6R
Q9Y3B2	6H25
Q9Y3B2	9G8M
Q9HB89	7W53
Q9HB89	7W56
Q6ZMU5	3KB5
Q6ZMU5	7XT2
Q6ZMU5	7Y4S
Q8N9L9	3K2I
O43824	7OF2
O43824	7OF4
O43824	7OF6
P19099	4DVQ
P19099	4FDH
P19099	4ZGX
P19099	6XZ8
P19099	6XZ9
P19099	7M8I
P19099	7M8V
Q5T440	6GEU
Q5T440	6QE3
Q5T440	6QE4
Q16394	7SCH
Q16394	7SCJ
Q16394	7SCK
Q16394	7UQX
Q16394	7UQY
Q16394	7ZAY
O75324	1ZZA
Q00577	8CHT
Q00577	8CHU
Q00577	8CHV
Q00577	8CHW
A6NL82	7UNG
A6NL82	8J07
P01911	1A6A
P01911	1AQD
P01911	1BX2
P01911	1D5M
P01911	1D5X
P01911	1D5Z
P01911	1D6E
P01911	1DLH
P01911	1FYT
P01911	1HXY
P01911	1J8H
P01911	1JWM
P01911	1JWS
P01911	1JWU
P01911	1KG0
P01911	1KLG
P01911	1KLU
P01911	1LO5
P01911	1PYW
P01911	1R5I
P01911	1SEB
P01911	1SJE
P01911	1SJH
P01911	1T5W
P01911	1T5X
P01911	1YMM
P01911	2FSE
P01911	2G9H
P01911	2IAM
P01911	2IAN
P01911	2ICW
P01911	2IPK
P01911	2OJE
P01911	2SEB
P01911	2WBJ
P01911	2XN9
P01911	3L6F
P01911	3O6F
P01911	3PDO
P01911	3PGC
P01911	3PGD
P01911	3QXA
P01911	3QXD
P01911	3S4S
P01911	3S5L
P01911	3T0E
P01911	4AEN
P01911	4AH2
P01911	4C56
P01911	4E41
P01911	4FQX
P01911	4GBX
P01911	4I5B
P01911	4IS6
P01911	4MCY
P01911	4MCZ
P01911	4MD0
P01911	4MD4
P01911	4MD5
P01911	4MDI
P01911	4MDJ
P01911	4OV5
P01911	4X5W
P01911	4X5X
P01911	4Y19
P01911	4Y1A
P01911	5JLZ
P01911	5LAX
P01911	5NI9
P01911	5NIG
P01911	6BIJ
P01911	6BIL
P01911	6BIN
P01911	6BIR
P01911	6BIV
P01911	6BIX
P01911	6BIY
P01911	6BIZ
P01911	6CPL
P01911	6CPN
P01911	6CPO
P01911	6CQJ
P01911	6CQL
P01911	6CQN
P01911	6CQQ
P01911	6CQR
P01911	6HBY
P01911	6NIX
P01911	6QZA
P01911	6QZC
P01911	6QZD
P01911	6R0E
P01911	6V0Y
P01911	6V13
P01911	6V15
P01911	6V18
P01911	6V19
P01911	6V1A
P01911	8PJG
P01911	8TBP
P01911	8TRL
P01911	8TRQ
P01911	8TRR
P01911	8VRW
Q96NG3	8J07
A8MTJ3	8VY9
A8MTJ3	8XQP
A8MTJ3	8YKY
Q99558	4DN5
Q99558	4G3D
Q99558	4IDT
Q99558	4IDV
Q99558	6WPP
Q99558	6Z1Q
Q99558	6Z1T
Q99558	8YHW
Q9UHR4	2KXC
Q9UHR4	2LNH
Q13761	5W69
Q16661	1UYA
Q16661	1UYB
Q9UK32	6G76
Q9UK32	6G77
Q9UK32	6G78
P13866	7SL8
P13866	7SLA
P13866	7WMV
P13866	7YNI
Q9UBT3	5O57
Q8TEK3	1NW3
Q8TEK3	2MV7
Q8TEK3	3QOW
Q8TEK3	3QOX
Q8TEK3	3SR4
Q8TEK3	3SX0
Q8TEK3	3UWP
Q8TEK3	4EK9
Q8TEK3	4EKG
Q8TEK3	4EKI
Q8TEK3	4EQZ
Q8TEK3	4ER0
Q8TEK3	4ER3
Q8TEK3	4ER5
Q8TEK3	4ER6
Q8TEK3	4ER7
Q8TEK3	4HRA
Q8TEK3	4WVL
Q8TEK3	5DRT
Q8TEK3	5DRY
Q8TEK3	5DSX
Q8TEK3	5DT2
Q8TEK3	5DTM
Q8TEK3	5DTQ
Q8TEK3	5DTR
Q8TEK3	5JUW
Q8TEK3	5MVS
Q8TEK3	5MW3
Q8TEK3	5MW4
Q8TEK3	6IN3
Q8TEK3	6J99
Q8TEK3	6JM9
Q8TEK3	6JMA
Q8TEK3	6JN2
Q8TEK3	6NJ9
Q8TEK3	6NN6
Q8TEK3	6NOG
Q8TEK3	6NQA
Q8TEK3	6O96
Q8TEK3	6TE6
Q8TEK3	6TEL
Q8TEK3	6TEN
Q8TEK3	7BWD
Q8TEK3	7EDP
Q8TEK3	7S7E
Q8TEK3	7S7F
Q8TEK3	7XCR
Q8TEK3	7XCT
Q99453	7MJA
Q99453	8EK5
Q99453	8P7G
Q99453	8PTL
Q99453	8PUI
Q9P246	2L5Y
Q16552	2VXS
Q16552	4HR9
Q16552	4HSA
Q16552	4QHU
Q16552	5HHV
Q16552	5HHX
Q16552	5HI3
Q16552	5HI4
Q16552	5HI5
Q16552	5N7W
Q16552	5N92
Q16552	5NAN
Q16552	5VB9
Q16552	6WIO
Q16552	6WIR
Q16552	7AMA
Q16552	7AMG
Q16552	7UWM
Q16552	7UWN
Q16552	7WKX
Q16552	7Z2M
Q16552	7ZAN
Q16552	8B7W
Q16552	8CDG
Q16552	8DY1
Q16552	8DY5
Q16552	8DYF
Q16552	8DYG
Q16552	8DYH
Q16552	8DYI
Q16552	8USR
Q16552	8USS
Q16552	9FKX
Q16552	9FL3
O75554	2DK1
O75554	2JXW
O75554	5O9Z
O75554	6AHD
O75554	7OS1
O75554	8H6K
O75554	8H6L
O75554	8Q7N
O75554	8QO9
O75554	8QPE
O75554	8QZS
Q14749	1R74
Q14749	2AZT
P19086	8DZS
P61009	7P2P
P61009	7P2Q
Q9BSW2	6PSD
P02649	1B68
P02649	1BZ4
P02649	1EA8
P02649	1GS9
P02649	1H7I
P02649	1LE2
P02649	1LE4
P02649	1LPE
P02649	1NFN
P02649	1NFO
P02649	1OEF
P02649	1OEG
P02649	1OR2
P02649	1OR3
P02649	2KC3
P02649	2KNY
P02649	2L7B
P02649	6IWB
P02649	6NCN
P02649	6NCO
P02649	7FCR
P02649	7FCS
P02649	7UVJ
P02649	8AX8
P02649	8AX9
P02649	8CDY
P02649	8CE0
P02649	8GRX
P19474	2IWG
P19474	5JPX
P19474	5OLM
P19474	6FGA
P19474	6S53
P19474	7BBD
P19474	8A58
P19474	8Y58
P19474	8Y59
P19474	8Y5B
Q92783	2L0A
Q92783	3F1I
Q92783	3LDZ
Q9P015	3J7Y
Q9P015	3J9M
Q9P015	5OOL
Q9P015	5OOM
Q9P015	6I9R
Q9P015	6NU2
Q9P015	6NU3
Q9P015	6VLZ
Q9P015	6VMI
Q9P015	6ZM5
Q9P015	6ZM6
Q9P015	6ZS9
Q9P015	6ZSA
Q9P015	6ZSB
Q9P015	6ZSC
Q9P015	6ZSD
Q9P015	6ZSE
Q9P015	6ZSG
Q9P015	7A5F
Q9P015	7A5G
Q9P015	7A5H
Q9P015	7A5I
Q9P015	7A5J
Q9P015	7A5K
Q9P015	7L08
Q9P015	7L20
Q9P015	7O9K
Q9P015	7O9M
Q9P015	7ODR
Q9P015	7ODS
Q9P015	7ODT
Q9P015	7OF0
Q9P015	7OF2
Q9P015	7OF3
Q9P015	7OF4
Q9P015	7OF5
Q9P015	7OF6
Q9P015	7OF7
Q9P015	7OG4
Q9P015	7OI6
Q9P015	7OI7
Q9P015	7OI8
Q9P015	7OI9
Q9P015	7OIA
Q9P015	7OIB
Q9P015	7OIC
Q9P015	7OID
Q9P015	7OIE
Q9P015	7PD3
Q9P015	7PO4
Q9P015	7QH6
Q9P015	7QH7
Q9P015	7QI4
Q9P015	7QI5
Q9P015	7QI6
Q9P015	8ANY
Q9P015	8K2A
Q9P015	8K2B
Q9P015	8OIR
Q9P015	8OIT
Q9P015	8PK0
Q9P015	8QSJ
Q9P015	8QU1
Q9P015	8QU5
Q9P015	8XT0
Q9P015	8XT1
Q9P015	8XT2
Q9P015	8XT3
Q9H9H4	6VME
Q9NRR6	2XSW
P56182	8FKP
P56182	8FKR
P56182	8FKT
P56182	8FKV
P00352	4WB9
P00352	4WJ9
P00352	4WP7
P00352	4WPN
P00352	4X4L
P00352	5AC2
P00352	5L2M
P00352	5L2N
P00352	5L2O
P00352	5TEI
P00352	6DUM
P00352	7JWS
P00352	7JWT
P00352	7JWU
P00352	7JWV
P00352	7JWW
P00352	7UM9
P00352	8D46
P00352	8DNO
P00352	8ENE
P00352	8PVH
P00352	8T0N
P00352	8T0T
P00352	8WFQ
Q9H5U6	6UCA
Q02156	2WH0
Q02156	5LIH
Q6UVK1	7ML7
Q6UVK1	7N8X
Q6UVK1	7N9Y
P55316	7CBY
Q17RS7	5T9J
Q96GD4	4AF3
P25025	4Q3H
P25025	5TYT
P25025	6KVA
P25025	6KVF
P25025	6LFM
P25025	6LFO
P58012	7VOU
P58012	7VOV
Q69YH5	5INB
Q69YH5	5IOH
Q69YH5	5SW9
P09525	2ZOC
P62701	4UG0
P62701	4V6X
P62701	5A2Q
P62701	5LKS
P62701	5OA3
P62701	5T2C
P62701	5VYC
P62701	6FEC
P62701	6G18
P62701	6G4S
P62701	6G4W
P62701	6G51
P62701	6G53
P62701	6G5H
P62701	6G5I
P62701	6IP5
P62701	6IP6
P62701	6IP8
P62701	6OLE
P62701	6OLF
P62701	6OLI
P62701	6OM0
P62701	6OM7
P62701	6QZP
P62701	6XA1
P62701	6Y0G
P62701	6Y2L
P62701	6Y57
P62701	6YBW
P62701	6Z6L
P62701	6Z6M
P62701	6Z6N
P62701	6ZLW
P62701	6ZM7
P62701	6ZME
P62701	6ZMI
P62701	6ZMO
P62701	6ZMT
P62701	6ZMW
P62701	6ZN5
P62701	6ZOJ
P62701	6ZOK
P62701	6ZON
P62701	6ZP4
P62701	6ZUO
P62701	6ZV6
P62701	6ZVH
P62701	6ZVJ
P62701	6ZXD
P62701	6ZXE
P62701	6ZXF
P62701	6ZXG
P62701	6ZXH
P62701	7A09
P62701	7K5I
P62701	7MQ8
P62701	7MQA
P62701	7QP6
P62701	7QP7
P62701	7QVP
P62701	7R4X
P62701	7TQL
P62701	7WTS
P62701	7WTT
P62701	7WTU
P62701	7WTV
P62701	7WTW
P62701	7WTX
P62701	7WTZ
P62701	7WU0
P62701	7XNX
P62701	7XNY
P62701	8G5Y
P62701	8G60
P62701	8G61
P62701	8G6J
P62701	8GLP
P62701	8IFD
P62701	8IFE
P62701	8JDJ
P62701	8JDK
P62701	8JDL
P62701	8JDM
P62701	8K2C
P62701	8OZ0
P62701	8PJ1
P62701	8PJ2
P62701	8PJ3
P62701	8PJ4
P62701	8PJ5
P62701	8PJ6
P62701	8PPK
P62701	8PPL
P62701	8QOI
P62701	8T4S
P62701	8XSX
P62701	8XSY
P62701	8XSZ
P62701	8XXL
P62701	8XXM
P62701	8XXN
P62701	8Y0W
P62701	8Y0X
P62701	8YOO
P62701	8YOP
P62701	9BKD
P62701	9BLN
P62701	9G8M
O14931	3NOI
O14931	3PV6
O14931	6YJP
P26641	1PBU
P26641	5DQS
P26641	5JPO
O95164	2GOW
P11279	8ATH
P11279	8FY5
P11279	8FYF
O14684	3DWW
O14684	4AL0
O14684	4AL1
O14684	4BPM
O14684	4WAB
O14684	4YK5
O14684	4YL0
O14684	4YL1
O14684	4YL3
O14684	5BQG
O14684	5BQH
O14684	5BQI
O14684	5K0I
O14684	5T36
O14684	5T37
O14684	5TL9
O14684	6VL4
O14684	8PYV
Q8NBF2	6G7W
Q8NBF2	6GC1
P50750	3BLH
P50750	3BLQ
P50750	3BLR
P50750	3LQ5
P50750	3MI9
P50750	3MIA
P50750	3MY1
P50750	3TN8
P50750	3TNH
P50750	3TNI
P50750	4BCF
P50750	4BCG
P50750	4BCH
P50750	4BCI
P50750	4BCJ
P50750	4EC8
P50750	4EC9
P50750	4IMY
P50750	4OGR
P50750	4OR5
P50750	5L1Z
P50750	6CYT
P50750	6GZH
P50750	6W9E
P50750	6Z45
P50750	7NWK
P50750	8I0L
P50750	8K5R
Q5VTR2	5TRB
Q5VTR2	8GUI
Q5VTR2	8GUJ
Q5VTR2	8IEJ
Q9Y3D9	3J9M
Q9Y3D9	6NU2
Q9Y3D9	6NU3
Q9Y3D9	6RW4
Q9Y3D9	6RW5
Q9Y3D9	6VLZ
Q9Y3D9	6VMI
Q9Y3D9	6ZM5
Q9Y3D9	6ZM6
Q9Y3D9	6ZS9
Q9Y3D9	6ZSA
Q9Y3D9	6ZSB
Q9Y3D9	6ZSC
Q9Y3D9	6ZSD
Q9Y3D9	6ZSE
Q9Y3D9	6ZSG
Q9Y3D9	7A5F
Q9Y3D9	7A5G
Q9Y3D9	7A5I
Q9Y3D9	7A5K
Q9Y3D9	7L08
Q9Y3D9	7OG4
Q9Y3D9	7P2E
Q9Y3D9	7PNX
Q9Y3D9	7PNY
Q9Y3D9	7PNZ
Q9Y3D9	7PO0
Q9Y3D9	7PO1
Q9Y3D9	7PO2
Q9Y3D9	7PO3
Q9Y3D9	7QI4
Q9Y3D9	7QI5
Q9Y3D9	7QI6
Q9Y3D9	8ANY
Q9Y3D9	8CSP
Q9Y3D9	8CSQ
Q9Y3D9	8CSR
Q9Y3D9	8CSS
Q9Y3D9	8CST
Q9Y3D9	8CSU
Q9Y3D9	8K2A
Q9Y3D9	8OIR
Q9Y3D9	8OIS
Q9Y3D9	8QRK
Q9Y3D9	8QRL
Q9Y3D9	8QRM
Q9Y3D9	8QRN
Q9Y3D9	8XT0
Q9Y3D9	8XT2
Q15768	4BKF
P10109	3N9Y
P10109	3N9Z
P10109	3NA0
P10109	3NA1
P10109	3P1M
P10109	7M8I
A6NJV1	7UNG
A6NJV1	8J07
O75628	2NZJ
P05162	1HLC
P05162	5DG1
P05162	5DG2
P05162	5EWS
Q9UMX3	6CKV
Q9HAV4	3A6P
Q9HAV4	5YU6
Q9HAV4	5YU7
Q9NXN4	4UML
Q8N159	4K30
Q6P988	4UYU
Q6P988	4UYW
Q6P988	4UYZ
Q6P988	4UZ1
Q6P988	4UZ5
Q6P988	4UZ6
Q6P988	4UZ7
Q6P988	4UZ9
Q6P988	4UZA
Q6P988	4UZL
Q6P988	4UZQ
Q6P988	4WBH
Q6P988	6R8P
Q6P988	6R8Q
Q6P988	6R8R
Q6P988	6T2H
Q6P988	6T2K
Q6P988	6TR5
Q6P988	6TR6
Q6P988	6TR7
Q6P988	6TUZ
Q6P988	6TV4
Q6P988	6YSK
Q6P988	6YUW
Q6P988	6YUY
Q6P988	6YV0
Q6P988	6YV2
Q6P988	6YV4
Q6P988	6YXI
Q6P988	6ZUV
Q6P988	6ZVL
Q6P988	6ZYF
Q6P988	7ARG
Q6P988	7B2V
Q6P988	7B2Y
Q6P988	7B2Z
Q6P988	7B37
Q6P988	7B3F
Q6P988	7B3G
Q6P988	7B3H
Q6P988	7B3I
Q6P988	7B3P
Q6P988	7B3X
Q6P988	7B45
Q6P988	7B4X
Q6P988	7B50
Q6P988	7B7W
Q6P988	7B7X
Q6P988	7B7Y
Q6P988	7B84
Q6P988	7B86
Q6P988	7B87
Q6P988	7B89
Q6P988	7B8A
Q6P988	7B8C
Q6P988	7B8D
Q6P988	7B8F
Q6P988	7B8G
Q6P988	7B8J
Q6P988	7B8K
Q6P988	7B8L
Q6P988	7B8M
Q6P988	7B8N
Q6P988	7B8O
Q6P988	7B8U
Q6P988	7B8X
Q6P988	7B8Y
Q6P988	7B8Z
Q6P988	7B98
Q6P988	7B99
Q6P988	7B9D
Q6P988	7B9I
Q6P988	7B9N
Q6P988	7B9U
Q6P988	7BA1
Q6P988	7BAC
Q6P988	7BAP
Q6P988	7BC8
Q6P988	7BC9
Q6P988	7BCC
Q6P988	7BCD
Q6P988	7BCF
Q6P988	7BCH
Q6P988	7BCI
Q6P988	7BCK
Q6P988	7BCL
Q6P988	7BD2
Q6P988	7BD3
Q6P988	7BD4
Q6P988	7BD5
Q6P988	7BD6
Q6P988	7BD8
Q6P988	7BD9
Q6P988	7BDA
Q6P988	7BDB
Q6P988	7BDC
Q6P988	7BDD
Q6P988	7BDF
Q6P988	7BDG
Q6P988	7BDH
Q6P988	7BLI
Q6P988	7BLS
Q6P988	7BLT
Q6P988	7BLU
Q6P988	7BLW
Q6P988	7BM1
Q6P988	7BM3
Q6P988	7BM7
Q6P988	7BMB
Q6P988	7BMD
Q6P988	7BN5
Q6P988	7BN8
Q6P988	7BNB
Q6P988	7BNC
Q6P988	7BND
Q6P988	7BNE
Q6P988	7BNF
Q6P988	7BNJ
Q6P988	7BNL
Q6P988	7BO1
Q6P988	7BO2
Q6P988	7BO5
Q6P988	7PJR
Q6P988	7PK3
Q6P988	7PKV
Q6P988	7QVZ
Q6P988	8BSP
Q6P988	8BSQ
Q6P988	8BSR
Q6P988	8BSZ
Q6P988	8BT0
Q6P988	8BT2
Q6P988	8BT5
Q6P988	8BT7
Q6P988	8BT8
Q6P988	8BTA
Q6P988	8BTC
Q6P988	8BTE
Q6P988	8BTH
Q6P988	8BTI
Q9BRG1	2ZME
Q9BRG1	3CUQ
Q9BRG1	3HTU
Q9BZY9	2YSJ
Q9BZY9	2YSL
O15213	7MQ8
O15213	7MQ9
O15213	7MQA
Q9Y2C9	4OM7
P62253	2AWF
P62253	6D68
Q86X95	6ZYM
Q86X95	8I0W
Q14541	1LV2
P20908	7Y37
P06727	3S84
Q05901	8A5U
P78356	1BO1
P78356	3WZZ
P78356	3X01
P78356	3X02
P78356	3X03
P78356	3X04
P78356	3X05
P78356	3X06
P78356	3X07
P78356	3X08
P78356	3X09
P78356	3X0A
P78356	3X0B
P78356	3X0C
P78356	6K4G
P78356	6K4H
P78356	7EM1
P78356	7EM2
P78356	7EM3
P78356	7EM4
P78356	7EM5
P78356	7EM6
P78356	7EM7
P78356	7EM8
P78356	7N80
P78356	7N81
P18084	7S46
P18084	7S47
P18084	7S48
O43482	7SFY
P41159	1AX8
P41159	7Z3Q
P41159	8AVE
P41159	8AVF
P41159	8AVO
P41159	8K6Z
P41159	8X80
P41159	8X81
P41159	8X85
Q14315	1V05
Q14315	2D7M
Q14315	2D7N
Q14315	2D7O
Q14315	2D7P
Q14315	2D7Q
Q14315	2K9U
Q14315	2NQC
Q14315	3V8O
Q14315	4MGX
Q14315	7OUU
Q14315	7OUV
Q14315	7P0E
Q14315	8PA0
P02671	1BBR
P02671	1DM4
P02671	1FPH
P02671	1FZA
P02671	1FZB
P02671	1FZC
P02671	1FZD
P02671	1FZE
P02671	1FZF
P02671	1FZG
P02671	1LT9
P02671	1LTJ
P02671	1N86
P02671	1N8E
P02671	1RE3
P02671	1RE4
P02671	1RF0
P02671	1RF1
P02671	1YCP
P02671	2A45
P02671	2FFD
P02671	2H43
P02671	2HLO
P02671	2HOD
P02671	2HPC
P02671	2OYH
P02671	2OYI
P02671	2Q9I
P02671	2XNX
P02671	2XNY
P02671	2Z4E
P02671	3AT0
P02671	3BVH
P02671	3E1I
P02671	3GHG
P02671	3H32
P02671	3HUS
P02671	4F27
P02671	5CFA
Q96RD7	6LTN
Q96RD7	6LTO
Q96RD7	6M02
Q96RD7	6M66
Q96RD7	6M67
Q96RD7	6M68
Q96RD7	6V6D
Q96RD7	6WBF
Q96RD7	6WBG
Q96RD7	6WBI
Q96RD7	6WBK
Q96RD7	6WBL
Q96RD7	6WBM
Q96RD7	6WBN
Q96RD7	7DWB
Q96RD7	7F8J
Q96RD7	7F8N
Q96RD7	7F8O
Q96RD7	7WSV
Q96RD7	8GTS
Q96RD7	8GTT
Q96RD7	8GYO
P08620	1IJT
O60264	6NE3
O60264	8V4Y
O60264	8V6V
O60264	8V7L
Q9UPT8	2CQE
Q8N697	8JZR
Q8N697	8JZS
Q8N697	8JZU
Q8N697	8JZX
Q8N697	8P6A
Q8N697	8QSK
Q8N697	8QSL
Q8N697	8QSM
Q8N697	8QSN
Q8N697	8WX3
Q8N697	8WX4
Q8N697	8WX5
Q30154	1FV1
Q30154	1H15
Q30154	1HQR
Q30154	1ZGL
Q96CF2	3C3R
Q96CF2	5MK3
Q96CF2	5V3R
Q96CF2	5WA1
Q8N104	2LWL
Q8IV16	6E7K
Q8IV16	6OAU
Q8IV16	6OAZ
Q8IV16	6OB0
P09237	1MMP
P09237	1MMQ
P09237	1MMR
P09237	2DDY
P09237	2MZE
P09237	2MZH
P09237	2MZI
P09237	2Y6C
P09237	2Y6D
P09237	5UE2
P09237	5UE5
P09237	7WXX
P09237	8JUD
P09237	8JUF
P09237	8JUG
P09237	8K4Z
Q53GL0	3AA1
Q9UNA0	2RJQ
Q9UNA0	3B8Z
Q9UNA0	3HY7
Q9UNA0	3HY9
Q9UNA0	3HYG
Q9UNA0	3LJT
Q9UNA0	6YJM
P57052	2YWK
P14780	1GKC
P14780	1GKD
P14780	1ITV
P14780	1L6J
P14780	2OVX
P14780	2OVZ
P14780	2OW0
P14780	2OW1
P14780	2OW2
P14780	4H1Q
P14780	4H2E
P14780	4H3X
P14780	4H82
P14780	4HMA
P14780	4JIJ
P14780	4JQG
P14780	4WZV
P14780	4XCT
P14780	5CUH
P14780	5I12
P14780	5TH6
P14780	5TH9
P14780	5UE3
P14780	5UE4
P14780	6ESM
P14780	8K5V
P14780	8K5W
P14780	8K5X
P14780	8K5Y
Q92871	2FUC
Q92871	2FUE
Q92871	6CFR
Q92871	6CFS
Q92871	6CFT
Q92871	6CFU
Q92871	6CFV
Q9BYD6	7A5K
Q9BYD6	7QI4
Q9BYD6	7QI5
Q9BYD6	7QI6
Q9BYD6	8ANY
Q9BYD6	8OIR
Q9BYD6	8OIT
Q9NYH9	7MQ8
Q9NYH9	7MQ9
Q9NYH9	7MQA
Q8IWU9	4V06
Q8IWU9	7QRI
Q8IWU9	7WIY
O60674	2B7A
O60674	2W1I
O60674	2XA4
O60674	3E62
O60674	3E63
O60674	3E64
O60674	3FUP
O60674	3IO7
O60674	3IOK
O60674	3JY9
O60674	3KCK
O60674	3KRR
O60674	3LPB
O60674	3Q32
O60674	3RVG
O60674	3TJC
O60674	3TJD
O60674	3UGC
O60674	3ZMM
O60674	4AQC
O60674	4BBE
O60674	4BBF
O60674	4C61
O60674	4C62
O60674	4D0W
O60674	4D0X
O60674	4D1S
O60674	4E4M
O60674	4E6D
O60674	4E6Q
O60674	4F08
O60674	4F09
O60674	4FVP
O60674	4FVQ
O60674	4FVR
O60674	4GFM
O60674	4GMY
O60674	4HGE
O60674	4IVA
O60674	4JI9
O60674	4JIA
O60674	4P7E
O60674	4YTC
O60674	4YTF
O60674	4YTH
O60674	4YTI
O60674	4Z32
O60674	4ZIM
O60674	5AEP
O60674	5CF4
O60674	5CF5
O60674	5CF6
O60674	5CF8
O60674	5HEZ
O60674	5I4N
O60674	5L3A
O60674	5TQ3
O60674	5TQ4
O60674	5TQ5
O60674	5TQ6
O60674	5TQ7
O60674	5TQ8
O60674	5USY
O60674	5USZ
O60674	5UT0
O60674	5UT1
O60674	5UT2
O60674	5UT3
O60674	5UT4
O60674	5UT5
O60674	5UT6
O60674	5WEV
O60674	5WIJ
O60674	5WIK
O60674	5WIL
O60674	5WIM
O60674	5WIN
O60674	6AAJ
O60674	6BBV
O60674	6BRW
O60674	6BS0
O60674	6BSS
O60674	6D2I
O60674	6DRW
O60674	6E2P
O60674	6E2Q
O60674	6G3C
O60674	6M9H
O60674	6OAV
O60674	6OBB
O60674	6OBF
O60674	6OBL
O60674	6OCC
O60674	6TPD
O60674	6VGL
O60674	6VN8
O60674	6VNB
O60674	6VNC
O60674	6VNE
O60674	6VNF
O60674	6VNG
O60674	6VNH
O60674	6VNI
O60674	6VNJ
O60674	6VNK
O60674	6VNL
O60674	6VNM
O60674	6VS3
O60674	6VSN
O60674	6WTN
O60674	6WTO
O60674	6WTP
O60674	6WTQ
O60674	6X8E
O60674	6XJK
O60674	7F7W
O60674	7JYO
O60674	7JYQ
O60674	7LL4
O60674	7LL5
O60674	7Q7I
O60674	7Q7K
O60674	7Q7L
O60674	7Q7W
O60674	7REE
O60674	7RN6
O60674	7SZW
O60674	7T0P
O60674	7T1T
O60674	7TEU
O60674	7UYW
O60674	8B8N
O60674	8B8U
O60674	8B99
O60674	8B9E
O60674	8B9H
O60674	8BA2
O60674	8BA3
O60674	8BA4
O60674	8BAB
O60674	8BAK
O60674	8BM2
O60674	8BPV
O60674	8BPW
O60674	8BX6
O60674	8BX9
O60674	8BXC
O60674	8BXH
O60674	8C08
O60674	8C09
O60674	8C0A
O60674	8CZ9
O60674	8EX0
O60674	8EX1
O60674	8EX2
O60674	8EXK
O60674	8EYA
O60674	8EYB
O60674	8F88
O60674	8G6Z
O60674	8G8O
O60674	8G8X
Q9Y231	8D0O
Q9Y231	8D0P
Q9Y231	8D0Q
Q9Y231	8D0R
Q9Y231	8D0S
Q9Y231	8D0U
Q9Y231	8D0W
Q9Y231	8D0X
Q6UWW0	2XST
Q9BZE4	6LSS
Q9BZE4	6LU8
Q9BZE4	8FKP
Q9BZE4	8FKQ
Q9BZE4	8FKR
Q9BZE4	8FKS
Q9BZE4	8FKT
Q9BZE4	8FKU
Q9BZE4	8FKV
Q9BZE4	8FKW
Q9BZE4	8FKX
Q9BZE4	8FKY
Q9BZE4	8FKZ
Q9BZE4	8FL0
Q9BZE4	8FL2
Q9BZE4	8FL3
Q9BZE4	8FL4
Q9BZE4	8FL6
Q9BZE4	8FL7
Q9BZE4	8FL9
Q9BZE4	8FLA
Q9BZE4	8FLB
Q9BZE4	8FLC
Q9BZE4	8FLD
Q9BZE4	8FLE
Q9BZE4	8FLF
Q9BZE4	8IDT
Q9BZE4	8IDY
Q9BZE4	8IE3
Q9BZE4	8INE
Q9BZE4	8INF
Q9BZE4	8INK
Q9BZE4	8IPD
Q9BZE4	8IPX
Q9BZE4	8IPY
Q9BZE4	8IR1
Q9BZE4	8IR3
Q6ZNE5	6HOL
Q6ZNE5	8SOR
Q6ZNE5	9C82
Q15652	2YPD
Q15652	5FZO
Q15652	9GDK
P41208	1M39
P41208	1ZMZ
P41208	2A4J
P41208	2GGM
P41208	2K2I
P41208	2OBH
P41208	8EBS
P41208	8EBT
P41208	8EBV
P41208	8EBW
P41208	8EBX
P41208	8J07
Q9H0U4	3JZA
Q9H0U4	3NKV
Q9H0U4	4HLQ
Q9H0U4	4I1O
Q9H0U4	5O74
Q9H0U4	5SZH
Q9H0U4	5SZK
Q9H0U4	6SKU
Q9H0U4	8ALK
Q96A98	7F16
P30837	7MJC
P30837	7MJD
P30837	7RAD
Q7L0Q8	2Q3H
Q9BSF4	7CGP
Q15744	3T92
Q68J44	2Y96
P07451	1Z93
P07451	1Z97
P07451	2HFW
P07451	3UYN
P07451	3UYQ
O43896	2G1L
Q3B726	7OB9
Q3B726	7OBA
Q3B726	7OBB
Q3B726	7VBA
Q3B726	7VBB
Q3B726	7VBC
Q8IY92	4M7C
Q8IY92	4UYI
Q8IY92	4ZOU
Q8IY92	7BU5
Q8IY92	7TUJ
P05164	1CXP
P05164	1D2V
P05164	1D5L
P05164	1D7W
P05164	1DNU
P05164	1DNW
P05164	1MHL
P05164	1MYP
P05164	3F9P
P05164	3ZS0
P05164	3ZS1
P05164	4C1M
P05164	4DL1
P05164	4EJX
P05164	5FIW
P05164	5MFA
P05164	5UZU
P05164	6AZP
P05164	6BMT
P05164	7OIH
P08100	4ZWJ
P08100	5DGY
P08100	5W0P
P08100	6CMO
Q8N4E4	3EVI
Q92979	5FAI
Q92979	7MQ8
Q92979	7MQ9
Q92979	7MQA
Q9UGM1	4D01
Q9UGM1	4UXU
Q9UGM1	4UY2
Q9UGM1	6HY7
O95750	1PWA
O95750	2P23
O95750	6KTR
O95750	6NFJ
P14653	1B72
P0DUB6	1C8Q
P0DUB6	1JXJ
P0DUB6	1JXK
P0DUB6	1MFU
P0DUB6	1MFV
P0DUB6	1NM9
P0DUB6	1Q4N
P0DUB6	1SMD
P0DUB6	1XV8
P0DUB6	1Z32
P0DUB6	3BLK
P0DUB6	3BLP
P0DUB6	3DHP
Q9BXA5	8JPN
Q9BXA5	8JPP
Q9BXA5	8WOG
Q9BXA5	8WP1
Q9BXA5	8YKV
Q9BXA5	8YKW
Q9BXA5	8YKX
Q9H2J4	7NVM
Q9H2J4	8I1U
Q9H2J4	8I6J
Q9H2J4	8I9Q
Q9H2J4	8I9U
Q9H2J4	8IB8
O43395	1X4Q
O43395	3JCR
O43395	5O9Z
O43395	6AH0
O43395	6AHD
O43395	6QW6
O43395	6QX9
O43395	7N2N
O43395	7N2R
O43395	7N2S
O43395	8H6E
O43395	8H6J
O43395	8H6K
O43395	8H6L
O43395	8Q7N
O43395	8QO9
O43395	8QOZ
O43395	8QP8
O43395	8QP9
O43395	8QPA
O43395	8QPB
O43395	8QPE
O43395	8QXD
O43395	8QZS
O43395	8R08
O43395	8R09
O43395	8R0A
O43395	8R0B
O43395	8RM5
O43395	8Y6O
O43488	2BP1
Q15428	5Z56
Q15428	5Z57
Q15428	5Z58
Q15428	6AH0
Q15428	6AHD
Q15428	6FF4
Q15428	6FF7
Q15428	6QX9
Q15428	6Y53
Q15428	6Y5Q
Q15428	7ABG
Q15428	7ABH
Q15428	7ABI
Q15428	7EVO
Q15428	7ONB
Q15428	7Q4O
Q15428	7Q4P
Q15428	7QTT
Q15428	7VPX
Q15428	8CH6
Q15428	8H6E
Q15428	8H6J
Q15428	8H6K
Q15428	8H6L
Q15428	8HK1
Q15428	8I0P
Q15428	8I0R
Q15428	8I0S
Q15428	8I0T
Q15428	8QO9
Q15428	8QXD
Q15428	8QZS
Q15428	8R08
Q15428	8R09
Q15428	8R0A
Q15428	8R0B
Q15428	8RM5
Q96GY3	7N40
Q96GY3	7R1D
